PARAFILE=C:\Users\bauerr\pdxpop540\parafiles\mpiwini8_awnf.pnm, PROTOCOL=MPI, NODES= 3
TABLE NO.     1: Stochastic Approximation Expectation-Maximization (No Prior): Goal Function=FINAL VALUE OF LIKELIHOOD FUNCTION: Problem=1 Subproblem=0 Superproblem1=0 Iteration1=0 Superproblem2=0 Iteration2=0
 ITERATION         -500
 STARTING SUBJECTS          1 TO       34 ON MANAGER: OK
 STARTING SUBJECTS         35 TO       67 ON WORKER1: OK
 STARTING SUBJECTS         68 TO      100 ON WORKER2: OK
 COLLECTING SUBJECTS        1 TO       34 ON MANAGER
 COLLECTING SUBJECTS       35 TO       67 ON WORKER1
 COLLECTING SUBJECTS       68 TO      100 ON WORKER2
 Tot. mngr. proc.   Time for this  Iteration  (DDD:HH:MM:SS.DD) 000:00:00:00.00
 Total Load         Time for this  Iteration  (DDD:HH:MM:SS.DD) 000:00:00:00.03
 Total Computation  Time for this  Iteration  (DDD:HH:MM:SS.DD) 000:00:00:00.05
 Accum. mngr. proc. Time among all Iterations (DDD:HH:MM:SS.DD) 000:00:00:00.00
 Accumulated Load   Time among all Iterations (DDD:HH:MM:SS.DD) 000:00:00:00.03
 Accumulated Comp.  Time among all Iterations (DDD:HH:MM:SS.DD) 000:00:00:00.05
 Accumulated CPU    Time of present job       (DDD:HH:MM:SS.DD) 000:00:00:00.00
 
 ITERATION         -499
 STARTING SUBJECTS          1 TO       34 ON MANAGER: OK
 STARTING SUBJECTS         35 TO       67 ON WORKER1: OK
 STARTING SUBJECTS         68 TO      100 ON WORKER2: OK
 COLLECTING SUBJECTS        1 TO       34 ON MANAGER
 COLLECTING SUBJECTS       68 TO      100 ON WORKER2
 COLLECTING SUBJECTS       35 TO       67 ON WORKER1
 Tot. mngr. proc.   Time for this  Iteration  (DDD:HH:MM:SS.DD) 000:00:00:00.00
 Total Load         Time for this  Iteration  (DDD:HH:MM:SS.DD) 000:00:00:00.00
 Total Computation  Time for this  Iteration  (DDD:HH:MM:SS.DD) 000:00:00:00.05
 Accum. mngr. proc. Time among all Iterations (DDD:HH:MM:SS.DD) 000:00:00:00.00
 Accumulated Load   Time among all Iterations (DDD:HH:MM:SS.DD) 000:00:00:00.03
 Accumulated Comp.  Time among all Iterations (DDD:HH:MM:SS.DD) 000:00:00:00.09
 Accumulated CPU    Time of present job       (DDD:HH:MM:SS.DD) 000:00:00:00.00
 
 ITERATION         -498
 STARTING SUBJECTS          1 TO       34 ON MANAGER: OK
 STARTING SUBJECTS         35 TO       67 ON WORKER1: OK
 STARTING SUBJECTS         68 TO      100 ON WORKER2: OK
 COLLECTING SUBJECTS        1 TO       34 ON MANAGER
 COLLECTING SUBJECTS       68 TO      100 ON WORKER2
 COLLECTING SUBJECTS       35 TO       67 ON WORKER1
 Tot. mngr. proc.   Time for this  Iteration  (DDD:HH:MM:SS.DD) 000:00:00:00.00
 Total Load         Time for this  Iteration  (DDD:HH:MM:SS.DD) 000:00:00:00.00
 Total Computation  Time for this  Iteration  (DDD:HH:MM:SS.DD) 000:00:00:00.05
 Accum. mngr. proc. Time among all Iterations (DDD:HH:MM:SS.DD) 000:00:00:00.00
 Accumulated Load   Time among all Iterations (DDD:HH:MM:SS.DD) 000:00:00:00.03
 Accumulated Comp.  Time among all Iterations (DDD:HH:MM:SS.DD) 000:00:00:00.14
 Accumulated CPU    Time of present job       (DDD:HH:MM:SS.DD) 000:00:00:00.00
 
 ITERATION         -497
 STARTING SUBJECTS          1 TO       34 ON MANAGER: OK
 STARTING SUBJECTS         35 TO       67 ON WORKER1: OK
 STARTING SUBJECTS         68 TO      100 ON WORKER2: OK
 COLLECTING SUBJECTS        1 TO       34 ON MANAGER
 COLLECTING SUBJECTS       68 TO      100 ON WORKER2
 COLLECTING SUBJECTS       35 TO       67 ON WORKER1
 Tot. mngr. proc.   Time for this  Iteration  (DDD:HH:MM:SS.DD) 000:00:00:00.00
 Total Load         Time for this  Iteration  (DDD:HH:MM:SS.DD) 000:00:00:00.00
 Total Computation  Time for this  Iteration  (DDD:HH:MM:SS.DD) 000:00:00:00.02
 Accum. mngr. proc. Time among all Iterations (DDD:HH:MM:SS.DD) 000:00:00:00.00
 Accumulated Load   Time among all Iterations (DDD:HH:MM:SS.DD) 000:00:00:00.03
 Accumulated Comp.  Time among all Iterations (DDD:HH:MM:SS.DD) 000:00:00:00.16
 Accumulated CPU    Time of present job       (DDD:HH:MM:SS.DD) 000:00:00:00.00
 
 ITERATION         -496
 STARTING SUBJECTS          1 TO       34 ON MANAGER: OK
 STARTING SUBJECTS         35 TO       68 ON WORKER1: OK
 STARTING SUBJECTS         69 TO      100 ON WORKER2: OK
 COLLECTING SUBJECTS        1 TO       34 ON MANAGER
 COLLECTING SUBJECTS       35 TO       68 ON WORKER1
 COLLECTING SUBJECTS       69 TO      100 ON WORKER2
 Tot. mngr. proc.   Time for this  Iteration  (DDD:HH:MM:SS.DD) 000:00:00:00.00
 Total Load         Time for this  Iteration  (DDD:HH:MM:SS.DD) 000:00:00:00.00
 Total Computation  Time for this  Iteration  (DDD:HH:MM:SS.DD) 000:00:00:00.03
 Accum. mngr. proc. Time among all Iterations (DDD:HH:MM:SS.DD) 000:00:00:00.00
 Accumulated Load   Time among all Iterations (DDD:HH:MM:SS.DD) 000:00:00:00.03
 Accumulated Comp.  Time among all Iterations (DDD:HH:MM:SS.DD) 000:00:00:00.19
 Accumulated CPU    Time of present job       (DDD:HH:MM:SS.DD) 000:00:00:00.00
 
 ITERATION         -495
 STARTING SUBJECTS          1 TO       34 ON MANAGER: OK
 STARTING SUBJECTS         35 TO       67 ON WORKER1: OK
 STARTING SUBJECTS         68 TO      100 ON WORKER2: OK
 COLLECTING SUBJECTS        1 TO       34 ON MANAGER
 COLLECTING SUBJECTS       35 TO       67 ON WORKER1
 COLLECTING SUBJECTS       68 TO      100 ON WORKER2
 Tot. mngr. proc.   Time for this  Iteration  (DDD:HH:MM:SS.DD) 000:00:00:00.00
 Total Load         Time for this  Iteration  (DDD:HH:MM:SS.DD) 000:00:00:00.00
 Total Computation  Time for this  Iteration  (DDD:HH:MM:SS.DD) 000:00:00:00.05
 Accum. mngr. proc. Time among all Iterations (DDD:HH:MM:SS.DD) 000:00:00:00.00
 Accumulated Load   Time among all Iterations (DDD:HH:MM:SS.DD) 000:00:00:00.03
 Accumulated Comp.  Time among all Iterations (DDD:HH:MM:SS.DD) 000:00:00:00.23
 Accumulated CPU    Time of present job       (DDD:HH:MM:SS.DD) 000:00:00:00.00
 
 ITERATION         -494
 STARTING SUBJECTS          1 TO       34 ON MANAGER: OK
 STARTING SUBJECTS         35 TO       67 ON WORKER1: OK
 STARTING SUBJECTS         68 TO      100 ON WORKER2: OK
 COLLECTING SUBJECTS        1 TO       34 ON MANAGER
 COLLECTING SUBJECTS       35 TO       67 ON WORKER1
 COLLECTING SUBJECTS       68 TO      100 ON WORKER2
 Tot. mngr. proc.   Time for this  Iteration  (DDD:HH:MM:SS.DD) 000:00:00:00.00
 Total Load         Time for this  Iteration  (DDD:HH:MM:SS.DD) 000:00:00:00.00
 Total Computation  Time for this  Iteration  (DDD:HH:MM:SS.DD) 000:00:00:00.05
 Accum. mngr. proc. Time among all Iterations (DDD:HH:MM:SS.DD) 000:00:00:00.00
 Accumulated Load   Time among all Iterations (DDD:HH:MM:SS.DD) 000:00:00:00.03
 Accumulated Comp.  Time among all Iterations (DDD:HH:MM:SS.DD) 000:00:00:00.28
 Accumulated CPU    Time of present job       (DDD:HH:MM:SS.DD) 000:00:00:00.00
 
 ITERATION         -493
 STARTING SUBJECTS          1 TO       34 ON MANAGER: OK
 STARTING SUBJECTS         35 TO       67 ON WORKER1: OK
 STARTING SUBJECTS         68 TO      100 ON WORKER2: OK
 COLLECTING SUBJECTS        1 TO       34 ON MANAGER
 COLLECTING SUBJECTS       35 TO       67 ON WORKER1
 COLLECTING SUBJECTS       68 TO      100 ON WORKER2
 Tot. mngr. proc.   Time for this  Iteration  (DDD:HH:MM:SS.DD) 000:00:00:00.00
 Total Load         Time for this  Iteration  (DDD:HH:MM:SS.DD) 000:00:00:00.00
 Total Computation  Time for this  Iteration  (DDD:HH:MM:SS.DD) 000:00:00:00.05
 Accum. mngr. proc. Time among all Iterations (DDD:HH:MM:SS.DD) 000:00:00:00.00
 Accumulated Load   Time among all Iterations (DDD:HH:MM:SS.DD) 000:00:00:00.03
 Accumulated Comp.  Time among all Iterations (DDD:HH:MM:SS.DD) 000:00:00:00.33
 Accumulated CPU    Time of present job       (DDD:HH:MM:SS.DD) 000:00:00:00.00
 
 ITERATION         -492
 STARTING SUBJECTS          1 TO       34 ON MANAGER: OK
 STARTING SUBJECTS         35 TO       67 ON WORKER1: OK
 STARTING SUBJECTS         68 TO      100 ON WORKER2: OK
 COLLECTING SUBJECTS        1 TO       34 ON MANAGER
 COLLECTING SUBJECTS       35 TO       67 ON WORKER1
 COLLECTING SUBJECTS       68 TO      100 ON WORKER2
 Tot. mngr. proc.   Time for this  Iteration  (DDD:HH:MM:SS.DD) 000:00:00:00.00
 Total Load         Time for this  Iteration  (DDD:HH:MM:SS.DD) 000:00:00:00.00
 Total Computation  Time for this  Iteration  (DDD:HH:MM:SS.DD) 000:00:00:00.05
 Accum. mngr. proc. Time among all Iterations (DDD:HH:MM:SS.DD) 000:00:00:00.00
 Accumulated Load   Time among all Iterations (DDD:HH:MM:SS.DD) 000:00:00:00.03
 Accumulated Comp.  Time among all Iterations (DDD:HH:MM:SS.DD) 000:00:00:00.38
 Accumulated CPU    Time of present job       (DDD:HH:MM:SS.DD) 000:00:00:00.00
 
 ITERATION         -491
 STARTING SUBJECTS          1 TO       34 ON MANAGER: OK
 STARTING SUBJECTS         35 TO       67 ON WORKER1: OK
 STARTING SUBJECTS         68 TO      100 ON WORKER2: OK
 COLLECTING SUBJECTS        1 TO       34 ON MANAGER
 COLLECTING SUBJECTS       35 TO       67 ON WORKER1
 COLLECTING SUBJECTS       68 TO      100 ON WORKER2
 Tot. mngr. proc.   Time for this  Iteration  (DDD:HH:MM:SS.DD) 000:00:00:00.00
 Total Load         Time for this  Iteration  (DDD:HH:MM:SS.DD) 000:00:00:00.00
 Total Computation  Time for this  Iteration  (DDD:HH:MM:SS.DD) 000:00:00:00.05
 Accum. mngr. proc. Time among all Iterations (DDD:HH:MM:SS.DD) 000:00:00:00.00
 Accumulated Load   Time among all Iterations (DDD:HH:MM:SS.DD) 000:00:00:00.03
 Accumulated Comp.  Time among all Iterations (DDD:HH:MM:SS.DD) 000:00:00:00.42
 Accumulated CPU    Time of present job       (DDD:HH:MM:SS.DD) 000:00:00:00.00
 
 ITERATION         -490
 STARTING SUBJECTS          1 TO       34 ON MANAGER: OK
 STARTING SUBJECTS         35 TO       67 ON WORKER1: OK
 STARTING SUBJECTS         68 TO      100 ON WORKER2: OK
 COLLECTING SUBJECTS        1 TO       34 ON MANAGER
 COLLECTING SUBJECTS       68 TO      100 ON WORKER2
 COLLECTING SUBJECTS       35 TO       67 ON WORKER1
 Tot. mngr. proc.   Time for this  Iteration  (DDD:HH:MM:SS.DD) 000:00:00:00.00
 Total Load         Time for this  Iteration  (DDD:HH:MM:SS.DD) 000:00:00:00.00
 Total Computation  Time for this  Iteration  (DDD:HH:MM:SS.DD) 000:00:00:00.05
 Accum. mngr. proc. Time among all Iterations (DDD:HH:MM:SS.DD) 000:00:00:00.00
 Accumulated Load   Time among all Iterations (DDD:HH:MM:SS.DD) 000:00:00:00.03
 Accumulated Comp.  Time among all Iterations (DDD:HH:MM:SS.DD) 000:00:00:00.47
 Accumulated CPU    Time of present job       (DDD:HH:MM:SS.DD) 000:00:00:00.00
 
 ITERATION         -489
 STARTING SUBJECTS          1 TO       34 ON MANAGER: OK
 STARTING SUBJECTS         35 TO       67 ON WORKER1: OK
 STARTING SUBJECTS         68 TO      100 ON WORKER2: OK
 COLLECTING SUBJECTS        1 TO       34 ON MANAGER
 COLLECTING SUBJECTS       35 TO       67 ON WORKER1
 COLLECTING SUBJECTS       68 TO      100 ON WORKER2
 Tot. mngr. proc.   Time for this  Iteration  (DDD:HH:MM:SS.DD) 000:00:00:00.00
 Total Load         Time for this  Iteration  (DDD:HH:MM:SS.DD) 000:00:00:00.00
 Total Computation  Time for this  Iteration  (DDD:HH:MM:SS.DD) 000:00:00:01.02
 Accum. mngr. proc. Time among all Iterations (DDD:HH:MM:SS.DD) 000:00:00:00.00
 Accumulated Load   Time among all Iterations (DDD:HH:MM:SS.DD) 000:00:00:00.03
 Accumulated Comp.  Time among all Iterations (DDD:HH:MM:SS.DD) 000:00:00:01.49
 Accumulated CPU    Time of present job       (DDD:HH:MM:SS.DD) 000:00:00:00.00
 
 ITERATION         -488
 STARTING SUBJECTS          1 TO       34 ON MANAGER: OK
 STARTING SUBJECTS         35 TO       67 ON WORKER1: OK
 STARTING SUBJECTS         68 TO      100 ON WORKER2: OK
 COLLECTING SUBJECTS        1 TO       34 ON MANAGER
 COLLECTING SUBJECTS       68 TO      100 ON WORKER2
 COLLECTING SUBJECTS       35 TO       67 ON WORKER1
 Tot. mngr. proc.   Time for this  Iteration  (DDD:HH:MM:SS.DD) 000:00:00:00.00
 Total Load         Time for this  Iteration  (DDD:HH:MM:SS.DD) 000:00:00:00.00
 Total Computation  Time for this  Iteration  (DDD:HH:MM:SS.DD) 000:00:00:00.02
 Accum. mngr. proc. Time among all Iterations (DDD:HH:MM:SS.DD) 000:00:00:00.00
 Accumulated Load   Time among all Iterations (DDD:HH:MM:SS.DD) 000:00:00:00.03
 Accumulated Comp.  Time among all Iterations (DDD:HH:MM:SS.DD) 000:00:00:01.50
 Accumulated CPU    Time of present job       (DDD:HH:MM:SS.DD) 000:00:00:00.00
 
 ITERATION         -487
 STARTING SUBJECTS          1 TO       34 ON MANAGER: OK
 STARTING SUBJECTS         35 TO       67 ON WORKER1: OK
 STARTING SUBJECTS         68 TO      100 ON WORKER2: OK
 COLLECTING SUBJECTS        1 TO       34 ON MANAGER
 COLLECTING SUBJECTS       35 TO       67 ON WORKER1
 COLLECTING SUBJECTS       68 TO      100 ON WORKER2
 Tot. mngr. proc.   Time for this  Iteration  (DDD:HH:MM:SS.DD) 000:00:00:00.00
 Total Load         Time for this  Iteration  (DDD:HH:MM:SS.DD) 000:00:00:00.00
 Total Computation  Time for this  Iteration  (DDD:HH:MM:SS.DD) 000:00:00:00.05
 Accum. mngr. proc. Time among all Iterations (DDD:HH:MM:SS.DD) 000:00:00:00.00
 Accumulated Load   Time among all Iterations (DDD:HH:MM:SS.DD) 000:00:00:00.03
 Accumulated Comp.  Time among all Iterations (DDD:HH:MM:SS.DD) 000:00:00:01.55
 Accumulated CPU    Time of present job       (DDD:HH:MM:SS.DD) 000:00:00:00.00
 
 ITERATION         -486
 STARTING SUBJECTS          1 TO       34 ON MANAGER: OK
 STARTING SUBJECTS         35 TO       67 ON WORKER1: OK
 STARTING SUBJECTS         68 TO      100 ON WORKER2: OK
 COLLECTING SUBJECTS        1 TO       34 ON MANAGER
 COLLECTING SUBJECTS       35 TO       67 ON WORKER1
 COLLECTING SUBJECTS       68 TO      100 ON WORKER2
 Tot. mngr. proc.   Time for this  Iteration  (DDD:HH:MM:SS.DD) 000:00:00:00.00
 Total Load         Time for this  Iteration  (DDD:HH:MM:SS.DD) 000:00:00:00.00
 Total Computation  Time for this  Iteration  (DDD:HH:MM:SS.DD) 000:00:00:00.05
 Accum. mngr. proc. Time among all Iterations (DDD:HH:MM:SS.DD) 000:00:00:00.00
 Accumulated Load   Time among all Iterations (DDD:HH:MM:SS.DD) 000:00:00:00.03
 Accumulated Comp.  Time among all Iterations (DDD:HH:MM:SS.DD) 000:00:00:01.60
 Accumulated CPU    Time of present job       (DDD:HH:MM:SS.DD) 000:00:00:00.00
 
 ITERATION         -485
 STARTING SUBJECTS          1 TO       34 ON MANAGER: OK
 STARTING SUBJECTS         35 TO       67 ON WORKER1: OK
 STARTING SUBJECTS         68 TO      100 ON WORKER2: OK
 COLLECTING SUBJECTS        1 TO       34 ON MANAGER
 COLLECTING SUBJECTS       35 TO       67 ON WORKER1
 COLLECTING SUBJECTS       68 TO      100 ON WORKER2
 Tot. mngr. proc.   Time for this  Iteration  (DDD:HH:MM:SS.DD) 000:00:00:00.02
 Total Load         Time for this  Iteration  (DDD:HH:MM:SS.DD) 000:00:00:00.00
 Total Computation  Time for this  Iteration  (DDD:HH:MM:SS.DD) 000:00:00:00.05
 Accum. mngr. proc. Time among all Iterations (DDD:HH:MM:SS.DD) 000:00:00:00.02
 Accumulated Load   Time among all Iterations (DDD:HH:MM:SS.DD) 000:00:00:00.03
 Accumulated Comp.  Time among all Iterations (DDD:HH:MM:SS.DD) 000:00:00:01.64
 Accumulated CPU    Time of present job       (DDD:HH:MM:SS.DD) 000:00:00:00.00
 
 ITERATION         -484
 STARTING SUBJECTS          1 TO       34 ON MANAGER: OK
 STARTING SUBJECTS         35 TO       67 ON WORKER1: OK
 STARTING SUBJECTS         68 TO      100 ON WORKER2: OK
 COLLECTING SUBJECTS        1 TO       34 ON MANAGER
 COLLECTING SUBJECTS       68 TO      100 ON WORKER2
 COLLECTING SUBJECTS       35 TO       67 ON WORKER1
 Tot. mngr. proc.   Time for this  Iteration  (DDD:HH:MM:SS.DD) 000:00:00:00.00
 Total Load         Time for this  Iteration  (DDD:HH:MM:SS.DD) 000:00:00:00.00
 Total Computation  Time for this  Iteration  (DDD:HH:MM:SS.DD) 000:00:00:01.02
 Accum. mngr. proc. Time among all Iterations (DDD:HH:MM:SS.DD) 000:00:00:00.02
 Accumulated Load   Time among all Iterations (DDD:HH:MM:SS.DD) 000:00:00:00.03
 Accumulated Comp.  Time among all Iterations (DDD:HH:MM:SS.DD) 000:00:00:02.66
 Accumulated CPU    Time of present job       (DDD:HH:MM:SS.DD) 000:00:00:00.00
 
 ITERATION         -483
 STARTING SUBJECTS          1 TO       34 ON MANAGER: OK
 STARTING SUBJECTS         35 TO       67 ON WORKER1: OK
 STARTING SUBJECTS         68 TO      100 ON WORKER2: OK
 COLLECTING SUBJECTS        1 TO       34 ON MANAGER
 COLLECTING SUBJECTS       68 TO      100 ON WORKER2
 COLLECTING SUBJECTS       35 TO       67 ON WORKER1
 Tot. mngr. proc.   Time for this  Iteration  (DDD:HH:MM:SS.DD) 000:00:00:00.00
 Total Load         Time for this  Iteration  (DDD:HH:MM:SS.DD) 000:00:00:00.00
 Total Computation  Time for this  Iteration  (DDD:HH:MM:SS.DD) 000:00:00:00.03
 Accum. mngr. proc. Time among all Iterations (DDD:HH:MM:SS.DD) 000:00:00:00.02
 Accumulated Load   Time among all Iterations (DDD:HH:MM:SS.DD) 000:00:00:00.03
 Accumulated Comp.  Time among all Iterations (DDD:HH:MM:SS.DD) 000:00:00:02.69
 Accumulated CPU    Time of present job       (DDD:HH:MM:SS.DD) 000:00:00:00.00
 
 ITERATION         -482
 STARTING SUBJECTS          1 TO       34 ON MANAGER: OK
 STARTING SUBJECTS         35 TO       67 ON WORKER1: OK
 STARTING SUBJECTS         68 TO      100 ON WORKER2: OK
 COLLECTING SUBJECTS        1 TO       34 ON MANAGER
 COLLECTING SUBJECTS       35 TO       67 ON WORKER1
 COLLECTING SUBJECTS       68 TO      100 ON WORKER2
 Tot. mngr. proc.   Time for this  Iteration  (DDD:HH:MM:SS.DD) 000:00:00:00.00
 Total Load         Time for this  Iteration  (DDD:HH:MM:SS.DD) 000:00:00:00.00
 Total Computation  Time for this  Iteration  (DDD:HH:MM:SS.DD) 000:00:00:00.05
 Accum. mngr. proc. Time among all Iterations (DDD:HH:MM:SS.DD) 000:00:00:00.02
 Accumulated Load   Time among all Iterations (DDD:HH:MM:SS.DD) 000:00:00:00.03
 Accumulated Comp.  Time among all Iterations (DDD:HH:MM:SS.DD) 000:00:00:02.74
 Accumulated CPU    Time of present job       (DDD:HH:MM:SS.DD) 000:00:00:00.00
 
 ITERATION         -481
 STARTING SUBJECTS          1 TO       34 ON MANAGER: OK
 STARTING SUBJECTS         35 TO       67 ON WORKER1: OK
 STARTING SUBJECTS         68 TO      100 ON WORKER2: OK
 COLLECTING SUBJECTS        1 TO       34 ON MANAGER
 COLLECTING SUBJECTS       68 TO      100 ON WORKER2
 COLLECTING SUBJECTS       35 TO       67 ON WORKER1
 Tot. mngr. proc.   Time for this  Iteration  (DDD:HH:MM:SS.DD) 000:00:00:00.00
 Total Load         Time for this  Iteration  (DDD:HH:MM:SS.DD) 000:00:00:00.00
 Total Computation  Time for this  Iteration  (DDD:HH:MM:SS.DD) 000:00:00:00.05
 Accum. mngr. proc. Time among all Iterations (DDD:HH:MM:SS.DD) 000:00:00:00.02
 Accumulated Load   Time among all Iterations (DDD:HH:MM:SS.DD) 000:00:00:00.03
 Accumulated Comp.  Time among all Iterations (DDD:HH:MM:SS.DD) 000:00:00:02.78
 Accumulated CPU    Time of present job       (DDD:HH:MM:SS.DD) 000:00:00:00.00
 
 ITERATION         -480
 STARTING SUBJECTS          1 TO       34 ON MANAGER: OK
 STARTING SUBJECTS         35 TO       67 ON WORKER1: OK
 STARTING SUBJECTS         68 TO      100 ON WORKER2: OK
 COLLECTING SUBJECTS        1 TO       34 ON MANAGER
 COLLECTING SUBJECTS       68 TO      100 ON WORKER2
 COLLECTING SUBJECTS       35 TO       67 ON WORKER1
 Tot. mngr. proc.   Time for this  Iteration  (DDD:HH:MM:SS.DD) 000:00:00:00.00
 Total Load         Time for this  Iteration  (DDD:HH:MM:SS.DD) 000:00:00:00.00
 Total Computation  Time for this  Iteration  (DDD:HH:MM:SS.DD) 000:00:00:00.05
 Accum. mngr. proc. Time among all Iterations (DDD:HH:MM:SS.DD) 000:00:00:00.02
 Accumulated Load   Time among all Iterations (DDD:HH:MM:SS.DD) 000:00:00:00.03
 Accumulated Comp.  Time among all Iterations (DDD:HH:MM:SS.DD) 000:00:00:02.83
 Accumulated CPU    Time of present job       (DDD:HH:MM:SS.DD) 000:00:00:00.00
 
 ITERATION         -479
 STARTING SUBJECTS          1 TO       34 ON MANAGER: OK
 STARTING SUBJECTS         35 TO       67 ON WORKER1: OK
 STARTING SUBJECTS         68 TO      100 ON WORKER2: OK
 COLLECTING SUBJECTS        1 TO       34 ON MANAGER
 COLLECTING SUBJECTS       68 TO      100 ON WORKER2
 COLLECTING SUBJECTS       35 TO       67 ON WORKER1
 Tot. mngr. proc.   Time for this  Iteration  (DDD:HH:MM:SS.DD) 000:00:00:00.00
 Total Load         Time for this  Iteration  (DDD:HH:MM:SS.DD) 000:00:00:00.00
 Total Computation  Time for this  Iteration  (DDD:HH:MM:SS.DD) 000:00:00:00.05
 Accum. mngr. proc. Time among all Iterations (DDD:HH:MM:SS.DD) 000:00:00:00.02
 Accumulated Load   Time among all Iterations (DDD:HH:MM:SS.DD) 000:00:00:00.03
 Accumulated Comp.  Time among all Iterations (DDD:HH:MM:SS.DD) 000:00:00:02.88
 Accumulated CPU    Time of present job       (DDD:HH:MM:SS.DD) 000:00:00:00.00
 
 ITERATION         -478
 STARTING SUBJECTS          1 TO       34 ON MANAGER: OK
 STARTING SUBJECTS         35 TO       67 ON WORKER1: OK
 STARTING SUBJECTS         68 TO      100 ON WORKER2: OK
 COLLECTING SUBJECTS        1 TO       34 ON MANAGER
 COLLECTING SUBJECTS       35 TO       67 ON WORKER1
 COLLECTING SUBJECTS       68 TO      100 ON WORKER2
 Tot. mngr. proc.   Time for this  Iteration  (DDD:HH:MM:SS.DD) 000:00:00:00.00
 Total Load         Time for this  Iteration  (DDD:HH:MM:SS.DD) 000:00:00:00.00
 Total Computation  Time for this  Iteration  (DDD:HH:MM:SS.DD) 000:00:00:00.05
 Accum. mngr. proc. Time among all Iterations (DDD:HH:MM:SS.DD) 000:00:00:00.02
 Accumulated Load   Time among all Iterations (DDD:HH:MM:SS.DD) 000:00:00:00.03
 Accumulated Comp.  Time among all Iterations (DDD:HH:MM:SS.DD) 000:00:00:02.92
 Accumulated CPU    Time of present job       (DDD:HH:MM:SS.DD) 000:00:00:00.00
 
 ITERATION         -477
 STARTING SUBJECTS          1 TO       34 ON MANAGER: OK
 STARTING SUBJECTS         35 TO       67 ON WORKER1: OK
 STARTING SUBJECTS         68 TO      100 ON WORKER2: OK
 COLLECTING SUBJECTS        1 TO       34 ON MANAGER
 COLLECTING SUBJECTS       35 TO       67 ON WORKER1
 COLLECTING SUBJECTS       68 TO      100 ON WORKER2
 Tot. mngr. proc.   Time for this  Iteration  (DDD:HH:MM:SS.DD) 000:00:00:00.00
 Total Load         Time for this  Iteration  (DDD:HH:MM:SS.DD) 000:00:00:00.00
 Total Computation  Time for this  Iteration  (DDD:HH:MM:SS.DD) 000:00:00:00.05
 Accum. mngr. proc. Time among all Iterations (DDD:HH:MM:SS.DD) 000:00:00:00.02
 Accumulated Load   Time among all Iterations (DDD:HH:MM:SS.DD) 000:00:00:00.03
 Accumulated Comp.  Time among all Iterations (DDD:HH:MM:SS.DD) 000:00:00:02.97
 Accumulated CPU    Time of present job       (DDD:HH:MM:SS.DD) 000:00:00:00.00
 
 ITERATION         -476
 STARTING SUBJECTS          1 TO       34 ON MANAGER: OK
 STARTING SUBJECTS         35 TO       67 ON WORKER1: OK
 STARTING SUBJECTS         68 TO      100 ON WORKER2: OK
 COLLECTING SUBJECTS        1 TO       34 ON MANAGER
 COLLECTING SUBJECTS       35 TO       67 ON WORKER1
 COLLECTING SUBJECTS       68 TO      100 ON WORKER2
 Tot. mngr. proc.   Time for this  Iteration  (DDD:HH:MM:SS.DD) 000:00:00:00.00
 Total Load         Time for this  Iteration  (DDD:HH:MM:SS.DD) 000:00:00:00.00
 Total Computation  Time for this  Iteration  (DDD:HH:MM:SS.DD) 000:00:00:01.02
 Accum. mngr. proc. Time among all Iterations (DDD:HH:MM:SS.DD) 000:00:00:00.02
 Accumulated Load   Time among all Iterations (DDD:HH:MM:SS.DD) 000:00:00:00.03
 Accumulated Comp.  Time among all Iterations (DDD:HH:MM:SS.DD) 000:00:00:03.99
 Accumulated CPU    Time of present job       (DDD:HH:MM:SS.DD) 000:00:00:00.00
 
 ITERATION         -475
 STARTING SUBJECTS          1 TO       34 ON MANAGER: OK
 STARTING SUBJECTS         35 TO       67 ON WORKER1: OK
 STARTING SUBJECTS         68 TO      100 ON WORKER2: OK
 COLLECTING SUBJECTS        1 TO       34 ON MANAGER
 COLLECTING SUBJECTS       68 TO      100 ON WORKER2
 COLLECTING SUBJECTS       35 TO       67 ON WORKER1
 Tot. mngr. proc.   Time for this  Iteration  (DDD:HH:MM:SS.DD) 000:00:00:00.00
 Total Load         Time for this  Iteration  (DDD:HH:MM:SS.DD) 000:00:00:00.00
 Total Computation  Time for this  Iteration  (DDD:HH:MM:SS.DD) 000:00:00:00.05
 Accum. mngr. proc. Time among all Iterations (DDD:HH:MM:SS.DD) 000:00:00:00.02
 Accumulated Load   Time among all Iterations (DDD:HH:MM:SS.DD) 000:00:00:00.03
 Accumulated Comp.  Time among all Iterations (DDD:HH:MM:SS.DD) 000:00:00:04.04
 Accumulated CPU    Time of present job       (DDD:HH:MM:SS.DD) 000:00:00:00.00
 
 ITERATION         -474
 STARTING SUBJECTS          1 TO       34 ON MANAGER: OK
 STARTING SUBJECTS         35 TO       67 ON WORKER1: OK
 STARTING SUBJECTS         68 TO      100 ON WORKER2: OK
 COLLECTING SUBJECTS        1 TO       34 ON MANAGER
 COLLECTING SUBJECTS       35 TO       67 ON WORKER1
 COLLECTING SUBJECTS       68 TO      100 ON WORKER2
 Tot. mngr. proc.   Time for this  Iteration  (DDD:HH:MM:SS.DD) 000:00:00:00.00
 Total Load         Time for this  Iteration  (DDD:HH:MM:SS.DD) 000:00:00:00.00
 Total Computation  Time for this  Iteration  (DDD:HH:MM:SS.DD) 000:00:00:00.05
 Accum. mngr. proc. Time among all Iterations (DDD:HH:MM:SS.DD) 000:00:00:00.02
 Accumulated Load   Time among all Iterations (DDD:HH:MM:SS.DD) 000:00:00:00.03
 Accumulated Comp.  Time among all Iterations (DDD:HH:MM:SS.DD) 000:00:00:04.08
 Accumulated CPU    Time of present job       (DDD:HH:MM:SS.DD) 000:00:00:00.00
 
 ITERATION         -473
 STARTING SUBJECTS          1 TO       34 ON MANAGER: OK
 STARTING SUBJECTS         35 TO       67 ON WORKER1: OK
 STARTING SUBJECTS         68 TO      100 ON WORKER2: OK
 COLLECTING SUBJECTS        1 TO       34 ON MANAGER
 COLLECTING SUBJECTS       68 TO      100 ON WORKER2
 COLLECTING SUBJECTS       35 TO       67 ON WORKER1
 Tot. mngr. proc.   Time for this  Iteration  (DDD:HH:MM:SS.DD) 000:00:00:00.00
 Total Load         Time for this  Iteration  (DDD:HH:MM:SS.DD) 000:00:00:00.00
 Total Computation  Time for this  Iteration  (DDD:HH:MM:SS.DD) 000:00:00:00.05
 Accum. mngr. proc. Time among all Iterations (DDD:HH:MM:SS.DD) 000:00:00:00.02
 Accumulated Load   Time among all Iterations (DDD:HH:MM:SS.DD) 000:00:00:00.03
 Accumulated Comp.  Time among all Iterations (DDD:HH:MM:SS.DD) 000:00:00:04.13
 Accumulated CPU    Time of present job       (DDD:HH:MM:SS.DD) 000:00:00:00.00
 
 ITERATION         -472
 STARTING SUBJECTS          1 TO       34 ON MANAGER: OK
 STARTING SUBJECTS         35 TO       67 ON WORKER1: OK
 STARTING SUBJECTS         68 TO      100 ON WORKER2: OK
 COLLECTING SUBJECTS        1 TO       34 ON MANAGER
 COLLECTING SUBJECTS       68 TO      100 ON WORKER2
 COLLECTING SUBJECTS       35 TO       67 ON WORKER1
 Tot. mngr. proc.   Time for this  Iteration  (DDD:HH:MM:SS.DD) 000:00:00:00.00
 Total Load         Time for this  Iteration  (DDD:HH:MM:SS.DD) 000:00:00:00.00
 Total Computation  Time for this  Iteration  (DDD:HH:MM:SS.DD) 000:00:00:00.05
 Accum. mngr. proc. Time among all Iterations (DDD:HH:MM:SS.DD) 000:00:00:00.02
 Accumulated Load   Time among all Iterations (DDD:HH:MM:SS.DD) 000:00:00:00.03
 Accumulated Comp.  Time among all Iterations (DDD:HH:MM:SS.DD) 000:00:00:04.18
 Accumulated CPU    Time of present job       (DDD:HH:MM:SS.DD) 000:00:00:00.00
 
 ITERATION         -471
 STARTING SUBJECTS          1 TO       34 ON MANAGER: OK
 STARTING SUBJECTS         35 TO       67 ON WORKER1: OK
 STARTING SUBJECTS         68 TO      100 ON WORKER2: OK
 COLLECTING SUBJECTS        1 TO       34 ON MANAGER
 COLLECTING SUBJECTS       68 TO      100 ON WORKER2
 COLLECTING SUBJECTS       35 TO       67 ON WORKER1
 Tot. mngr. proc.   Time for this  Iteration  (DDD:HH:MM:SS.DD) 000:00:00:00.00
 Total Load         Time for this  Iteration  (DDD:HH:MM:SS.DD) 000:00:00:00.00
 Total Computation  Time for this  Iteration  (DDD:HH:MM:SS.DD) 000:00:00:00.05
 Accum. mngr. proc. Time among all Iterations (DDD:HH:MM:SS.DD) 000:00:00:00.02
 Accumulated Load   Time among all Iterations (DDD:HH:MM:SS.DD) 000:00:00:00.03
 Accumulated Comp.  Time among all Iterations (DDD:HH:MM:SS.DD) 000:00:00:04.22
 Accumulated CPU    Time of present job       (DDD:HH:MM:SS.DD) 000:00:00:00.00
 
 ITERATION         -470
 STARTING SUBJECTS          1 TO       34 ON MANAGER: OK
 STARTING SUBJECTS         35 TO       67 ON WORKER1: OK
 STARTING SUBJECTS         68 TO      100 ON WORKER2: OK
 COLLECTING SUBJECTS        1 TO       34 ON MANAGER
 COLLECTING SUBJECTS       68 TO      100 ON WORKER2
 COLLECTING SUBJECTS       35 TO       67 ON WORKER1
 Tot. mngr. proc.   Time for this  Iteration  (DDD:HH:MM:SS.DD) 000:00:00:00.00
 Total Load         Time for this  Iteration  (DDD:HH:MM:SS.DD) 000:00:00:00.00
 Total Computation  Time for this  Iteration  (DDD:HH:MM:SS.DD) 000:00:00:00.05
 Accum. mngr. proc. Time among all Iterations (DDD:HH:MM:SS.DD) 000:00:00:00.02
 Accumulated Load   Time among all Iterations (DDD:HH:MM:SS.DD) 000:00:00:00.03
 Accumulated Comp.  Time among all Iterations (DDD:HH:MM:SS.DD) 000:00:00:04.27
 Accumulated CPU    Time of present job       (DDD:HH:MM:SS.DD) 000:00:00:00.00
 
 ITERATION         -469
 STARTING SUBJECTS          1 TO       34 ON MANAGER: OK
 STARTING SUBJECTS         35 TO       67 ON WORKER1: OK
 STARTING SUBJECTS         68 TO      100 ON WORKER2: OK
 COLLECTING SUBJECTS        1 TO       34 ON MANAGER
 COLLECTING SUBJECTS       68 TO      100 ON WORKER2
 COLLECTING SUBJECTS       35 TO       67 ON WORKER1
 Tot. mngr. proc.   Time for this  Iteration  (DDD:HH:MM:SS.DD) 000:00:00:00.00
 Total Load         Time for this  Iteration  (DDD:HH:MM:SS.DD) 000:00:00:00.00
 Total Computation  Time for this  Iteration  (DDD:HH:MM:SS.DD) 000:00:00:00.05
 Accum. mngr. proc. Time among all Iterations (DDD:HH:MM:SS.DD) 000:00:00:00.02
 Accumulated Load   Time among all Iterations (DDD:HH:MM:SS.DD) 000:00:00:00.03
 Accumulated Comp.  Time among all Iterations (DDD:HH:MM:SS.DD) 000:00:00:04.32
 Accumulated CPU    Time of present job       (DDD:HH:MM:SS.DD) 000:00:00:00.00
 
 ITERATION         -468
 STARTING SUBJECTS          1 TO       34 ON MANAGER: OK
 STARTING SUBJECTS         35 TO       67 ON WORKER1: OK
 STARTING SUBJECTS         68 TO      100 ON WORKER2: OK
 COLLECTING SUBJECTS        1 TO       34 ON MANAGER
 COLLECTING SUBJECTS       68 TO      100 ON WORKER2
 COLLECTING SUBJECTS       35 TO       67 ON WORKER1
 Tot. mngr. proc.   Time for this  Iteration  (DDD:HH:MM:SS.DD) 000:00:00:00.00
 Total Load         Time for this  Iteration  (DDD:HH:MM:SS.DD) 000:00:00:00.00
 Total Computation  Time for this  Iteration  (DDD:HH:MM:SS.DD) 000:00:00:00.05
 Accum. mngr. proc. Time among all Iterations (DDD:HH:MM:SS.DD) 000:00:00:00.02
 Accumulated Load   Time among all Iterations (DDD:HH:MM:SS.DD) 000:00:00:00.03
 Accumulated Comp.  Time among all Iterations (DDD:HH:MM:SS.DD) 000:00:00:04.36
 Accumulated CPU    Time of present job       (DDD:HH:MM:SS.DD) 000:00:00:00.00
 
 ITERATION         -467
 STARTING SUBJECTS          1 TO       34 ON MANAGER: OK
 STARTING SUBJECTS         35 TO       67 ON WORKER1: OK
 STARTING SUBJECTS         68 TO      100 ON WORKER2: OK
 COLLECTING SUBJECTS        1 TO       34 ON MANAGER
 COLLECTING SUBJECTS       68 TO      100 ON WORKER2
 COLLECTING SUBJECTS       35 TO       67 ON WORKER1
 Tot. mngr. proc.   Time for this  Iteration  (DDD:HH:MM:SS.DD) 000:00:00:00.00
 Total Load         Time for this  Iteration  (DDD:HH:MM:SS.DD) 000:00:00:00.00
 Total Computation  Time for this  Iteration  (DDD:HH:MM:SS.DD) 000:00:00:00.05
 Accum. mngr. proc. Time among all Iterations (DDD:HH:MM:SS.DD) 000:00:00:00.02
 Accumulated Load   Time among all Iterations (DDD:HH:MM:SS.DD) 000:00:00:00.03
 Accumulated Comp.  Time among all Iterations (DDD:HH:MM:SS.DD) 000:00:00:04.41
 Accumulated CPU    Time of present job       (DDD:HH:MM:SS.DD) 000:00:00:00.00
 
 ITERATION         -466
 STARTING SUBJECTS          1 TO       34 ON MANAGER: OK
 STARTING SUBJECTS         35 TO       67 ON WORKER1: OK
 STARTING SUBJECTS         68 TO      100 ON WORKER2: OK
 COLLECTING SUBJECTS        1 TO       34 ON MANAGER
 COLLECTING SUBJECTS       68 TO      100 ON WORKER2
 COLLECTING SUBJECTS       35 TO       67 ON WORKER1
 Tot. mngr. proc.   Time for this  Iteration  (DDD:HH:MM:SS.DD) 000:00:00:00.00
 Total Load         Time for this  Iteration  (DDD:HH:MM:SS.DD) 000:00:00:00.00
 Total Computation  Time for this  Iteration  (DDD:HH:MM:SS.DD) 000:00:00:00.05
 Accum. mngr. proc. Time among all Iterations (DDD:HH:MM:SS.DD) 000:00:00:00.02
 Accumulated Load   Time among all Iterations (DDD:HH:MM:SS.DD) 000:00:00:00.03
 Accumulated Comp.  Time among all Iterations (DDD:HH:MM:SS.DD) 000:00:00:04.46
 Accumulated CPU    Time of present job       (DDD:HH:MM:SS.DD) 000:00:00:00.00
 
 ITERATION         -465
 STARTING SUBJECTS          1 TO       34 ON MANAGER: OK
 STARTING SUBJECTS         35 TO       67 ON WORKER1: OK
 STARTING SUBJECTS         68 TO      100 ON WORKER2: OK
 COLLECTING SUBJECTS        1 TO       34 ON MANAGER
 COLLECTING SUBJECTS       68 TO      100 ON WORKER2
 COLLECTING SUBJECTS       35 TO       67 ON WORKER1
 Tot. mngr. proc.   Time for this  Iteration  (DDD:HH:MM:SS.DD) 000:00:00:00.00
 Total Load         Time for this  Iteration  (DDD:HH:MM:SS.DD) 000:00:00:00.00
 Total Computation  Time for this  Iteration  (DDD:HH:MM:SS.DD) 000:00:00:00.05
 Accum. mngr. proc. Time among all Iterations (DDD:HH:MM:SS.DD) 000:00:00:00.02
 Accumulated Load   Time among all Iterations (DDD:HH:MM:SS.DD) 000:00:00:00.03
 Accumulated Comp.  Time among all Iterations (DDD:HH:MM:SS.DD) 000:00:00:04.50
 Accumulated CPU    Time of present job       (DDD:HH:MM:SS.DD) 000:00:00:00.00
 
 ITERATION         -464
 STARTING SUBJECTS          1 TO       34 ON MANAGER: OK
 STARTING SUBJECTS         35 TO       67 ON WORKER1: OK
 STARTING SUBJECTS         68 TO      100 ON WORKER2: OK
 COLLECTING SUBJECTS        1 TO       34 ON MANAGER
 COLLECTING SUBJECTS       68 TO      100 ON WORKER2
 COLLECTING SUBJECTS       35 TO       67 ON WORKER1
 Tot. mngr. proc.   Time for this  Iteration  (DDD:HH:MM:SS.DD) 000:00:00:00.00
 Total Load         Time for this  Iteration  (DDD:HH:MM:SS.DD) 000:00:00:00.00
 Total Computation  Time for this  Iteration  (DDD:HH:MM:SS.DD) 000:00:00:00.05
 Accum. mngr. proc. Time among all Iterations (DDD:HH:MM:SS.DD) 000:00:00:00.02
 Accumulated Load   Time among all Iterations (DDD:HH:MM:SS.DD) 000:00:00:00.03
 Accumulated Comp.  Time among all Iterations (DDD:HH:MM:SS.DD) 000:00:00:04.55
 Accumulated CPU    Time of present job       (DDD:HH:MM:SS.DD) 000:00:00:00.00
 
 ITERATION         -463
 STARTING SUBJECTS          1 TO       34 ON MANAGER: OK
 STARTING SUBJECTS         35 TO       67 ON WORKER1: OK
 STARTING SUBJECTS         68 TO      100 ON WORKER2: OK
 COLLECTING SUBJECTS        1 TO       34 ON MANAGER
 COLLECTING SUBJECTS       68 TO      100 ON WORKER2
 COLLECTING SUBJECTS       35 TO       67 ON WORKER1
 Tot. mngr. proc.   Time for this  Iteration  (DDD:HH:MM:SS.DD) 000:00:00:00.00
 Total Load         Time for this  Iteration  (DDD:HH:MM:SS.DD) 000:00:00:00.00
 Total Computation  Time for this  Iteration  (DDD:HH:MM:SS.DD) 000:00:00:00.05
 Accum. mngr. proc. Time among all Iterations (DDD:HH:MM:SS.DD) 000:00:00:00.02
 Accumulated Load   Time among all Iterations (DDD:HH:MM:SS.DD) 000:00:00:00.03
 Accumulated Comp.  Time among all Iterations (DDD:HH:MM:SS.DD) 000:00:00:04.60
 Accumulated CPU    Time of present job       (DDD:HH:MM:SS.DD) 000:00:00:00.00
 
 ITERATION         -462
 STARTING SUBJECTS          1 TO       34 ON MANAGER: OK
 STARTING SUBJECTS         35 TO       67 ON WORKER1: OK
 STARTING SUBJECTS         68 TO      100 ON WORKER2: OK
 COLLECTING SUBJECTS        1 TO       34 ON MANAGER
 COLLECTING SUBJECTS       35 TO       67 ON WORKER1
 COLLECTING SUBJECTS       68 TO      100 ON WORKER2
 Tot. mngr. proc.   Time for this  Iteration  (DDD:HH:MM:SS.DD) 000:00:00:00.00
 Total Load         Time for this  Iteration  (DDD:HH:MM:SS.DD) 000:00:00:00.00
 Total Computation  Time for this  Iteration  (DDD:HH:MM:SS.DD) 000:00:00:00.03
 Accum. mngr. proc. Time among all Iterations (DDD:HH:MM:SS.DD) 000:00:00:00.02
 Accumulated Load   Time among all Iterations (DDD:HH:MM:SS.DD) 000:00:00:00.03
 Accumulated Comp.  Time among all Iterations (DDD:HH:MM:SS.DD) 000:00:00:04.63
 Accumulated CPU    Time of present job       (DDD:HH:MM:SS.DD) 000:00:00:00.00
 
 ITERATION         -461
 STARTING SUBJECTS          1 TO       34 ON MANAGER: OK
 STARTING SUBJECTS         35 TO       67 ON WORKER1: OK
 STARTING SUBJECTS         68 TO      100 ON WORKER2: OK
 COLLECTING SUBJECTS        1 TO       34 ON MANAGER
 COLLECTING SUBJECTS       68 TO      100 ON WORKER2
 COLLECTING SUBJECTS       35 TO       67 ON WORKER1
 Tot. mngr. proc.   Time for this  Iteration  (DDD:HH:MM:SS.DD) 000:00:00:00.00
 Total Load         Time for this  Iteration  (DDD:HH:MM:SS.DD) 000:00:00:00.00
 Total Computation  Time for this  Iteration  (DDD:HH:MM:SS.DD) 000:00:00:00.05
 Accum. mngr. proc. Time among all Iterations (DDD:HH:MM:SS.DD) 000:00:00:00.02
 Accumulated Load   Time among all Iterations (DDD:HH:MM:SS.DD) 000:00:00:00.03
 Accumulated Comp.  Time among all Iterations (DDD:HH:MM:SS.DD) 000:00:00:04.68
 Accumulated CPU    Time of present job       (DDD:HH:MM:SS.DD) 000:00:00:00.00
 
 ITERATION         -460
 STARTING SUBJECTS          1 TO       34 ON MANAGER: OK
 STARTING SUBJECTS         35 TO       67 ON WORKER1: OK
 STARTING SUBJECTS         68 TO      100 ON WORKER2: OK
 COLLECTING SUBJECTS        1 TO       34 ON MANAGER
 COLLECTING SUBJECTS       35 TO       67 ON WORKER1
 COLLECTING SUBJECTS       68 TO      100 ON WORKER2
 Tot. mngr. proc.   Time for this  Iteration  (DDD:HH:MM:SS.DD) 000:00:00:00.00
 Total Load         Time for this  Iteration  (DDD:HH:MM:SS.DD) 000:00:00:00.00
 Total Computation  Time for this  Iteration  (DDD:HH:MM:SS.DD) 000:00:00:00.05
 Accum. mngr. proc. Time among all Iterations (DDD:HH:MM:SS.DD) 000:00:00:00.02
 Accumulated Load   Time among all Iterations (DDD:HH:MM:SS.DD) 000:00:00:00.03
 Accumulated Comp.  Time among all Iterations (DDD:HH:MM:SS.DD) 000:00:00:04.72
 Accumulated CPU    Time of present job       (DDD:HH:MM:SS.DD) 000:00:00:00.00
 
 ITERATION         -459
 STARTING SUBJECTS          1 TO       34 ON MANAGER: OK
 STARTING SUBJECTS         35 TO       67 ON WORKER1: OK
 STARTING SUBJECTS         68 TO      100 ON WORKER2: OK
 COLLECTING SUBJECTS        1 TO       34 ON MANAGER
 COLLECTING SUBJECTS       68 TO      100 ON WORKER2
 COLLECTING SUBJECTS       35 TO       67 ON WORKER1
 Tot. mngr. proc.   Time for this  Iteration  (DDD:HH:MM:SS.DD) 000:00:00:00.00
 Total Load         Time for this  Iteration  (DDD:HH:MM:SS.DD) 000:00:00:00.00
 Total Computation  Time for this  Iteration  (DDD:HH:MM:SS.DD) 000:00:00:00.05
 Accum. mngr. proc. Time among all Iterations (DDD:HH:MM:SS.DD) 000:00:00:00.02
 Accumulated Load   Time among all Iterations (DDD:HH:MM:SS.DD) 000:00:00:00.03
 Accumulated Comp.  Time among all Iterations (DDD:HH:MM:SS.DD) 000:00:00:04.77
 Accumulated CPU    Time of present job       (DDD:HH:MM:SS.DD) 000:00:00:00.00
 
 ITERATION         -458
 STARTING SUBJECTS          1 TO       34 ON MANAGER: OK
 STARTING SUBJECTS         35 TO       67 ON WORKER1: OK
 STARTING SUBJECTS         68 TO      100 ON WORKER2: OK
 COLLECTING SUBJECTS        1 TO       34 ON MANAGER
 COLLECTING SUBJECTS       68 TO      100 ON WORKER2
 COLLECTING SUBJECTS       35 TO       67 ON WORKER1
 Tot. mngr. proc.   Time for this  Iteration  (DDD:HH:MM:SS.DD) 000:00:00:00.02
 Total Load         Time for this  Iteration  (DDD:HH:MM:SS.DD) 000:00:00:00.00
 Total Computation  Time for this  Iteration  (DDD:HH:MM:SS.DD) 000:00:00:00.05
 Accum. mngr. proc. Time among all Iterations (DDD:HH:MM:SS.DD) 000:00:00:00.03
 Accumulated Load   Time among all Iterations (DDD:HH:MM:SS.DD) 000:00:00:00.03
 Accumulated Comp.  Time among all Iterations (DDD:HH:MM:SS.DD) 000:00:00:04.82
 Accumulated CPU    Time of present job       (DDD:HH:MM:SS.DD) 000:00:00:00.00
 
 ITERATION         -457
 STARTING SUBJECTS          1 TO       34 ON MANAGER: OK
 STARTING SUBJECTS         35 TO       67 ON WORKER1: OK
 STARTING SUBJECTS         68 TO      100 ON WORKER2: OK
 COLLECTING SUBJECTS        1 TO       34 ON MANAGER
 COLLECTING SUBJECTS       68 TO      100 ON WORKER2
 COLLECTING SUBJECTS       35 TO       67 ON WORKER1
 Tot. mngr. proc.   Time for this  Iteration  (DDD:HH:MM:SS.DD) 000:00:00:00.02
 Total Load         Time for this  Iteration  (DDD:HH:MM:SS.DD) 000:00:00:00.00
 Total Computation  Time for this  Iteration  (DDD:HH:MM:SS.DD) 000:00:00:01.02
 Accum. mngr. proc. Time among all Iterations (DDD:HH:MM:SS.DD) 000:00:00:00.05
 Accumulated Load   Time among all Iterations (DDD:HH:MM:SS.DD) 000:00:00:00.03
 Accumulated Comp.  Time among all Iterations (DDD:HH:MM:SS.DD) 000:00:00:05.83
 Accumulated CPU    Time of present job       (DDD:HH:MM:SS.DD) 000:00:00:00.00
 
 ITERATION         -456
 STARTING SUBJECTS          1 TO       34 ON MANAGER: OK
 STARTING SUBJECTS         35 TO       67 ON WORKER1: OK
 STARTING SUBJECTS         68 TO      100 ON WORKER2: OK
 COLLECTING SUBJECTS        1 TO       34 ON MANAGER
 COLLECTING SUBJECTS       68 TO      100 ON WORKER2
 COLLECTING SUBJECTS       35 TO       67 ON WORKER1
 Tot. mngr. proc.   Time for this  Iteration  (DDD:HH:MM:SS.DD) 000:00:00:00.02
 Total Load         Time for this  Iteration  (DDD:HH:MM:SS.DD) 000:00:00:00.00
 Total Computation  Time for this  Iteration  (DDD:HH:MM:SS.DD) 000:00:00:01.02
 Accum. mngr. proc. Time among all Iterations (DDD:HH:MM:SS.DD) 000:00:00:00.06
 Accumulated Load   Time among all Iterations (DDD:HH:MM:SS.DD) 000:00:00:00.03
 Accumulated Comp.  Time among all Iterations (DDD:HH:MM:SS.DD) 000:00:00:06.85
 Accumulated CPU    Time of present job       (DDD:HH:MM:SS.DD) 000:00:00:00.00
 
 ITERATION         -455
 STARTING SUBJECTS          1 TO       34 ON MANAGER: OK
 STARTING SUBJECTS         35 TO       67 ON WORKER1: OK
 STARTING SUBJECTS         68 TO      100 ON WORKER2: OK
 COLLECTING SUBJECTS        1 TO       34 ON MANAGER
 COLLECTING SUBJECTS       68 TO      100 ON WORKER2
 COLLECTING SUBJECTS       35 TO       67 ON WORKER1
 Tot. mngr. proc.   Time for this  Iteration  (DDD:HH:MM:SS.DD) 000:00:00:00.00
 Total Load         Time for this  Iteration  (DDD:HH:MM:SS.DD) 000:00:00:00.00
 Total Computation  Time for this  Iteration  (DDD:HH:MM:SS.DD) 000:00:00:01.02
 Accum. mngr. proc. Time among all Iterations (DDD:HH:MM:SS.DD) 000:00:00:00.06
 Accumulated Load   Time among all Iterations (DDD:HH:MM:SS.DD) 000:00:00:00.03
 Accumulated Comp.  Time among all Iterations (DDD:HH:MM:SS.DD) 000:00:00:07.87
 Accumulated CPU    Time of present job       (DDD:HH:MM:SS.DD) 000:00:00:00.00
 
 ITERATION         -454
 STARTING SUBJECTS          1 TO       34 ON MANAGER: OK
 STARTING SUBJECTS         35 TO       67 ON WORKER1: OK
 STARTING SUBJECTS         68 TO      100 ON WORKER2: OK
 COLLECTING SUBJECTS        1 TO       34 ON MANAGER
 COLLECTING SUBJECTS       68 TO      100 ON WORKER2
 COLLECTING SUBJECTS       35 TO       67 ON WORKER1
 Tot. mngr. proc.   Time for this  Iteration  (DDD:HH:MM:SS.DD) 000:00:00:00.00
 Total Load         Time for this  Iteration  (DDD:HH:MM:SS.DD) 000:00:00:00.00
 Total Computation  Time for this  Iteration  (DDD:HH:MM:SS.DD) 000:00:00:01.02
 Accum. mngr. proc. Time among all Iterations (DDD:HH:MM:SS.DD) 000:00:00:00.06
 Accumulated Load   Time among all Iterations (DDD:HH:MM:SS.DD) 000:00:00:00.03
 Accumulated Comp.  Time among all Iterations (DDD:HH:MM:SS.DD) 000:00:00:08.88
 Accumulated CPU    Time of present job       (DDD:HH:MM:SS.DD) 000:00:00:00.00
 
 ITERATION         -453
 STARTING SUBJECTS          1 TO       34 ON MANAGER: OK
 STARTING SUBJECTS         35 TO       67 ON WORKER1: OK
 STARTING SUBJECTS         68 TO      100 ON WORKER2: OK
 COLLECTING SUBJECTS        1 TO       34 ON MANAGER
 COLLECTING SUBJECTS       68 TO      100 ON WORKER2
 COLLECTING SUBJECTS       35 TO       67 ON WORKER1
 Tot. mngr. proc.   Time for this  Iteration  (DDD:HH:MM:SS.DD) 000:00:00:00.02
 Total Load         Time for this  Iteration  (DDD:HH:MM:SS.DD) 000:00:00:00.00
 Total Computation  Time for this  Iteration  (DDD:HH:MM:SS.DD) 000:00:00:01.02
 Accum. mngr. proc. Time among all Iterations (DDD:HH:MM:SS.DD) 000:00:00:00.08
 Accumulated Load   Time among all Iterations (DDD:HH:MM:SS.DD) 000:00:00:00.03
 Accumulated Comp.  Time among all Iterations (DDD:HH:MM:SS.DD) 000:00:00:09.90
 Accumulated CPU    Time of present job       (DDD:HH:MM:SS.DD) 000:00:00:00.00
 
 ITERATION         -452
 STARTING SUBJECTS          1 TO       34 ON MANAGER: OK
 STARTING SUBJECTS         35 TO       67 ON WORKER1: OK
 STARTING SUBJECTS         68 TO      100 ON WORKER2: OK
 COLLECTING SUBJECTS        1 TO       34 ON MANAGER
 COLLECTING SUBJECTS       68 TO      100 ON WORKER2
 COLLECTING SUBJECTS       35 TO       67 ON WORKER1
 Tot. mngr. proc.   Time for this  Iteration  (DDD:HH:MM:SS.DD) 000:00:00:00.00
 Total Load         Time for this  Iteration  (DDD:HH:MM:SS.DD) 000:00:00:00.00
 Total Computation  Time for this  Iteration  (DDD:HH:MM:SS.DD) 000:00:00:01.02
 Accum. mngr. proc. Time among all Iterations (DDD:HH:MM:SS.DD) 000:00:00:00.08
 Accumulated Load   Time among all Iterations (DDD:HH:MM:SS.DD) 000:00:00:00.03
 Accumulated Comp.  Time among all Iterations (DDD:HH:MM:SS.DD) 000:00:00:10.92
 Accumulated CPU    Time of present job       (DDD:HH:MM:SS.DD) 000:00:00:00.00
 
 ITERATION         -451
 STARTING SUBJECTS          1 TO       34 ON MANAGER: OK
 STARTING SUBJECTS         35 TO       67 ON WORKER1: OK
 STARTING SUBJECTS         68 TO      100 ON WORKER2: OK
 COLLECTING SUBJECTS        1 TO       34 ON MANAGER
 COLLECTING SUBJECTS       68 TO      100 ON WORKER2
 COLLECTING SUBJECTS       35 TO       67 ON WORKER1
 Tot. mngr. proc.   Time for this  Iteration  (DDD:HH:MM:SS.DD) 000:00:00:00.00
 Total Load         Time for this  Iteration  (DDD:HH:MM:SS.DD) 000:00:00:00.00
 Total Computation  Time for this  Iteration  (DDD:HH:MM:SS.DD) 000:00:00:01.02
 Accum. mngr. proc. Time among all Iterations (DDD:HH:MM:SS.DD) 000:00:00:00.08
 Accumulated Load   Time among all Iterations (DDD:HH:MM:SS.DD) 000:00:00:00.03
 Accumulated Comp.  Time among all Iterations (DDD:HH:MM:SS.DD) 000:00:00:11.93
 Accumulated CPU    Time of present job       (DDD:HH:MM:SS.DD) 000:00:00:00.00
 
 ITERATION         -450
 STARTING SUBJECTS          1 TO       34 ON MANAGER: OK
 STARTING SUBJECTS         35 TO       67 ON WORKER1: OK
 STARTING SUBJECTS         68 TO      100 ON WORKER2: OK
 COLLECTING SUBJECTS        1 TO       34 ON MANAGER
 COLLECTING SUBJECTS       68 TO      100 ON WORKER2
 COLLECTING SUBJECTS       35 TO       67 ON WORKER1
 Tot. mngr. proc.   Time for this  Iteration  (DDD:HH:MM:SS.DD) 000:00:00:00.00
 Total Load         Time for this  Iteration  (DDD:HH:MM:SS.DD) 000:00:00:00.00
 Total Computation  Time for this  Iteration  (DDD:HH:MM:SS.DD) 000:00:00:00.03
 Accum. mngr. proc. Time among all Iterations (DDD:HH:MM:SS.DD) 000:00:00:00.08
 Accumulated Load   Time among all Iterations (DDD:HH:MM:SS.DD) 000:00:00:00.03
 Accumulated Comp.  Time among all Iterations (DDD:HH:MM:SS.DD) 000:00:00:11.97
 Accumulated CPU    Time of present job       (DDD:HH:MM:SS.DD) 000:00:00:00.00
 
 ITERATION         -449
 STARTING SUBJECTS          1 TO       34 ON MANAGER: OK
 STARTING SUBJECTS         35 TO       67 ON WORKER1: OK
 STARTING SUBJECTS         68 TO      100 ON WORKER2: OK
 COLLECTING SUBJECTS        1 TO       34 ON MANAGER
 COLLECTING SUBJECTS       35 TO       67 ON WORKER1
 COLLECTING SUBJECTS       68 TO      100 ON WORKER2
 Tot. mngr. proc.   Time for this  Iteration  (DDD:HH:MM:SS.DD) 000:00:00:00.00
 Total Load         Time for this  Iteration  (DDD:HH:MM:SS.DD) 000:00:00:00.00
 Total Computation  Time for this  Iteration  (DDD:HH:MM:SS.DD) 000:00:00:00.03
 Accum. mngr. proc. Time among all Iterations (DDD:HH:MM:SS.DD) 000:00:00:00.08
 Accumulated Load   Time among all Iterations (DDD:HH:MM:SS.DD) 000:00:00:00.03
 Accumulated Comp.  Time among all Iterations (DDD:HH:MM:SS.DD) 000:00:00:12.00
 Accumulated CPU    Time of present job       (DDD:HH:MM:SS.DD) 000:00:00:00.00
 
 ITERATION         -448
 STARTING SUBJECTS          1 TO       34 ON MANAGER: OK
 STARTING SUBJECTS         35 TO       67 ON WORKER1: OK
 STARTING SUBJECTS         68 TO      100 ON WORKER2: OK
 COLLECTING SUBJECTS        1 TO       34 ON MANAGER
 COLLECTING SUBJECTS       68 TO      100 ON WORKER2
 COLLECTING SUBJECTS       35 TO       67 ON WORKER1
 Tot. mngr. proc.   Time for this  Iteration  (DDD:HH:MM:SS.DD) 000:00:00:00.00
 Total Load         Time for this  Iteration  (DDD:HH:MM:SS.DD) 000:00:00:00.00
 Total Computation  Time for this  Iteration  (DDD:HH:MM:SS.DD) 000:00:00:00.05
 Accum. mngr. proc. Time among all Iterations (DDD:HH:MM:SS.DD) 000:00:00:00.08
 Accumulated Load   Time among all Iterations (DDD:HH:MM:SS.DD) 000:00:00:00.03
 Accumulated Comp.  Time among all Iterations (DDD:HH:MM:SS.DD) 000:00:00:12.04
 Accumulated CPU    Time of present job       (DDD:HH:MM:SS.DD) 000:00:00:00.00
 
 ITERATION         -447
 STARTING SUBJECTS          1 TO       34 ON MANAGER: OK
 STARTING SUBJECTS         35 TO       67 ON WORKER1: OK
 STARTING SUBJECTS         68 TO      100 ON WORKER2: OK
 COLLECTING SUBJECTS        1 TO       34 ON MANAGER
 COLLECTING SUBJECTS       68 TO      100 ON WORKER2
 COLLECTING SUBJECTS       35 TO       67 ON WORKER1
 Tot. mngr. proc.   Time for this  Iteration  (DDD:HH:MM:SS.DD) 000:00:00:00.00
 Total Load         Time for this  Iteration  (DDD:HH:MM:SS.DD) 000:00:00:00.00
 Total Computation  Time for this  Iteration  (DDD:HH:MM:SS.DD) 000:00:00:00.05
 Accum. mngr. proc. Time among all Iterations (DDD:HH:MM:SS.DD) 000:00:00:00.08
 Accumulated Load   Time among all Iterations (DDD:HH:MM:SS.DD) 000:00:00:00.03
 Accumulated Comp.  Time among all Iterations (DDD:HH:MM:SS.DD) 000:00:00:12.09
 Accumulated CPU    Time of present job       (DDD:HH:MM:SS.DD) 000:00:00:00.00
 
 ITERATION         -446
 STARTING SUBJECTS          1 TO       34 ON MANAGER: OK
 STARTING SUBJECTS         35 TO       67 ON WORKER1: OK
 STARTING SUBJECTS         68 TO      100 ON WORKER2: OK
 COLLECTING SUBJECTS        1 TO       34 ON MANAGER
 COLLECTING SUBJECTS       68 TO      100 ON WORKER2
 COLLECTING SUBJECTS       35 TO       67 ON WORKER1
 Tot. mngr. proc.   Time for this  Iteration  (DDD:HH:MM:SS.DD) 000:00:00:00.00
 Total Load         Time for this  Iteration  (DDD:HH:MM:SS.DD) 000:00:00:00.00
 Total Computation  Time for this  Iteration  (DDD:HH:MM:SS.DD) 000:00:00:01.02
 Accum. mngr. proc. Time among all Iterations (DDD:HH:MM:SS.DD) 000:00:00:00.08
 Accumulated Load   Time among all Iterations (DDD:HH:MM:SS.DD) 000:00:00:00.03
 Accumulated Comp.  Time among all Iterations (DDD:HH:MM:SS.DD) 000:00:00:13.11
 Accumulated CPU    Time of present job       (DDD:HH:MM:SS.DD) 000:00:00:00.00
 
 ITERATION         -445
 STARTING SUBJECTS          1 TO       34 ON MANAGER: OK
 STARTING SUBJECTS         35 TO       67 ON WORKER1: OK
 STARTING SUBJECTS         68 TO      100 ON WORKER2: OK
 COLLECTING SUBJECTS        1 TO       34 ON MANAGER
 COLLECTING SUBJECTS       68 TO      100 ON WORKER2
 COLLECTING SUBJECTS       35 TO       67 ON WORKER1
 Tot. mngr. proc.   Time for this  Iteration  (DDD:HH:MM:SS.DD) 000:00:00:00.00
 Total Load         Time for this  Iteration  (DDD:HH:MM:SS.DD) 000:00:00:00.00
 Total Computation  Time for this  Iteration  (DDD:HH:MM:SS.DD) 000:00:00:00.05
 Accum. mngr. proc. Time among all Iterations (DDD:HH:MM:SS.DD) 000:00:00:00.08
 Accumulated Load   Time among all Iterations (DDD:HH:MM:SS.DD) 000:00:00:00.03
 Accumulated Comp.  Time among all Iterations (DDD:HH:MM:SS.DD) 000:00:00:13.15
 Accumulated CPU    Time of present job       (DDD:HH:MM:SS.DD) 000:00:00:00.00
 
 ITERATION         -444
 STARTING SUBJECTS          1 TO       34 ON MANAGER: OK
 STARTING SUBJECTS         35 TO       67 ON WORKER1: OK
 STARTING SUBJECTS         68 TO      100 ON WORKER2: OK
 COLLECTING SUBJECTS        1 TO       34 ON MANAGER
 COLLECTING SUBJECTS       35 TO       67 ON WORKER1
 COLLECTING SUBJECTS       68 TO      100 ON WORKER2
 Tot. mngr. proc.   Time for this  Iteration  (DDD:HH:MM:SS.DD) 000:00:00:00.00
 Total Load         Time for this  Iteration  (DDD:HH:MM:SS.DD) 000:00:00:00.00
 Total Computation  Time for this  Iteration  (DDD:HH:MM:SS.DD) 000:00:00:01.02
 Accum. mngr. proc. Time among all Iterations (DDD:HH:MM:SS.DD) 000:00:00:00.08
 Accumulated Load   Time among all Iterations (DDD:HH:MM:SS.DD) 000:00:00:00.03
 Accumulated Comp.  Time among all Iterations (DDD:HH:MM:SS.DD) 000:00:00:14.17
 Accumulated CPU    Time of present job       (DDD:HH:MM:SS.DD) 000:00:00:00.00
 
 ITERATION         -443
 STARTING SUBJECTS          1 TO       34 ON MANAGER: OK
 STARTING SUBJECTS         35 TO       67 ON WORKER1: OK
 STARTING SUBJECTS         68 TO      100 ON WORKER2: OK
 COLLECTING SUBJECTS        1 TO       34 ON MANAGER
 COLLECTING SUBJECTS       68 TO      100 ON WORKER2
 COLLECTING SUBJECTS       35 TO       67 ON WORKER1
 Tot. mngr. proc.   Time for this  Iteration  (DDD:HH:MM:SS.DD) 000:00:00:00.00
 Total Load         Time for this  Iteration  (DDD:HH:MM:SS.DD) 000:00:00:00.00
 Total Computation  Time for this  Iteration  (DDD:HH:MM:SS.DD) 000:00:00:00.05
 Accum. mngr. proc. Time among all Iterations (DDD:HH:MM:SS.DD) 000:00:00:00.08
 Accumulated Load   Time among all Iterations (DDD:HH:MM:SS.DD) 000:00:00:00.03
 Accumulated Comp.  Time among all Iterations (DDD:HH:MM:SS.DD) 000:00:00:14.22
 Accumulated CPU    Time of present job       (DDD:HH:MM:SS.DD) 000:00:00:00.00
 
 ITERATION         -442
 STARTING SUBJECTS          1 TO       34 ON MANAGER: OK
 STARTING SUBJECTS         35 TO       67 ON WORKER1: OK
 STARTING SUBJECTS         68 TO      100 ON WORKER2: OK
 COLLECTING SUBJECTS        1 TO       34 ON MANAGER
 COLLECTING SUBJECTS       68 TO      100 ON WORKER2
 COLLECTING SUBJECTS       35 TO       67 ON WORKER1
 Tot. mngr. proc.   Time for this  Iteration  (DDD:HH:MM:SS.DD) 000:00:00:00.02
 Total Load         Time for this  Iteration  (DDD:HH:MM:SS.DD) 000:00:00:00.00
 Total Computation  Time for this  Iteration  (DDD:HH:MM:SS.DD) 000:00:00:00.03
 Accum. mngr. proc. Time among all Iterations (DDD:HH:MM:SS.DD) 000:00:00:00.09
 Accumulated Load   Time among all Iterations (DDD:HH:MM:SS.DD) 000:00:00:00.03
 Accumulated Comp.  Time among all Iterations (DDD:HH:MM:SS.DD) 000:00:00:14.25
 Accumulated CPU    Time of present job       (DDD:HH:MM:SS.DD) 000:00:00:00.00
 
 ITERATION         -441
 STARTING SUBJECTS          1 TO       34 ON MANAGER: OK
 STARTING SUBJECTS         35 TO       67 ON WORKER1: OK
 STARTING SUBJECTS         68 TO      100 ON WORKER2: OK
 COLLECTING SUBJECTS        1 TO       34 ON MANAGER
 COLLECTING SUBJECTS       35 TO       67 ON WORKER1
 COLLECTING SUBJECTS       68 TO      100 ON WORKER2
 Tot. mngr. proc.   Time for this  Iteration  (DDD:HH:MM:SS.DD) 000:00:00:00.00
 Total Load         Time for this  Iteration  (DDD:HH:MM:SS.DD) 000:00:00:00.00
 Total Computation  Time for this  Iteration  (DDD:HH:MM:SS.DD) 000:00:00:01.01
 Accum. mngr. proc. Time among all Iterations (DDD:HH:MM:SS.DD) 000:00:00:00.09
 Accumulated Load   Time among all Iterations (DDD:HH:MM:SS.DD) 000:00:00:00.03
 Accumulated Comp.  Time among all Iterations (DDD:HH:MM:SS.DD) 000:00:00:15.26
 Accumulated CPU    Time of present job       (DDD:HH:MM:SS.DD) 000:00:00:00.00
 
 ITERATION         -440
 STARTING SUBJECTS          1 TO       34 ON MANAGER: OK
 STARTING SUBJECTS         35 TO       67 ON WORKER1: OK
 STARTING SUBJECTS         68 TO      100 ON WORKER2: OK
 COLLECTING SUBJECTS        1 TO       34 ON MANAGER
 COLLECTING SUBJECTS       68 TO      100 ON WORKER2
 COLLECTING SUBJECTS       35 TO       67 ON WORKER1
 Tot. mngr. proc.   Time for this  Iteration  (DDD:HH:MM:SS.DD) 000:00:00:00.00
 Total Load         Time for this  Iteration  (DDD:HH:MM:SS.DD) 000:00:00:00.00
 Total Computation  Time for this  Iteration  (DDD:HH:MM:SS.DD) 000:00:00:00.02
 Accum. mngr. proc. Time among all Iterations (DDD:HH:MM:SS.DD) 000:00:00:00.09
 Accumulated Load   Time among all Iterations (DDD:HH:MM:SS.DD) 000:00:00:00.03
 Accumulated Comp.  Time among all Iterations (DDD:HH:MM:SS.DD) 000:00:00:15.28
 Accumulated CPU    Time of present job       (DDD:HH:MM:SS.DD) 000:00:00:00.00
 
 ITERATION         -439
 STARTING SUBJECTS          1 TO       34 ON MANAGER: OK
 STARTING SUBJECTS         35 TO       67 ON WORKER1: OK
 STARTING SUBJECTS         68 TO      100 ON WORKER2: OK
 COLLECTING SUBJECTS        1 TO       34 ON MANAGER
 COLLECTING SUBJECTS       68 TO      100 ON WORKER2
 COLLECTING SUBJECTS       35 TO       67 ON WORKER1
 Tot. mngr. proc.   Time for this  Iteration  (DDD:HH:MM:SS.DD) 000:00:00:00.00
 Total Load         Time for this  Iteration  (DDD:HH:MM:SS.DD) 000:00:00:00.02
 Total Computation  Time for this  Iteration  (DDD:HH:MM:SS.DD) 000:00:00:00.02
 Accum. mngr. proc. Time among all Iterations (DDD:HH:MM:SS.DD) 000:00:00:00.09
 Accumulated Load   Time among all Iterations (DDD:HH:MM:SS.DD) 000:00:00:00.05
 Accumulated Comp.  Time among all Iterations (DDD:HH:MM:SS.DD) 000:00:00:15.29
 Accumulated CPU    Time of present job       (DDD:HH:MM:SS.DD) 000:00:00:00.00
 
 ITERATION         -438
 STARTING SUBJECTS          1 TO       34 ON MANAGER: OK
 STARTING SUBJECTS         35 TO       68 ON WORKER1: OK
 STARTING SUBJECTS         69 TO      100 ON WORKER2: OK
 COLLECTING SUBJECTS        1 TO       34 ON MANAGER
 COLLECTING SUBJECTS       69 TO      100 ON WORKER2
 COLLECTING SUBJECTS       35 TO       68 ON WORKER1
 Tot. mngr. proc.   Time for this  Iteration  (DDD:HH:MM:SS.DD) 000:00:00:00.00
 Total Load         Time for this  Iteration  (DDD:HH:MM:SS.DD) 000:00:00:00.00
 Total Computation  Time for this  Iteration  (DDD:HH:MM:SS.DD) 000:00:00:00.06
 Accum. mngr. proc. Time among all Iterations (DDD:HH:MM:SS.DD) 000:00:00:00.09
 Accumulated Load   Time among all Iterations (DDD:HH:MM:SS.DD) 000:00:00:00.05
 Accumulated Comp.  Time among all Iterations (DDD:HH:MM:SS.DD) 000:00:00:15.35
 Accumulated CPU    Time of present job       (DDD:HH:MM:SS.DD) 000:00:00:00.00
 
 ITERATION         -437
 STARTING SUBJECTS          1 TO       34 ON MANAGER: OK
 STARTING SUBJECTS         35 TO       67 ON WORKER1: OK
 STARTING SUBJECTS         68 TO      100 ON WORKER2: OK
 COLLECTING SUBJECTS        1 TO       34 ON MANAGER
 COLLECTING SUBJECTS       35 TO       67 ON WORKER1
 COLLECTING SUBJECTS       68 TO      100 ON WORKER2
 Tot. mngr. proc.   Time for this  Iteration  (DDD:HH:MM:SS.DD) 000:00:00:00.02
 Total Load         Time for this  Iteration  (DDD:HH:MM:SS.DD) 000:00:00:00.00
 Total Computation  Time for this  Iteration  (DDD:HH:MM:SS.DD) 000:00:00:00.03
 Accum. mngr. proc. Time among all Iterations (DDD:HH:MM:SS.DD) 000:00:00:00.11
 Accumulated Load   Time among all Iterations (DDD:HH:MM:SS.DD) 000:00:00:00.05
 Accumulated Comp.  Time among all Iterations (DDD:HH:MM:SS.DD) 000:00:00:15.39
 Accumulated CPU    Time of present job       (DDD:HH:MM:SS.DD) 000:00:00:00.00
 
 ITERATION         -436
 STARTING SUBJECTS          1 TO       34 ON MANAGER: OK
 STARTING SUBJECTS         35 TO       67 ON WORKER1: OK
 STARTING SUBJECTS         68 TO      100 ON WORKER2: OK
 COLLECTING SUBJECTS        1 TO       34 ON MANAGER
 COLLECTING SUBJECTS       68 TO      100 ON WORKER2
 COLLECTING SUBJECTS       35 TO       67 ON WORKER1
 Tot. mngr. proc.   Time for this  Iteration  (DDD:HH:MM:SS.DD) 000:00:00:00.00
 Total Load         Time for this  Iteration  (DDD:HH:MM:SS.DD) 000:00:00:00.00
 Total Computation  Time for this  Iteration  (DDD:HH:MM:SS.DD) 000:00:00:00.05
 Accum. mngr. proc. Time among all Iterations (DDD:HH:MM:SS.DD) 000:00:00:00.11
 Accumulated Load   Time among all Iterations (DDD:HH:MM:SS.DD) 000:00:00:00.05
 Accumulated Comp.  Time among all Iterations (DDD:HH:MM:SS.DD) 000:00:00:15.43
 Accumulated CPU    Time of present job       (DDD:HH:MM:SS.DD) 000:00:00:00.00
 
 ITERATION         -435
 STARTING SUBJECTS          1 TO       34 ON MANAGER: OK
 STARTING SUBJECTS         35 TO       67 ON WORKER1: OK
 STARTING SUBJECTS         68 TO      100 ON WORKER2: OK
 COLLECTING SUBJECTS        1 TO       34 ON MANAGER
 COLLECTING SUBJECTS       35 TO       67 ON WORKER1
 COLLECTING SUBJECTS       68 TO      100 ON WORKER2
 Tot. mngr. proc.   Time for this  Iteration  (DDD:HH:MM:SS.DD) 000:00:00:00.00
 Total Load         Time for this  Iteration  (DDD:HH:MM:SS.DD) 000:00:00:00.00
 Total Computation  Time for this  Iteration  (DDD:HH:MM:SS.DD) 000:00:00:00.06
 Accum. mngr. proc. Time among all Iterations (DDD:HH:MM:SS.DD) 000:00:00:00.11
 Accumulated Load   Time among all Iterations (DDD:HH:MM:SS.DD) 000:00:00:00.05
 Accumulated Comp.  Time among all Iterations (DDD:HH:MM:SS.DD) 000:00:00:15.50
 Accumulated CPU    Time of present job       (DDD:HH:MM:SS.DD) 000:00:00:00.00
 
 ITERATION         -434
 STARTING SUBJECTS          1 TO       34 ON MANAGER: OK
 STARTING SUBJECTS         35 TO       68 ON WORKER1: OK
 STARTING SUBJECTS         69 TO      100 ON WORKER2: OK
 COLLECTING SUBJECTS        1 TO       34 ON MANAGER
 COLLECTING SUBJECTS       69 TO      100 ON WORKER2
 COLLECTING SUBJECTS       35 TO       68 ON WORKER1
 Tot. mngr. proc.   Time for this  Iteration  (DDD:HH:MM:SS.DD) 000:00:00:00.00
 Total Load         Time for this  Iteration  (DDD:HH:MM:SS.DD) 000:00:00:00.00
 Total Computation  Time for this  Iteration  (DDD:HH:MM:SS.DD) 000:00:00:00.03
 Accum. mngr. proc. Time among all Iterations (DDD:HH:MM:SS.DD) 000:00:00:00.11
 Accumulated Load   Time among all Iterations (DDD:HH:MM:SS.DD) 000:00:00:00.05
 Accumulated Comp.  Time among all Iterations (DDD:HH:MM:SS.DD) 000:00:00:15.53
 Accumulated CPU    Time of present job       (DDD:HH:MM:SS.DD) 000:00:00:00.00
 
 ITERATION         -433
 STARTING SUBJECTS          1 TO       34 ON MANAGER: OK
 STARTING SUBJECTS         35 TO       67 ON WORKER1: OK
 STARTING SUBJECTS         68 TO      100 ON WORKER2: OK
 COLLECTING SUBJECTS        1 TO       34 ON MANAGER
 COLLECTING SUBJECTS       35 TO       67 ON WORKER1
 COLLECTING SUBJECTS       68 TO      100 ON WORKER2
 Tot. mngr. proc.   Time for this  Iteration  (DDD:HH:MM:SS.DD) 000:00:00:00.00
 Total Load         Time for this  Iteration  (DDD:HH:MM:SS.DD) 000:00:00:00.00
 Total Computation  Time for this  Iteration  (DDD:HH:MM:SS.DD) 000:00:00:00.09
 Accum. mngr. proc. Time among all Iterations (DDD:HH:MM:SS.DD) 000:00:00:00.11
 Accumulated Load   Time among all Iterations (DDD:HH:MM:SS.DD) 000:00:00:00.05
 Accumulated Comp.  Time among all Iterations (DDD:HH:MM:SS.DD) 000:00:00:15.62
 Accumulated CPU    Time of present job       (DDD:HH:MM:SS.DD) 000:00:00:00.00
 
 ITERATION         -432
 STARTING SUBJECTS          1 TO       33 ON MANAGER: OK
 STARTING SUBJECTS         34 TO       67 ON WORKER1: OK
 STARTING SUBJECTS         68 TO      100 ON WORKER2: OK
 COLLECTING SUBJECTS        1 TO       33 ON MANAGER
 COLLECTING SUBJECTS       34 TO       67 ON WORKER1
 COLLECTING SUBJECTS       68 TO      100 ON WORKER2
 Tot. mngr. proc.   Time for this  Iteration  (DDD:HH:MM:SS.DD) 000:00:00:00.00
 Total Load         Time for this  Iteration  (DDD:HH:MM:SS.DD) 000:00:00:00.02
 Total Computation  Time for this  Iteration  (DDD:HH:MM:SS.DD) 000:00:00:00.03
 Accum. mngr. proc. Time among all Iterations (DDD:HH:MM:SS.DD) 000:00:00:00.11
 Accumulated Load   Time among all Iterations (DDD:HH:MM:SS.DD) 000:00:00:00.06
 Accumulated Comp.  Time among all Iterations (DDD:HH:MM:SS.DD) 000:00:00:15.65
 Accumulated CPU    Time of present job       (DDD:HH:MM:SS.DD) 000:00:00:00.00
 
 ITERATION         -431
 STARTING SUBJECTS          1 TO       34 ON MANAGER: OK
 STARTING SUBJECTS         35 TO       67 ON WORKER1: OK
 STARTING SUBJECTS         68 TO      100 ON WORKER2: OK
 COLLECTING SUBJECTS        1 TO       34 ON MANAGER
 COLLECTING SUBJECTS       35 TO       67 ON WORKER1
 COLLECTING SUBJECTS       68 TO      100 ON WORKER2
 Tot. mngr. proc.   Time for this  Iteration  (DDD:HH:MM:SS.DD) 000:00:00:00.00
 Total Load         Time for this  Iteration  (DDD:HH:MM:SS.DD) 000:00:00:00.00
 Total Computation  Time for this  Iteration  (DDD:HH:MM:SS.DD) 000:00:00:00.05
 Accum. mngr. proc. Time among all Iterations (DDD:HH:MM:SS.DD) 000:00:00:00.11
 Accumulated Load   Time among all Iterations (DDD:HH:MM:SS.DD) 000:00:00:00.06
 Accumulated Comp.  Time among all Iterations (DDD:HH:MM:SS.DD) 000:00:00:15.70
 Accumulated CPU    Time of present job       (DDD:HH:MM:SS.DD) 000:00:00:00.00
 
 ITERATION         -430
 STARTING SUBJECTS          1 TO       34 ON MANAGER: OK
 STARTING SUBJECTS         35 TO       67 ON WORKER1: OK
 STARTING SUBJECTS         68 TO      100 ON WORKER2: OK
 COLLECTING SUBJECTS        1 TO       34 ON MANAGER
 COLLECTING SUBJECTS       35 TO       67 ON WORKER1
 COLLECTING SUBJECTS       68 TO      100 ON WORKER2
 Tot. mngr. proc.   Time for this  Iteration  (DDD:HH:MM:SS.DD) 000:00:00:00.02
 Total Load         Time for this  Iteration  (DDD:HH:MM:SS.DD) 000:00:00:00.00
 Total Computation  Time for this  Iteration  (DDD:HH:MM:SS.DD) 000:00:00:00.05
 Accum. mngr. proc. Time among all Iterations (DDD:HH:MM:SS.DD) 000:00:00:00.12
 Accumulated Load   Time among all Iterations (DDD:HH:MM:SS.DD) 000:00:00:00.06
 Accumulated Comp.  Time among all Iterations (DDD:HH:MM:SS.DD) 000:00:00:15.75
 Accumulated CPU    Time of present job       (DDD:HH:MM:SS.DD) 000:00:00:00.00
 
 ITERATION         -429
 STARTING SUBJECTS          1 TO       34 ON MANAGER: OK
 STARTING SUBJECTS         35 TO       67 ON WORKER1: OK
 STARTING SUBJECTS         68 TO      100 ON WORKER2: OK
 COLLECTING SUBJECTS        1 TO       34 ON MANAGER
 COLLECTING SUBJECTS       35 TO       67 ON WORKER1
 COLLECTING SUBJECTS       68 TO      100 ON WORKER2
 Tot. mngr. proc.   Time for this  Iteration  (DDD:HH:MM:SS.DD) 000:00:00:00.00
 Total Load         Time for this  Iteration  (DDD:HH:MM:SS.DD) 000:00:00:00.00
 Total Computation  Time for this  Iteration  (DDD:HH:MM:SS.DD) 000:00:00:00.05
 Accum. mngr. proc. Time among all Iterations (DDD:HH:MM:SS.DD) 000:00:00:00.12
 Accumulated Load   Time among all Iterations (DDD:HH:MM:SS.DD) 000:00:00:00.06
 Accumulated Comp.  Time among all Iterations (DDD:HH:MM:SS.DD) 000:00:00:15.79
 Accumulated CPU    Time of present job       (DDD:HH:MM:SS.DD) 000:00:00:00.00
 
 ITERATION         -428
 STARTING SUBJECTS          1 TO       34 ON MANAGER: OK
 STARTING SUBJECTS         35 TO       67 ON WORKER1: OK
 STARTING SUBJECTS         68 TO      100 ON WORKER2: OK
 COLLECTING SUBJECTS        1 TO       34 ON MANAGER
 COLLECTING SUBJECTS       35 TO       67 ON WORKER1
 COLLECTING SUBJECTS       68 TO      100 ON WORKER2
 Tot. mngr. proc.   Time for this  Iteration  (DDD:HH:MM:SS.DD) 000:00:00:00.00
 Total Load         Time for this  Iteration  (DDD:HH:MM:SS.DD) 000:00:00:00.00
 Total Computation  Time for this  Iteration  (DDD:HH:MM:SS.DD) 000:00:00:00.05
 Accum. mngr. proc. Time among all Iterations (DDD:HH:MM:SS.DD) 000:00:00:00.12
 Accumulated Load   Time among all Iterations (DDD:HH:MM:SS.DD) 000:00:00:00.06
 Accumulated Comp.  Time among all Iterations (DDD:HH:MM:SS.DD) 000:00:00:15.84
 Accumulated CPU    Time of present job       (DDD:HH:MM:SS.DD) 000:00:00:00.00
 
 ITERATION         -427
 STARTING SUBJECTS          1 TO       34 ON MANAGER: OK
 STARTING SUBJECTS         35 TO       67 ON WORKER1: OK
 STARTING SUBJECTS         68 TO      100 ON WORKER2: OK
 COLLECTING SUBJECTS        1 TO       34 ON MANAGER
 COLLECTING SUBJECTS       68 TO      100 ON WORKER2
 COLLECTING SUBJECTS       35 TO       67 ON WORKER1
 Tot. mngr. proc.   Time for this  Iteration  (DDD:HH:MM:SS.DD) 000:00:00:00.00
 Total Load         Time for this  Iteration  (DDD:HH:MM:SS.DD) 000:00:00:00.00
 Total Computation  Time for this  Iteration  (DDD:HH:MM:SS.DD) 000:00:00:00.03
 Accum. mngr. proc. Time among all Iterations (DDD:HH:MM:SS.DD) 000:00:00:00.12
 Accumulated Load   Time among all Iterations (DDD:HH:MM:SS.DD) 000:00:00:00.06
 Accumulated Comp.  Time among all Iterations (DDD:HH:MM:SS.DD) 000:00:00:15.87
 Accumulated CPU    Time of present job       (DDD:HH:MM:SS.DD) 000:00:00:00.00
 
 ITERATION         -426
 STARTING SUBJECTS          1 TO       34 ON MANAGER: OK
 STARTING SUBJECTS         35 TO       67 ON WORKER1: OK
 STARTING SUBJECTS         68 TO      100 ON WORKER2: OK
 COLLECTING SUBJECTS        1 TO       34 ON MANAGER
 COLLECTING SUBJECTS       68 TO      100 ON WORKER2
 COLLECTING SUBJECTS       35 TO       67 ON WORKER1
 Tot. mngr. proc.   Time for this  Iteration  (DDD:HH:MM:SS.DD) 000:00:00:00.00
 Total Load         Time for this  Iteration  (DDD:HH:MM:SS.DD) 000:00:00:00.00
 Total Computation  Time for this  Iteration  (DDD:HH:MM:SS.DD) 000:00:00:00.05
 Accum. mngr. proc. Time among all Iterations (DDD:HH:MM:SS.DD) 000:00:00:00.12
 Accumulated Load   Time among all Iterations (DDD:HH:MM:SS.DD) 000:00:00:00.06
 Accumulated Comp.  Time among all Iterations (DDD:HH:MM:SS.DD) 000:00:00:15.92
 Accumulated CPU    Time of present job       (DDD:HH:MM:SS.DD) 000:00:00:00.00
 
 ITERATION         -425
 STARTING SUBJECTS          1 TO       34 ON MANAGER: OK
 STARTING SUBJECTS         35 TO       67 ON WORKER1: OK
 STARTING SUBJECTS         68 TO      100 ON WORKER2: OK
 COLLECTING SUBJECTS        1 TO       34 ON MANAGER
 COLLECTING SUBJECTS       35 TO       67 ON WORKER1
 COLLECTING SUBJECTS       68 TO      100 ON WORKER2
 Tot. mngr. proc.   Time for this  Iteration  (DDD:HH:MM:SS.DD) 000:00:00:00.00
 Total Load         Time for this  Iteration  (DDD:HH:MM:SS.DD) 000:00:00:00.00
 Total Computation  Time for this  Iteration  (DDD:HH:MM:SS.DD) 000:00:00:00.05
 Accum. mngr. proc. Time among all Iterations (DDD:HH:MM:SS.DD) 000:00:00:00.12
 Accumulated Load   Time among all Iterations (DDD:HH:MM:SS.DD) 000:00:00:00.06
 Accumulated Comp.  Time among all Iterations (DDD:HH:MM:SS.DD) 000:00:00:15.96
 Accumulated CPU    Time of present job       (DDD:HH:MM:SS.DD) 000:00:00:00.00
 
 ITERATION         -424
 STARTING SUBJECTS          1 TO       34 ON MANAGER: OK
 STARTING SUBJECTS         35 TO       67 ON WORKER1: OK
 STARTING SUBJECTS         68 TO      100 ON WORKER2: OK
 COLLECTING SUBJECTS        1 TO       34 ON MANAGER
 COLLECTING SUBJECTS       35 TO       67 ON WORKER1
 COLLECTING SUBJECTS       68 TO      100 ON WORKER2
 Tot. mngr. proc.   Time for this  Iteration  (DDD:HH:MM:SS.DD) 000:00:00:00.00
 Total Load         Time for this  Iteration  (DDD:HH:MM:SS.DD) 000:00:00:00.02
 Total Computation  Time for this  Iteration  (DDD:HH:MM:SS.DD) 000:00:00:00.03
 Accum. mngr. proc. Time among all Iterations (DDD:HH:MM:SS.DD) 000:00:00:00.12
 Accumulated Load   Time among all Iterations (DDD:HH:MM:SS.DD) 000:00:00:00.08
 Accumulated Comp.  Time among all Iterations (DDD:HH:MM:SS.DD) 000:00:00:16.00
 Accumulated CPU    Time of present job       (DDD:HH:MM:SS.DD) 000:00:00:00.00
 
 ITERATION         -423
 STARTING SUBJECTS          1 TO       34 ON MANAGER: OK
 STARTING SUBJECTS         35 TO       67 ON WORKER1: OK
 STARTING SUBJECTS         68 TO      100 ON WORKER2: OK
 COLLECTING SUBJECTS        1 TO       34 ON MANAGER
 COLLECTING SUBJECTS       68 TO      100 ON WORKER2
 COLLECTING SUBJECTS       35 TO       67 ON WORKER1
 Tot. mngr. proc.   Time for this  Iteration  (DDD:HH:MM:SS.DD) 000:00:00:00.00
 Total Load         Time for this  Iteration  (DDD:HH:MM:SS.DD) 000:00:00:00.00
 Total Computation  Time for this  Iteration  (DDD:HH:MM:SS.DD) 000:00:00:01.01
 Accum. mngr. proc. Time among all Iterations (DDD:HH:MM:SS.DD) 000:00:00:00.12
 Accumulated Load   Time among all Iterations (DDD:HH:MM:SS.DD) 000:00:00:00.08
 Accumulated Comp.  Time among all Iterations (DDD:HH:MM:SS.DD) 000:00:00:17.01
 Accumulated CPU    Time of present job       (DDD:HH:MM:SS.DD) 000:00:00:00.00
 
 ITERATION         -422
 STARTING SUBJECTS          1 TO       34 ON MANAGER: OK
 STARTING SUBJECTS         35 TO       67 ON WORKER1: OK
 STARTING SUBJECTS         68 TO      100 ON WORKER2: OK
 COLLECTING SUBJECTS        1 TO       34 ON MANAGER
 COLLECTING SUBJECTS       68 TO      100 ON WORKER2
 COLLECTING SUBJECTS       35 TO       67 ON WORKER1
 Tot. mngr. proc.   Time for this  Iteration  (DDD:HH:MM:SS.DD) 000:00:00:00.00
 Total Load         Time for this  Iteration  (DDD:HH:MM:SS.DD) 000:00:00:00.00
 Total Computation  Time for this  Iteration  (DDD:HH:MM:SS.DD) 000:00:00:00.05
 Accum. mngr. proc. Time among all Iterations (DDD:HH:MM:SS.DD) 000:00:00:00.12
 Accumulated Load   Time among all Iterations (DDD:HH:MM:SS.DD) 000:00:00:00.08
 Accumulated Comp.  Time among all Iterations (DDD:HH:MM:SS.DD) 000:00:00:17.05
 Accumulated CPU    Time of present job       (DDD:HH:MM:SS.DD) 000:00:00:00.00
 
 ITERATION         -421
 STARTING SUBJECTS          1 TO       34 ON MANAGER: OK
 STARTING SUBJECTS         35 TO       67 ON WORKER1: OK
 STARTING SUBJECTS         68 TO      100 ON WORKER2: OK
 COLLECTING SUBJECTS        1 TO       34 ON MANAGER
 COLLECTING SUBJECTS       35 TO       67 ON WORKER1
 COLLECTING SUBJECTS       68 TO      100 ON WORKER2
 Tot. mngr. proc.   Time for this  Iteration  (DDD:HH:MM:SS.DD) 000:00:00:00.00
 Total Load         Time for this  Iteration  (DDD:HH:MM:SS.DD) 000:00:00:00.00
 Total Computation  Time for this  Iteration  (DDD:HH:MM:SS.DD) 000:00:00:00.08
 Accum. mngr. proc. Time among all Iterations (DDD:HH:MM:SS.DD) 000:00:00:00.12
 Accumulated Load   Time among all Iterations (DDD:HH:MM:SS.DD) 000:00:00:00.08
 Accumulated Comp.  Time among all Iterations (DDD:HH:MM:SS.DD) 000:00:00:17.13
 Accumulated CPU    Time of present job       (DDD:HH:MM:SS.DD) 000:00:00:00.00
 
 ITERATION         -420
 STARTING SUBJECTS          1 TO       34 ON MANAGER: OK
 STARTING SUBJECTS         35 TO       67 ON WORKER1: OK
 STARTING SUBJECTS         68 TO      100 ON WORKER2: OK
 COLLECTING SUBJECTS        1 TO       34 ON MANAGER
 COLLECTING SUBJECTS       35 TO       67 ON WORKER1
 COLLECTING SUBJECTS       68 TO      100 ON WORKER2
 Tot. mngr. proc.   Time for this  Iteration  (DDD:HH:MM:SS.DD) 000:00:00:00.00
 Total Load         Time for this  Iteration  (DDD:HH:MM:SS.DD) 000:00:00:00.00
 Total Computation  Time for this  Iteration  (DDD:HH:MM:SS.DD) 000:00:00:00.05
 Accum. mngr. proc. Time among all Iterations (DDD:HH:MM:SS.DD) 000:00:00:00.12
 Accumulated Load   Time among all Iterations (DDD:HH:MM:SS.DD) 000:00:00:00.08
 Accumulated Comp.  Time among all Iterations (DDD:HH:MM:SS.DD) 000:00:00:17.18
 Accumulated CPU    Time of present job       (DDD:HH:MM:SS.DD) 000:00:00:00.00
 
 ITERATION         -419
 STARTING SUBJECTS          1 TO       34 ON MANAGER: OK
 STARTING SUBJECTS         35 TO       67 ON WORKER1: OK
 STARTING SUBJECTS         68 TO      100 ON WORKER2: OK
 COLLECTING SUBJECTS        1 TO       34 ON MANAGER
 COLLECTING SUBJECTS       68 TO      100 ON WORKER2
 COLLECTING SUBJECTS       35 TO       67 ON WORKER1
 Tot. mngr. proc.   Time for this  Iteration  (DDD:HH:MM:SS.DD) 000:00:00:00.00
 Total Load         Time for this  Iteration  (DDD:HH:MM:SS.DD) 000:00:00:00.00
 Total Computation  Time for this  Iteration  (DDD:HH:MM:SS.DD) 000:00:00:00.05
 Accum. mngr. proc. Time among all Iterations (DDD:HH:MM:SS.DD) 000:00:00:00.12
 Accumulated Load   Time among all Iterations (DDD:HH:MM:SS.DD) 000:00:00:00.08
 Accumulated Comp.  Time among all Iterations (DDD:HH:MM:SS.DD) 000:00:00:17.23
 Accumulated CPU    Time of present job       (DDD:HH:MM:SS.DD) 000:00:00:00.00
 
 ITERATION         -418
 STARTING SUBJECTS          1 TO       34 ON MANAGER: OK
 STARTING SUBJECTS         35 TO       67 ON WORKER1: OK
 STARTING SUBJECTS         68 TO      100 ON WORKER2: OK
 COLLECTING SUBJECTS        1 TO       34 ON MANAGER
 COLLECTING SUBJECTS       35 TO       67 ON WORKER1
 COLLECTING SUBJECTS       68 TO      100 ON WORKER2
 Tot. mngr. proc.   Time for this  Iteration  (DDD:HH:MM:SS.DD) 000:00:00:00.00
 Total Load         Time for this  Iteration  (DDD:HH:MM:SS.DD) 000:00:00:00.00
 Total Computation  Time for this  Iteration  (DDD:HH:MM:SS.DD) 000:00:00:00.03
 Accum. mngr. proc. Time among all Iterations (DDD:HH:MM:SS.DD) 000:00:00:00.12
 Accumulated Load   Time among all Iterations (DDD:HH:MM:SS.DD) 000:00:00:00.08
 Accumulated Comp.  Time among all Iterations (DDD:HH:MM:SS.DD) 000:00:00:17.26
 Accumulated CPU    Time of present job       (DDD:HH:MM:SS.DD) 000:00:00:00.00
 
 ITERATION         -417
 STARTING SUBJECTS          1 TO       34 ON MANAGER: OK
 STARTING SUBJECTS         35 TO       67 ON WORKER1: OK
 STARTING SUBJECTS         68 TO      100 ON WORKER2: OK
 COLLECTING SUBJECTS        1 TO       34 ON MANAGER
 COLLECTING SUBJECTS       35 TO       67 ON WORKER1
 COLLECTING SUBJECTS       68 TO      100 ON WORKER2
 Tot. mngr. proc.   Time for this  Iteration  (DDD:HH:MM:SS.DD) 000:00:00:00.00
 Total Load         Time for this  Iteration  (DDD:HH:MM:SS.DD) 000:00:00:00.00
 Total Computation  Time for this  Iteration  (DDD:HH:MM:SS.DD) 000:00:00:00.05
 Accum. mngr. proc. Time among all Iterations (DDD:HH:MM:SS.DD) 000:00:00:00.12
 Accumulated Load   Time among all Iterations (DDD:HH:MM:SS.DD) 000:00:00:00.08
 Accumulated Comp.  Time among all Iterations (DDD:HH:MM:SS.DD) 000:00:00:17.30
 Accumulated CPU    Time of present job       (DDD:HH:MM:SS.DD) 000:00:00:00.00
 
 ITERATION         -416
 STARTING SUBJECTS          1 TO       34 ON MANAGER: OK
 STARTING SUBJECTS         35 TO       67 ON WORKER1: OK
 STARTING SUBJECTS         68 TO      100 ON WORKER2: OK
 COLLECTING SUBJECTS        1 TO       34 ON MANAGER
 COLLECTING SUBJECTS       68 TO      100 ON WORKER2
 COLLECTING SUBJECTS       35 TO       67 ON WORKER1
 Tot. mngr. proc.   Time for this  Iteration  (DDD:HH:MM:SS.DD) 000:00:00:00.00
 Total Load         Time for this  Iteration  (DDD:HH:MM:SS.DD) 000:00:00:00.00
 Total Computation  Time for this  Iteration  (DDD:HH:MM:SS.DD) 000:00:00:00.05
 Accum. mngr. proc. Time among all Iterations (DDD:HH:MM:SS.DD) 000:00:00:00.12
 Accumulated Load   Time among all Iterations (DDD:HH:MM:SS.DD) 000:00:00:00.08
 Accumulated Comp.  Time among all Iterations (DDD:HH:MM:SS.DD) 000:00:00:17.35
 Accumulated CPU    Time of present job       (DDD:HH:MM:SS.DD) 000:00:00:00.00
 
 ITERATION         -415
 STARTING SUBJECTS          1 TO       34 ON MANAGER: OK
 STARTING SUBJECTS         35 TO       67 ON WORKER1: OK
 STARTING SUBJECTS         68 TO      100 ON WORKER2: OK
 COLLECTING SUBJECTS        1 TO       34 ON MANAGER
 COLLECTING SUBJECTS       68 TO      100 ON WORKER2
 COLLECTING SUBJECTS       35 TO       67 ON WORKER1
 Tot. mngr. proc.   Time for this  Iteration  (DDD:HH:MM:SS.DD) 000:00:00:00.00
 Total Load         Time for this  Iteration  (DDD:HH:MM:SS.DD) 000:00:00:00.00
 Total Computation  Time for this  Iteration  (DDD:HH:MM:SS.DD) 000:00:00:00.05
 Accum. mngr. proc. Time among all Iterations (DDD:HH:MM:SS.DD) 000:00:00:00.12
 Accumulated Load   Time among all Iterations (DDD:HH:MM:SS.DD) 000:00:00:00.08
 Accumulated Comp.  Time among all Iterations (DDD:HH:MM:SS.DD) 000:00:00:17.40
 Accumulated CPU    Time of present job       (DDD:HH:MM:SS.DD) 000:00:00:00.00
 
 ITERATION         -414
 STARTING SUBJECTS          1 TO       34 ON MANAGER: OK
 STARTING SUBJECTS         35 TO       67 ON WORKER1: OK
 STARTING SUBJECTS         68 TO      100 ON WORKER2: OK
 COLLECTING SUBJECTS        1 TO       34 ON MANAGER
 COLLECTING SUBJECTS       35 TO       67 ON WORKER1
 COLLECTING SUBJECTS       68 TO      100 ON WORKER2
 Tot. mngr. proc.   Time for this  Iteration  (DDD:HH:MM:SS.DD) 000:00:00:00.00
 Total Load         Time for this  Iteration  (DDD:HH:MM:SS.DD) 000:00:00:00.00
 Total Computation  Time for this  Iteration  (DDD:HH:MM:SS.DD) 000:00:00:00.05
 Accum. mngr. proc. Time among all Iterations (DDD:HH:MM:SS.DD) 000:00:00:00.12
 Accumulated Load   Time among all Iterations (DDD:HH:MM:SS.DD) 000:00:00:00.08
 Accumulated Comp.  Time among all Iterations (DDD:HH:MM:SS.DD) 000:00:00:17.44
 Accumulated CPU    Time of present job       (DDD:HH:MM:SS.DD) 000:00:00:00.00
 
 ITERATION         -413
 STARTING SUBJECTS          1 TO       34 ON MANAGER: OK
 STARTING SUBJECTS         35 TO       67 ON WORKER1: OK
 STARTING SUBJECTS         68 TO      100 ON WORKER2: OK
 COLLECTING SUBJECTS        1 TO       34 ON MANAGER
 COLLECTING SUBJECTS       68 TO      100 ON WORKER2
 COLLECTING SUBJECTS       35 TO       67 ON WORKER1
 Tot. mngr. proc.   Time for this  Iteration  (DDD:HH:MM:SS.DD) 000:00:00:00.02
 Total Load         Time for this  Iteration  (DDD:HH:MM:SS.DD) 000:00:00:00.02
 Total Computation  Time for this  Iteration  (DDD:HH:MM:SS.DD) 000:00:00:00.02
 Accum. mngr. proc. Time among all Iterations (DDD:HH:MM:SS.DD) 000:00:00:00.14
 Accumulated Load   Time among all Iterations (DDD:HH:MM:SS.DD) 000:00:00:00.09
 Accumulated Comp.  Time among all Iterations (DDD:HH:MM:SS.DD) 000:00:00:17.46
 Accumulated CPU    Time of present job       (DDD:HH:MM:SS.DD) 000:00:00:00.00
 
 ITERATION         -412
 STARTING SUBJECTS          1 TO       34 ON MANAGER: OK
 STARTING SUBJECTS         35 TO       67 ON WORKER1: OK
 STARTING SUBJECTS         68 TO      100 ON WORKER2: OK
 COLLECTING SUBJECTS        1 TO       34 ON MANAGER
 COLLECTING SUBJECTS       68 TO      100 ON WORKER2
 COLLECTING SUBJECTS       35 TO       67 ON WORKER1
 Tot. mngr. proc.   Time for this  Iteration  (DDD:HH:MM:SS.DD) 000:00:00:00.02
 Total Load         Time for this  Iteration  (DDD:HH:MM:SS.DD) 000:00:00:00.00
 Total Computation  Time for this  Iteration  (DDD:HH:MM:SS.DD) 000:00:00:01.01
 Accum. mngr. proc. Time among all Iterations (DDD:HH:MM:SS.DD) 000:00:00:00.16
 Accumulated Load   Time among all Iterations (DDD:HH:MM:SS.DD) 000:00:00:00.09
 Accumulated Comp.  Time among all Iterations (DDD:HH:MM:SS.DD) 000:00:00:18.47
 Accumulated CPU    Time of present job       (DDD:HH:MM:SS.DD) 000:00:00:00.00
 
 ITERATION         -411
 STARTING SUBJECTS          1 TO       34 ON MANAGER: OK
 STARTING SUBJECTS         35 TO       67 ON WORKER1: OK
 STARTING SUBJECTS         68 TO      100 ON WORKER2: OK
 COLLECTING SUBJECTS        1 TO       34 ON MANAGER
 COLLECTING SUBJECTS       68 TO      100 ON WORKER2
 COLLECTING SUBJECTS       35 TO       67 ON WORKER1
 Tot. mngr. proc.   Time for this  Iteration  (DDD:HH:MM:SS.DD) 000:00:00:00.02
 Total Load         Time for this  Iteration  (DDD:HH:MM:SS.DD) 000:00:00:00.00
 Total Computation  Time for this  Iteration  (DDD:HH:MM:SS.DD) 000:00:00:01.01
 Accum. mngr. proc. Time among all Iterations (DDD:HH:MM:SS.DD) 000:00:00:00.17
 Accumulated Load   Time among all Iterations (DDD:HH:MM:SS.DD) 000:00:00:00.09
 Accumulated Comp.  Time among all Iterations (DDD:HH:MM:SS.DD) 000:00:00:19.47
 Accumulated CPU    Time of present job       (DDD:HH:MM:SS.DD) 000:00:00:00.00
 
 ITERATION         -410
 STARTING SUBJECTS          1 TO       34 ON MANAGER: OK
 STARTING SUBJECTS         35 TO       67 ON WORKER1: OK
 STARTING SUBJECTS         68 TO      100 ON WORKER2: OK
 COLLECTING SUBJECTS        1 TO       34 ON MANAGER
 COLLECTING SUBJECTS       68 TO      100 ON WORKER2
 COLLECTING SUBJECTS       35 TO       67 ON WORKER1
 Tot. mngr. proc.   Time for this  Iteration  (DDD:HH:MM:SS.DD) 000:00:00:00.02
 Total Load         Time for this  Iteration  (DDD:HH:MM:SS.DD) 000:00:00:00.00
 Total Computation  Time for this  Iteration  (DDD:HH:MM:SS.DD) 000:00:00:01.01
 Accum. mngr. proc. Time among all Iterations (DDD:HH:MM:SS.DD) 000:00:00:00.19
 Accumulated Load   Time among all Iterations (DDD:HH:MM:SS.DD) 000:00:00:00.09
 Accumulated Comp.  Time among all Iterations (DDD:HH:MM:SS.DD) 000:00:00:20.48
 Accumulated CPU    Time of present job       (DDD:HH:MM:SS.DD) 000:00:00:00.00
 
 ITERATION         -409
 STARTING SUBJECTS          1 TO       34 ON MANAGER: OK
 STARTING SUBJECTS         35 TO       67 ON WORKER1: OK
 STARTING SUBJECTS         68 TO      100 ON WORKER2: OK
 COLLECTING SUBJECTS        1 TO       34 ON MANAGER
 COLLECTING SUBJECTS       68 TO      100 ON WORKER2
 COLLECTING SUBJECTS       35 TO       67 ON WORKER1
 Tot. mngr. proc.   Time for this  Iteration  (DDD:HH:MM:SS.DD) 000:00:00:00.02
 Total Load         Time for this  Iteration  (DDD:HH:MM:SS.DD) 000:00:00:00.00
 Total Computation  Time for this  Iteration  (DDD:HH:MM:SS.DD) 000:00:00:01.01
 Accum. mngr. proc. Time among all Iterations (DDD:HH:MM:SS.DD) 000:00:00:00.20
 Accumulated Load   Time among all Iterations (DDD:HH:MM:SS.DD) 000:00:00:00.09
 Accumulated Comp.  Time among all Iterations (DDD:HH:MM:SS.DD) 000:00:00:21.48
 Accumulated CPU    Time of present job       (DDD:HH:MM:SS.DD) 000:00:00:00.00
 
 ITERATION         -408
 STARTING SUBJECTS          1 TO       34 ON MANAGER: OK
 STARTING SUBJECTS         35 TO       67 ON WORKER1: OK
 STARTING SUBJECTS         68 TO      100 ON WORKER2: OK
 COLLECTING SUBJECTS        1 TO       34 ON MANAGER
 COLLECTING SUBJECTS       68 TO      100 ON WORKER2
 COLLECTING SUBJECTS       35 TO       67 ON WORKER1
 Tot. mngr. proc.   Time for this  Iteration  (DDD:HH:MM:SS.DD) 000:00:00:00.00
 Total Load         Time for this  Iteration  (DDD:HH:MM:SS.DD) 000:00:00:00.00
 Total Computation  Time for this  Iteration  (DDD:HH:MM:SS.DD) 000:00:00:01.01
 Accum. mngr. proc. Time among all Iterations (DDD:HH:MM:SS.DD) 000:00:00:00.20
 Accumulated Load   Time among all Iterations (DDD:HH:MM:SS.DD) 000:00:00:00.09
 Accumulated Comp.  Time among all Iterations (DDD:HH:MM:SS.DD) 000:00:00:22.49
 Accumulated CPU    Time of present job       (DDD:HH:MM:SS.DD) 000:00:00:00.00
 
 ITERATION         -407
 STARTING SUBJECTS          1 TO       34 ON MANAGER: OK
 STARTING SUBJECTS         35 TO       67 ON WORKER1: OK
 STARTING SUBJECTS         68 TO      100 ON WORKER2: OK
 COLLECTING SUBJECTS        1 TO       34 ON MANAGER
 COLLECTING SUBJECTS       68 TO      100 ON WORKER2
 COLLECTING SUBJECTS       35 TO       67 ON WORKER1
 Tot. mngr. proc.   Time for this  Iteration  (DDD:HH:MM:SS.DD) 000:00:00:00.00
 Total Load         Time for this  Iteration  (DDD:HH:MM:SS.DD) 000:00:00:00.00
 Total Computation  Time for this  Iteration  (DDD:HH:MM:SS.DD) 000:00:00:00.03
 Accum. mngr. proc. Time among all Iterations (DDD:HH:MM:SS.DD) 000:00:00:00.20
 Accumulated Load   Time among all Iterations (DDD:HH:MM:SS.DD) 000:00:00:00.09
 Accumulated Comp.  Time among all Iterations (DDD:HH:MM:SS.DD) 000:00:00:22.52
 Accumulated CPU    Time of present job       (DDD:HH:MM:SS.DD) 000:00:00:00.00
 
 ITERATION         -406
 STARTING SUBJECTS          1 TO       34 ON MANAGER: OK
 STARTING SUBJECTS         35 TO       67 ON WORKER1: OK
 STARTING SUBJECTS         68 TO      100 ON WORKER2: OK
 COLLECTING SUBJECTS        1 TO       34 ON MANAGER
 COLLECTING SUBJECTS       68 TO      100 ON WORKER2
 COLLECTING SUBJECTS       35 TO       67 ON WORKER1
 Tot. mngr. proc.   Time for this  Iteration  (DDD:HH:MM:SS.DD) 000:00:00:00.00
 Total Load         Time for this  Iteration  (DDD:HH:MM:SS.DD) 000:00:00:00.00
 Total Computation  Time for this  Iteration  (DDD:HH:MM:SS.DD) 000:00:00:01.01
 Accum. mngr. proc. Time among all Iterations (DDD:HH:MM:SS.DD) 000:00:00:00.20
 Accumulated Load   Time among all Iterations (DDD:HH:MM:SS.DD) 000:00:00:00.09
 Accumulated Comp.  Time among all Iterations (DDD:HH:MM:SS.DD) 000:00:00:23.53
 Accumulated CPU    Time of present job       (DDD:HH:MM:SS.DD) 000:00:00:00.00
 
 ITERATION         -405
 STARTING SUBJECTS          1 TO       34 ON MANAGER: OK
 STARTING SUBJECTS         35 TO       67 ON WORKER1: OK
 STARTING SUBJECTS         68 TO      100 ON WORKER2: OK
 COLLECTING SUBJECTS        1 TO       34 ON MANAGER
 COLLECTING SUBJECTS       68 TO      100 ON WORKER2
 COLLECTING SUBJECTS       35 TO       67 ON WORKER1
 Tot. mngr. proc.   Time for this  Iteration  (DDD:HH:MM:SS.DD) 000:00:00:00.00
 Total Load         Time for this  Iteration  (DDD:HH:MM:SS.DD) 000:00:00:00.00
 Total Computation  Time for this  Iteration  (DDD:HH:MM:SS.DD) 000:00:00:00.03
 Accum. mngr. proc. Time among all Iterations (DDD:HH:MM:SS.DD) 000:00:00:00.20
 Accumulated Load   Time among all Iterations (DDD:HH:MM:SS.DD) 000:00:00:00.09
 Accumulated Comp.  Time among all Iterations (DDD:HH:MM:SS.DD) 000:00:00:23.56
 Accumulated CPU    Time of present job       (DDD:HH:MM:SS.DD) 000:00:00:00.00
 
 ITERATION         -404
 STARTING SUBJECTS          1 TO       34 ON MANAGER: OK
 STARTING SUBJECTS         35 TO       67 ON WORKER1: OK
 STARTING SUBJECTS         68 TO      100 ON WORKER2: OK
 COLLECTING SUBJECTS        1 TO       34 ON MANAGER
 COLLECTING SUBJECTS       68 TO      100 ON WORKER2
 COLLECTING SUBJECTS       35 TO       67 ON WORKER1
 Tot. mngr. proc.   Time for this  Iteration  (DDD:HH:MM:SS.DD) 000:00:00:00.00
 Total Load         Time for this  Iteration  (DDD:HH:MM:SS.DD) 000:00:00:00.00
 Total Computation  Time for this  Iteration  (DDD:HH:MM:SS.DD) 000:00:00:00.03
 Accum. mngr. proc. Time among all Iterations (DDD:HH:MM:SS.DD) 000:00:00:00.20
 Accumulated Load   Time among all Iterations (DDD:HH:MM:SS.DD) 000:00:00:00.09
 Accumulated Comp.  Time among all Iterations (DDD:HH:MM:SS.DD) 000:00:00:23.59
 Accumulated CPU    Time of present job       (DDD:HH:MM:SS.DD) 000:00:00:00.00
 
 ITERATION         -403
 STARTING SUBJECTS          1 TO       34 ON MANAGER: OK
 STARTING SUBJECTS         35 TO       67 ON WORKER1: OK
 STARTING SUBJECTS         68 TO      100 ON WORKER2: OK
 COLLECTING SUBJECTS        1 TO       34 ON MANAGER
 COLLECTING SUBJECTS       68 TO      100 ON WORKER2
 COLLECTING SUBJECTS       35 TO       67 ON WORKER1
 Tot. mngr. proc.   Time for this  Iteration  (DDD:HH:MM:SS.DD) 000:00:00:00.00
 Total Load         Time for this  Iteration  (DDD:HH:MM:SS.DD) 000:00:00:00.00
 Total Computation  Time for this  Iteration  (DDD:HH:MM:SS.DD) 000:00:00:00.03
 Accum. mngr. proc. Time among all Iterations (DDD:HH:MM:SS.DD) 000:00:00:00.20
 Accumulated Load   Time among all Iterations (DDD:HH:MM:SS.DD) 000:00:00:00.09
 Accumulated Comp.  Time among all Iterations (DDD:HH:MM:SS.DD) 000:00:00:23.62
 Accumulated CPU    Time of present job       (DDD:HH:MM:SS.DD) 000:00:00:00.00
 
 ITERATION         -402
 STARTING SUBJECTS          1 TO       34 ON MANAGER: OK
 STARTING SUBJECTS         35 TO       67 ON WORKER1: OK
 STARTING SUBJECTS         68 TO      100 ON WORKER2: OK
 COLLECTING SUBJECTS        1 TO       34 ON MANAGER
 COLLECTING SUBJECTS       68 TO      100 ON WORKER2
 COLLECTING SUBJECTS       35 TO       67 ON WORKER1
 Tot. mngr. proc.   Time for this  Iteration  (DDD:HH:MM:SS.DD) 000:00:00:00.00
 Total Load         Time for this  Iteration  (DDD:HH:MM:SS.DD) 000:00:00:00.00
 Total Computation  Time for this  Iteration  (DDD:HH:MM:SS.DD) 000:00:00:01.01
 Accum. mngr. proc. Time among all Iterations (DDD:HH:MM:SS.DD) 000:00:00:00.20
 Accumulated Load   Time among all Iterations (DDD:HH:MM:SS.DD) 000:00:00:00.09
 Accumulated Comp.  Time among all Iterations (DDD:HH:MM:SS.DD) 000:00:00:24.64
 Accumulated CPU    Time of present job       (DDD:HH:MM:SS.DD) 000:00:00:00.00
 
 ITERATION         -401
 STARTING SUBJECTS          1 TO       34 ON MANAGER: OK
 STARTING SUBJECTS         35 TO       67 ON WORKER1: OK
 STARTING SUBJECTS         68 TO      100 ON WORKER2: OK
 COLLECTING SUBJECTS        1 TO       34 ON MANAGER
 COLLECTING SUBJECTS       68 TO      100 ON WORKER2
 COLLECTING SUBJECTS       35 TO       67 ON WORKER1
 Tot. mngr. proc.   Time for this  Iteration  (DDD:HH:MM:SS.DD) 000:00:00:00.00
 Total Load         Time for this  Iteration  (DDD:HH:MM:SS.DD) 000:00:00:00.00
 Total Computation  Time for this  Iteration  (DDD:HH:MM:SS.DD) 000:00:00:00.03
 Accum. mngr. proc. Time among all Iterations (DDD:HH:MM:SS.DD) 000:00:00:00.20
 Accumulated Load   Time among all Iterations (DDD:HH:MM:SS.DD) 000:00:00:00.09
 Accumulated Comp.  Time among all Iterations (DDD:HH:MM:SS.DD) 000:00:00:24.67
 Accumulated CPU    Time of present job       (DDD:HH:MM:SS.DD) 000:00:00:00.00
 
 ITERATION         -400
 STARTING SUBJECTS          1 TO       34 ON MANAGER: OK
 STARTING SUBJECTS         35 TO       67 ON WORKER1: OK
 STARTING SUBJECTS         68 TO      100 ON WORKER2: OK
 COLLECTING SUBJECTS        1 TO       34 ON MANAGER
 COLLECTING SUBJECTS       68 TO      100 ON WORKER2
 COLLECTING SUBJECTS       35 TO       67 ON WORKER1
 Tot. mngr. proc.   Time for this  Iteration  (DDD:HH:MM:SS.DD) 000:00:00:00.00
 Total Load         Time for this  Iteration  (DDD:HH:MM:SS.DD) 000:00:00:00.00
 Total Computation  Time for this  Iteration  (DDD:HH:MM:SS.DD) 000:00:00:00.02
 Accum. mngr. proc. Time among all Iterations (DDD:HH:MM:SS.DD) 000:00:00:00.20
 Accumulated Load   Time among all Iterations (DDD:HH:MM:SS.DD) 000:00:00:00.09
 Accumulated Comp.  Time among all Iterations (DDD:HH:MM:SS.DD) 000:00:00:24.68
 Accumulated CPU    Time of present job       (DDD:HH:MM:SS.DD) 000:00:00:00.00
 
 ITERATION         -399
 STARTING SUBJECTS          1 TO       34 ON MANAGER: OK
 STARTING SUBJECTS         35 TO       68 ON WORKER1: OK
 STARTING SUBJECTS         69 TO      100 ON WORKER2: OK
 COLLECTING SUBJECTS        1 TO       34 ON MANAGER
 COLLECTING SUBJECTS       69 TO      100 ON WORKER2
 COLLECTING SUBJECTS       35 TO       68 ON WORKER1
 Tot. mngr. proc.   Time for this  Iteration  (DDD:HH:MM:SS.DD) 000:00:00:00.00
 Total Load         Time for this  Iteration  (DDD:HH:MM:SS.DD) 000:00:00:00.00
 Total Computation  Time for this  Iteration  (DDD:HH:MM:SS.DD) 000:00:00:01.01
 Accum. mngr. proc. Time among all Iterations (DDD:HH:MM:SS.DD) 000:00:00:00.20
 Accumulated Load   Time among all Iterations (DDD:HH:MM:SS.DD) 000:00:00:00.09
 Accumulated Comp.  Time among all Iterations (DDD:HH:MM:SS.DD) 000:00:00:25.69
 Accumulated CPU    Time of present job       (DDD:HH:MM:SS.DD) 000:00:00:00.00
 
 ITERATION         -398
 STARTING SUBJECTS          1 TO       34 ON MANAGER: OK
 STARTING SUBJECTS         35 TO       68 ON WORKER1: OK
 STARTING SUBJECTS         69 TO      100 ON WORKER2: OK
 COLLECTING SUBJECTS        1 TO       34 ON MANAGER
 COLLECTING SUBJECTS       69 TO      100 ON WORKER2
 COLLECTING SUBJECTS       35 TO       68 ON WORKER1
 Tot. mngr. proc.   Time for this  Iteration  (DDD:HH:MM:SS.DD) 000:00:00:00.00
 Total Load         Time for this  Iteration  (DDD:HH:MM:SS.DD) 000:00:00:00.00
 Total Computation  Time for this  Iteration  (DDD:HH:MM:SS.DD) 000:00:00:01.01
 Accum. mngr. proc. Time among all Iterations (DDD:HH:MM:SS.DD) 000:00:00:00.20
 Accumulated Load   Time among all Iterations (DDD:HH:MM:SS.DD) 000:00:00:00.09
 Accumulated Comp.  Time among all Iterations (DDD:HH:MM:SS.DD) 000:00:00:26.69
 Accumulated CPU    Time of present job       (DDD:HH:MM:SS.DD) 000:00:00:00.00
 
 ITERATION         -397
 STARTING SUBJECTS          1 TO       34 ON MANAGER: OK
 STARTING SUBJECTS         35 TO       68 ON WORKER1: OK
 STARTING SUBJECTS         69 TO      100 ON WORKER2: OK
 COLLECTING SUBJECTS        1 TO       34 ON MANAGER
 COLLECTING SUBJECTS       69 TO      100 ON WORKER2
 COLLECTING SUBJECTS       35 TO       68 ON WORKER1
 Tot. mngr. proc.   Time for this  Iteration  (DDD:HH:MM:SS.DD) 000:00:00:00.00
 Total Load         Time for this  Iteration  (DDD:HH:MM:SS.DD) 000:00:00:00.00
 Total Computation  Time for this  Iteration  (DDD:HH:MM:SS.DD) 000:00:00:00.05
 Accum. mngr. proc. Time among all Iterations (DDD:HH:MM:SS.DD) 000:00:00:00.20
 Accumulated Load   Time among all Iterations (DDD:HH:MM:SS.DD) 000:00:00:00.09
 Accumulated Comp.  Time among all Iterations (DDD:HH:MM:SS.DD) 000:00:00:26.74
 Accumulated CPU    Time of present job       (DDD:HH:MM:SS.DD) 000:00:00:00.00
 
 ITERATION         -396
 STARTING SUBJECTS          1 TO       34 ON MANAGER: OK
 STARTING SUBJECTS         35 TO       67 ON WORKER1: OK
 STARTING SUBJECTS         68 TO      100 ON WORKER2: OK
 COLLECTING SUBJECTS        1 TO       34 ON MANAGER
 COLLECTING SUBJECTS       35 TO       67 ON WORKER1
 COLLECTING SUBJECTS       68 TO      100 ON WORKER2
 Tot. mngr. proc.   Time for this  Iteration  (DDD:HH:MM:SS.DD) 000:00:00:00.00
 Total Load         Time for this  Iteration  (DDD:HH:MM:SS.DD) 000:00:00:00.00
 Total Computation  Time for this  Iteration  (DDD:HH:MM:SS.DD) 000:00:00:00.05
 Accum. mngr. proc. Time among all Iterations (DDD:HH:MM:SS.DD) 000:00:00:00.20
 Accumulated Load   Time among all Iterations (DDD:HH:MM:SS.DD) 000:00:00:00.09
 Accumulated Comp.  Time among all Iterations (DDD:HH:MM:SS.DD) 000:00:00:26.79
 Accumulated CPU    Time of present job       (DDD:HH:MM:SS.DD) 000:00:00:00.00
 
 ITERATION         -395
 STARTING SUBJECTS          1 TO       34 ON MANAGER: OK
 STARTING SUBJECTS         35 TO       67 ON WORKER1: OK
 STARTING SUBJECTS         68 TO      100 ON WORKER2: OK
 COLLECTING SUBJECTS        1 TO       34 ON MANAGER
 COLLECTING SUBJECTS       68 TO      100 ON WORKER2
 COLLECTING SUBJECTS       35 TO       67 ON WORKER1
 Tot. mngr. proc.   Time for this  Iteration  (DDD:HH:MM:SS.DD) 000:00:00:00.00
 Total Load         Time for this  Iteration  (DDD:HH:MM:SS.DD) 000:00:00:00.00
 Total Computation  Time for this  Iteration  (DDD:HH:MM:SS.DD) 000:00:00:00.05
 Accum. mngr. proc. Time among all Iterations (DDD:HH:MM:SS.DD) 000:00:00:00.20
 Accumulated Load   Time among all Iterations (DDD:HH:MM:SS.DD) 000:00:00:00.09
 Accumulated Comp.  Time among all Iterations (DDD:HH:MM:SS.DD) 000:00:00:26.83
 Accumulated CPU    Time of present job       (DDD:HH:MM:SS.DD) 000:00:00:00.00
 
 ITERATION         -394
 STARTING SUBJECTS          1 TO       34 ON MANAGER: OK
 STARTING SUBJECTS         35 TO       67 ON WORKER1: OK
 STARTING SUBJECTS         68 TO      100 ON WORKER2: OK
 COLLECTING SUBJECTS        1 TO       34 ON MANAGER
 COLLECTING SUBJECTS       68 TO      100 ON WORKER2
 COLLECTING SUBJECTS       35 TO       67 ON WORKER1
 Tot. mngr. proc.   Time for this  Iteration  (DDD:HH:MM:SS.DD) 000:00:00:00.00
 Total Load         Time for this  Iteration  (DDD:HH:MM:SS.DD) 000:00:00:00.00
 Total Computation  Time for this  Iteration  (DDD:HH:MM:SS.DD) 000:00:00:00.05
 Accum. mngr. proc. Time among all Iterations (DDD:HH:MM:SS.DD) 000:00:00:00.20
 Accumulated Load   Time among all Iterations (DDD:HH:MM:SS.DD) 000:00:00:00.09
 Accumulated Comp.  Time among all Iterations (DDD:HH:MM:SS.DD) 000:00:00:26.88
 Accumulated CPU    Time of present job       (DDD:HH:MM:SS.DD) 000:00:00:00.00
 
 ITERATION         -393
 STARTING SUBJECTS          1 TO       34 ON MANAGER: OK
 STARTING SUBJECTS         35 TO       67 ON WORKER1: OK
 STARTING SUBJECTS         68 TO      100 ON WORKER2: OK
 COLLECTING SUBJECTS        1 TO       34 ON MANAGER
 COLLECTING SUBJECTS       35 TO       67 ON WORKER1
 COLLECTING SUBJECTS       68 TO      100 ON WORKER2
 Tot. mngr. proc.   Time for this  Iteration  (DDD:HH:MM:SS.DD) 000:00:00:00.00
 Total Load         Time for this  Iteration  (DDD:HH:MM:SS.DD) 000:00:00:00.00
 Total Computation  Time for this  Iteration  (DDD:HH:MM:SS.DD) 000:00:00:00.05
 Accum. mngr. proc. Time among all Iterations (DDD:HH:MM:SS.DD) 000:00:00:00.20
 Accumulated Load   Time among all Iterations (DDD:HH:MM:SS.DD) 000:00:00:00.09
 Accumulated Comp.  Time among all Iterations (DDD:HH:MM:SS.DD) 000:00:00:26.93
 Accumulated CPU    Time of present job       (DDD:HH:MM:SS.DD) 000:00:00:00.00
 
 ITERATION         -392
 STARTING SUBJECTS          1 TO       34 ON MANAGER: OK
 STARTING SUBJECTS         35 TO       67 ON WORKER1: OK
 STARTING SUBJECTS         68 TO      100 ON WORKER2: OK
 COLLECTING SUBJECTS        1 TO       34 ON MANAGER
 COLLECTING SUBJECTS       68 TO      100 ON WORKER2
 COLLECTING SUBJECTS       35 TO       67 ON WORKER1
 Tot. mngr. proc.   Time for this  Iteration  (DDD:HH:MM:SS.DD) 000:00:00:00.00
 Total Load         Time for this  Iteration  (DDD:HH:MM:SS.DD) 000:00:00:00.00
 Total Computation  Time for this  Iteration  (DDD:HH:MM:SS.DD) 000:00:00:01.02
 Accum. mngr. proc. Time among all Iterations (DDD:HH:MM:SS.DD) 000:00:00:00.20
 Accumulated Load   Time among all Iterations (DDD:HH:MM:SS.DD) 000:00:00:00.09
 Accumulated Comp.  Time among all Iterations (DDD:HH:MM:SS.DD) 000:00:00:27.94
 Accumulated CPU    Time of present job       (DDD:HH:MM:SS.DD) 000:00:00:00.00
 
 ITERATION         -391
 STARTING SUBJECTS          1 TO       34 ON MANAGER: OK
 STARTING SUBJECTS         35 TO       67 ON WORKER1: OK
 STARTING SUBJECTS         68 TO      100 ON WORKER2: OK
 COLLECTING SUBJECTS        1 TO       34 ON MANAGER
 COLLECTING SUBJECTS       68 TO      100 ON WORKER2
 COLLECTING SUBJECTS       35 TO       67 ON WORKER1
 Tot. mngr. proc.   Time for this  Iteration  (DDD:HH:MM:SS.DD) 000:00:00:00.00
 Total Load         Time for this  Iteration  (DDD:HH:MM:SS.DD) 000:00:00:00.00
 Total Computation  Time for this  Iteration  (DDD:HH:MM:SS.DD) 000:00:00:00.05
 Accum. mngr. proc. Time among all Iterations (DDD:HH:MM:SS.DD) 000:00:00:00.20
 Accumulated Load   Time among all Iterations (DDD:HH:MM:SS.DD) 000:00:00:00.09
 Accumulated Comp.  Time among all Iterations (DDD:HH:MM:SS.DD) 000:00:00:27.99
 Accumulated CPU    Time of present job       (DDD:HH:MM:SS.DD) 000:00:00:00.00
 
 ITERATION         -390
 STARTING SUBJECTS          1 TO       34 ON MANAGER: OK
 STARTING SUBJECTS         35 TO       67 ON WORKER1: OK
 STARTING SUBJECTS         68 TO      100 ON WORKER2: OK
 COLLECTING SUBJECTS        1 TO       34 ON MANAGER
 COLLECTING SUBJECTS       68 TO      100 ON WORKER2
 COLLECTING SUBJECTS       35 TO       67 ON WORKER1
 Tot. mngr. proc.   Time for this  Iteration  (DDD:HH:MM:SS.DD) 000:00:00:00.02
 Total Load         Time for this  Iteration  (DDD:HH:MM:SS.DD) 000:00:00:00.02
 Total Computation  Time for this  Iteration  (DDD:HH:MM:SS.DD) 000:00:00:01.02
 Accum. mngr. proc. Time among all Iterations (DDD:HH:MM:SS.DD) 000:00:00:00.22
 Accumulated Load   Time among all Iterations (DDD:HH:MM:SS.DD) 000:00:00:00.11
 Accumulated Comp.  Time among all Iterations (DDD:HH:MM:SS.DD) 000:00:00:29.01
 Accumulated CPU    Time of present job       (DDD:HH:MM:SS.DD) 000:00:00:00.00
 
 ITERATION         -389
 STARTING SUBJECTS          1 TO       34 ON MANAGER: OK
 STARTING SUBJECTS         35 TO       67 ON WORKER1: OK
 STARTING SUBJECTS         68 TO      100 ON WORKER2: OK
 COLLECTING SUBJECTS        1 TO       34 ON MANAGER
 COLLECTING SUBJECTS       68 TO      100 ON WORKER2
 COLLECTING SUBJECTS       35 TO       67 ON WORKER1
 Tot. mngr. proc.   Time for this  Iteration  (DDD:HH:MM:SS.DD) 000:00:00:00.02
 Total Load         Time for this  Iteration  (DDD:HH:MM:SS.DD) 000:00:00:00.00
 Total Computation  Time for this  Iteration  (DDD:HH:MM:SS.DD) 000:00:00:01.02
 Accum. mngr. proc. Time among all Iterations (DDD:HH:MM:SS.DD) 000:00:00:00.23
 Accumulated Load   Time among all Iterations (DDD:HH:MM:SS.DD) 000:00:00:00.11
 Accumulated Comp.  Time among all Iterations (DDD:HH:MM:SS.DD) 000:00:00:30.03
 Accumulated CPU    Time of present job       (DDD:HH:MM:SS.DD) 000:00:00:00.00
 
 ITERATION         -388
 STARTING SUBJECTS          1 TO       34 ON MANAGER: OK
 STARTING SUBJECTS         35 TO       67 ON WORKER1: OK
 STARTING SUBJECTS         68 TO      100 ON WORKER2: OK
 COLLECTING SUBJECTS        1 TO       34 ON MANAGER
 COLLECTING SUBJECTS       68 TO      100 ON WORKER2
 COLLECTING SUBJECTS       35 TO       67 ON WORKER1
 Tot. mngr. proc.   Time for this  Iteration  (DDD:HH:MM:SS.DD) 000:00:00:00.02
 Total Load         Time for this  Iteration  (DDD:HH:MM:SS.DD) 000:00:00:00.00
 Total Computation  Time for this  Iteration  (DDD:HH:MM:SS.DD) 000:00:00:01.02
 Accum. mngr. proc. Time among all Iterations (DDD:HH:MM:SS.DD) 000:00:00:00.25
 Accumulated Load   Time among all Iterations (DDD:HH:MM:SS.DD) 000:00:00:00.11
 Accumulated Comp.  Time among all Iterations (DDD:HH:MM:SS.DD) 000:00:00:31.04
 Accumulated CPU    Time of present job       (DDD:HH:MM:SS.DD) 000:00:00:00.00
 
 ITERATION         -387
 STARTING SUBJECTS          1 TO       34 ON MANAGER: OK
 STARTING SUBJECTS         35 TO       67 ON WORKER1: OK
 STARTING SUBJECTS         68 TO      100 ON WORKER2: OK
 COLLECTING SUBJECTS        1 TO       34 ON MANAGER
 COLLECTING SUBJECTS       68 TO      100 ON WORKER2
 COLLECTING SUBJECTS       35 TO       67 ON WORKER1
 Tot. mngr. proc.   Time for this  Iteration  (DDD:HH:MM:SS.DD) 000:00:00:00.02
 Total Load         Time for this  Iteration  (DDD:HH:MM:SS.DD) 000:00:00:00.00
 Total Computation  Time for this  Iteration  (DDD:HH:MM:SS.DD) 000:00:00:01.02
 Accum. mngr. proc. Time among all Iterations (DDD:HH:MM:SS.DD) 000:00:00:00.27
 Accumulated Load   Time among all Iterations (DDD:HH:MM:SS.DD) 000:00:00:00.11
 Accumulated Comp.  Time among all Iterations (DDD:HH:MM:SS.DD) 000:00:00:32.06
 Accumulated CPU    Time of present job       (DDD:HH:MM:SS.DD) 000:00:00:00.00
 
 ITERATION         -386
 STARTING SUBJECTS          1 TO       34 ON MANAGER: OK
 STARTING SUBJECTS         35 TO       67 ON WORKER1: OK
 STARTING SUBJECTS         68 TO      100 ON WORKER2: OK
 COLLECTING SUBJECTS        1 TO       34 ON MANAGER
 COLLECTING SUBJECTS       68 TO      100 ON WORKER2
 COLLECTING SUBJECTS       35 TO       67 ON WORKER1
 Tot. mngr. proc.   Time for this  Iteration  (DDD:HH:MM:SS.DD) 000:00:00:00.02
 Total Load         Time for this  Iteration  (DDD:HH:MM:SS.DD) 000:00:00:00.00
 Total Computation  Time for this  Iteration  (DDD:HH:MM:SS.DD) 000:00:00:01.02
 Accum. mngr. proc. Time among all Iterations (DDD:HH:MM:SS.DD) 000:00:00:00.28
 Accumulated Load   Time among all Iterations (DDD:HH:MM:SS.DD) 000:00:00:00.11
 Accumulated Comp.  Time among all Iterations (DDD:HH:MM:SS.DD) 000:00:00:33.08
 Accumulated CPU    Time of present job       (DDD:HH:MM:SS.DD) 000:00:00:00.00
 
 ITERATION         -385
 STARTING SUBJECTS          1 TO       34 ON MANAGER: OK
 STARTING SUBJECTS         35 TO       67 ON WORKER1: OK
 STARTING SUBJECTS         68 TO      100 ON WORKER2: OK
 COLLECTING SUBJECTS        1 TO       34 ON MANAGER
 COLLECTING SUBJECTS       68 TO      100 ON WORKER2
 COLLECTING SUBJECTS       35 TO       67 ON WORKER1
 Tot. mngr. proc.   Time for this  Iteration  (DDD:HH:MM:SS.DD) 000:00:00:00.02
 Total Load         Time for this  Iteration  (DDD:HH:MM:SS.DD) 000:00:00:00.00
 Total Computation  Time for this  Iteration  (DDD:HH:MM:SS.DD) 000:00:00:01.02
 Accum. mngr. proc. Time among all Iterations (DDD:HH:MM:SS.DD) 000:00:00:00.30
 Accumulated Load   Time among all Iterations (DDD:HH:MM:SS.DD) 000:00:00:00.11
 Accumulated Comp.  Time among all Iterations (DDD:HH:MM:SS.DD) 000:00:00:34.09
 Accumulated CPU    Time of present job       (DDD:HH:MM:SS.DD) 000:00:00:00.00
 
 ITERATION         -384
 STARTING SUBJECTS          1 TO       34 ON MANAGER: OK
 STARTING SUBJECTS         35 TO       67 ON WORKER1: OK
 STARTING SUBJECTS         68 TO      100 ON WORKER2: OK
 COLLECTING SUBJECTS        1 TO       34 ON MANAGER
 COLLECTING SUBJECTS       68 TO      100 ON WORKER2
 COLLECTING SUBJECTS       35 TO       67 ON WORKER1
 Tot. mngr. proc.   Time for this  Iteration  (DDD:HH:MM:SS.DD) 000:00:00:00.02
 Total Load         Time for this  Iteration  (DDD:HH:MM:SS.DD) 000:00:00:00.00
 Total Computation  Time for this  Iteration  (DDD:HH:MM:SS.DD) 000:00:00:01.02
 Accum. mngr. proc. Time among all Iterations (DDD:HH:MM:SS.DD) 000:00:00:00.31
 Accumulated Load   Time among all Iterations (DDD:HH:MM:SS.DD) 000:00:00:00.11
 Accumulated Comp.  Time among all Iterations (DDD:HH:MM:SS.DD) 000:00:00:35.11
 Accumulated CPU    Time of present job       (DDD:HH:MM:SS.DD) 000:00:00:00.00
 
 ITERATION         -383
 STARTING SUBJECTS          1 TO       34 ON MANAGER: OK
 STARTING SUBJECTS         35 TO       67 ON WORKER1: OK
 STARTING SUBJECTS         68 TO      100 ON WORKER2: OK
 COLLECTING SUBJECTS        1 TO       34 ON MANAGER
 COLLECTING SUBJECTS       68 TO      100 ON WORKER2
 COLLECTING SUBJECTS       35 TO       67 ON WORKER1
 Tot. mngr. proc.   Time for this  Iteration  (DDD:HH:MM:SS.DD) 000:00:00:00.02
 Total Load         Time for this  Iteration  (DDD:HH:MM:SS.DD) 000:00:00:00.00
 Total Computation  Time for this  Iteration  (DDD:HH:MM:SS.DD) 000:00:00:01.02
 Accum. mngr. proc. Time among all Iterations (DDD:HH:MM:SS.DD) 000:00:00:00.33
 Accumulated Load   Time among all Iterations (DDD:HH:MM:SS.DD) 000:00:00:00.11
 Accumulated Comp.  Time among all Iterations (DDD:HH:MM:SS.DD) 000:00:00:36.13
 Accumulated CPU    Time of present job       (DDD:HH:MM:SS.DD) 000:00:00:00.00
 
 ITERATION         -382
 STARTING SUBJECTS          1 TO       34 ON MANAGER: OK
 STARTING SUBJECTS         35 TO       67 ON WORKER1: OK
 STARTING SUBJECTS         68 TO      100 ON WORKER2: OK
 COLLECTING SUBJECTS        1 TO       34 ON MANAGER
 COLLECTING SUBJECTS       68 TO      100 ON WORKER2
 COLLECTING SUBJECTS       35 TO       67 ON WORKER1
 Tot. mngr. proc.   Time for this  Iteration  (DDD:HH:MM:SS.DD) 000:00:00:00.02
 Total Load         Time for this  Iteration  (DDD:HH:MM:SS.DD) 000:00:00:00.00
 Total Computation  Time for this  Iteration  (DDD:HH:MM:SS.DD) 000:00:00:01.02
 Accum. mngr. proc. Time among all Iterations (DDD:HH:MM:SS.DD) 000:00:00:00.34
 Accumulated Load   Time among all Iterations (DDD:HH:MM:SS.DD) 000:00:00:00.11
 Accumulated Comp.  Time among all Iterations (DDD:HH:MM:SS.DD) 000:00:00:37.14
 Accumulated CPU    Time of present job       (DDD:HH:MM:SS.DD) 000:00:00:00.00
 
 ITERATION         -381
 STARTING SUBJECTS          1 TO       34 ON MANAGER: OK
 STARTING SUBJECTS         35 TO       67 ON WORKER1: OK
 STARTING SUBJECTS         68 TO      100 ON WORKER2: OK
 COLLECTING SUBJECTS        1 TO       34 ON MANAGER
 COLLECTING SUBJECTS       68 TO      100 ON WORKER2
 COLLECTING SUBJECTS       35 TO       67 ON WORKER1
 Tot. mngr. proc.   Time for this  Iteration  (DDD:HH:MM:SS.DD) 000:00:00:00.02
 Total Load         Time for this  Iteration  (DDD:HH:MM:SS.DD) 000:00:00:00.00
 Total Computation  Time for this  Iteration  (DDD:HH:MM:SS.DD) 000:00:00:01.02
 Accum. mngr. proc. Time among all Iterations (DDD:HH:MM:SS.DD) 000:00:00:00.36
 Accumulated Load   Time among all Iterations (DDD:HH:MM:SS.DD) 000:00:00:00.11
 Accumulated Comp.  Time among all Iterations (DDD:HH:MM:SS.DD) 000:00:00:38.16
 Accumulated CPU    Time of present job       (DDD:HH:MM:SS.DD) 000:00:00:00.00
 
 ITERATION         -380
 STARTING SUBJECTS          1 TO       34 ON MANAGER: OK
 STARTING SUBJECTS         35 TO       67 ON WORKER1: OK
 STARTING SUBJECTS         68 TO      100 ON WORKER2: OK
 COLLECTING SUBJECTS        1 TO       34 ON MANAGER
 COLLECTING SUBJECTS       68 TO      100 ON WORKER2
 COLLECTING SUBJECTS       35 TO       67 ON WORKER1
 Tot. mngr. proc.   Time for this  Iteration  (DDD:HH:MM:SS.DD) 000:00:00:00.00
 Total Load         Time for this  Iteration  (DDD:HH:MM:SS.DD) 000:00:00:00.00
 Total Computation  Time for this  Iteration  (DDD:HH:MM:SS.DD) 000:00:00:01.02
 Accum. mngr. proc. Time among all Iterations (DDD:HH:MM:SS.DD) 000:00:00:00.36
 Accumulated Load   Time among all Iterations (DDD:HH:MM:SS.DD) 000:00:00:00.11
 Accumulated Comp.  Time among all Iterations (DDD:HH:MM:SS.DD) 000:00:00:39.18
 Accumulated CPU    Time of present job       (DDD:HH:MM:SS.DD) 000:00:00:00.00
 
 ITERATION         -379
 STARTING SUBJECTS          1 TO       34 ON MANAGER: OK
 STARTING SUBJECTS         35 TO       67 ON WORKER1: OK
 STARTING SUBJECTS         68 TO      100 ON WORKER2: OK
 COLLECTING SUBJECTS        1 TO       34 ON MANAGER
 COLLECTING SUBJECTS       68 TO      100 ON WORKER2
 COLLECTING SUBJECTS       35 TO       67 ON WORKER1
 Tot. mngr. proc.   Time for this  Iteration  (DDD:HH:MM:SS.DD) 000:00:00:00.00
 Total Load         Time for this  Iteration  (DDD:HH:MM:SS.DD) 000:00:00:00.00
 Total Computation  Time for this  Iteration  (DDD:HH:MM:SS.DD) 000:00:00:00.05
 Accum. mngr. proc. Time among all Iterations (DDD:HH:MM:SS.DD) 000:00:00:00.36
 Accumulated Load   Time among all Iterations (DDD:HH:MM:SS.DD) 000:00:00:00.11
 Accumulated Comp.  Time among all Iterations (DDD:HH:MM:SS.DD) 000:00:00:39.22
 Accumulated CPU    Time of present job       (DDD:HH:MM:SS.DD) 000:00:00:00.00
 
 ITERATION         -378
 STARTING SUBJECTS          1 TO       34 ON MANAGER: OK
 STARTING SUBJECTS         35 TO       67 ON WORKER1: OK
 STARTING SUBJECTS         68 TO      100 ON WORKER2: OK
 COLLECTING SUBJECTS        1 TO       34 ON MANAGER
 COLLECTING SUBJECTS       68 TO      100 ON WORKER2
 COLLECTING SUBJECTS       35 TO       67 ON WORKER1
 Tot. mngr. proc.   Time for this  Iteration  (DDD:HH:MM:SS.DD) 000:00:00:00.00
 Total Load         Time for this  Iteration  (DDD:HH:MM:SS.DD) 000:00:00:00.00
 Total Computation  Time for this  Iteration  (DDD:HH:MM:SS.DD) 000:00:00:00.05
 Accum. mngr. proc. Time among all Iterations (DDD:HH:MM:SS.DD) 000:00:00:00.36
 Accumulated Load   Time among all Iterations (DDD:HH:MM:SS.DD) 000:00:00:00.11
 Accumulated Comp.  Time among all Iterations (DDD:HH:MM:SS.DD) 000:00:00:39.27
 Accumulated CPU    Time of present job       (DDD:HH:MM:SS.DD) 000:00:00:00.00
 
 ITERATION         -377
 STARTING SUBJECTS          1 TO       34 ON MANAGER: OK
 STARTING SUBJECTS         35 TO       67 ON WORKER1: OK
 STARTING SUBJECTS         68 TO      100 ON WORKER2: OK
 COLLECTING SUBJECTS        1 TO       34 ON MANAGER
 COLLECTING SUBJECTS       35 TO       67 ON WORKER1
 COLLECTING SUBJECTS       68 TO      100 ON WORKER2
 Tot. mngr. proc.   Time for this  Iteration  (DDD:HH:MM:SS.DD) 000:00:00:00.00
 Total Load         Time for this  Iteration  (DDD:HH:MM:SS.DD) 000:00:00:00.00
 Total Computation  Time for this  Iteration  (DDD:HH:MM:SS.DD) 000:00:00:00.05
 Accum. mngr. proc. Time among all Iterations (DDD:HH:MM:SS.DD) 000:00:00:00.36
 Accumulated Load   Time among all Iterations (DDD:HH:MM:SS.DD) 000:00:00:00.11
 Accumulated Comp.  Time among all Iterations (DDD:HH:MM:SS.DD) 000:00:00:39.32
 Accumulated CPU    Time of present job       (DDD:HH:MM:SS.DD) 000:00:00:00.00
 
 ITERATION         -376
 STARTING SUBJECTS          1 TO       34 ON MANAGER: OK
 STARTING SUBJECTS         35 TO       67 ON WORKER1: OK
 STARTING SUBJECTS         68 TO      100 ON WORKER2: OK
 COLLECTING SUBJECTS        1 TO       34 ON MANAGER
 COLLECTING SUBJECTS       68 TO      100 ON WORKER2
 COLLECTING SUBJECTS       35 TO       67 ON WORKER1
 Tot. mngr. proc.   Time for this  Iteration  (DDD:HH:MM:SS.DD) 000:00:00:00.00
 Total Load         Time for this  Iteration  (DDD:HH:MM:SS.DD) 000:00:00:00.00
 Total Computation  Time for this  Iteration  (DDD:HH:MM:SS.DD) 000:00:00:00.05
 Accum. mngr. proc. Time among all Iterations (DDD:HH:MM:SS.DD) 000:00:00:00.36
 Accumulated Load   Time among all Iterations (DDD:HH:MM:SS.DD) 000:00:00:00.11
 Accumulated Comp.  Time among all Iterations (DDD:HH:MM:SS.DD) 000:00:00:39.36
 Accumulated CPU    Time of present job       (DDD:HH:MM:SS.DD) 000:00:00:00.00
 
 ITERATION         -375
 STARTING SUBJECTS          1 TO       34 ON MANAGER: OK
 STARTING SUBJECTS         35 TO       67 ON WORKER1: OK
 STARTING SUBJECTS         68 TO      100 ON WORKER2: OK
 COLLECTING SUBJECTS        1 TO       34 ON MANAGER
 COLLECTING SUBJECTS       35 TO       67 ON WORKER1
 COLLECTING SUBJECTS       68 TO      100 ON WORKER2
 Tot. mngr. proc.   Time for this  Iteration  (DDD:HH:MM:SS.DD) 000:00:00:00.00
 Total Load         Time for this  Iteration  (DDD:HH:MM:SS.DD) 000:00:00:00.00
 Total Computation  Time for this  Iteration  (DDD:HH:MM:SS.DD) 000:00:00:00.05
 Accum. mngr. proc. Time among all Iterations (DDD:HH:MM:SS.DD) 000:00:00:00.36
 Accumulated Load   Time among all Iterations (DDD:HH:MM:SS.DD) 000:00:00:00.11
 Accumulated Comp.  Time among all Iterations (DDD:HH:MM:SS.DD) 000:00:00:39.41
 Accumulated CPU    Time of present job       (DDD:HH:MM:SS.DD) 000:00:00:00.00
 
 ITERATION         -374
 STARTING SUBJECTS          1 TO       34 ON MANAGER: OK
 STARTING SUBJECTS         35 TO       67 ON WORKER1: OK
 STARTING SUBJECTS         68 TO      100 ON WORKER2: OK
 COLLECTING SUBJECTS        1 TO       34 ON MANAGER
 COLLECTING SUBJECTS       68 TO      100 ON WORKER2
 COLLECTING SUBJECTS       35 TO       67 ON WORKER1
 Tot. mngr. proc.   Time for this  Iteration  (DDD:HH:MM:SS.DD) 000:00:00:00.00
 Total Load         Time for this  Iteration  (DDD:HH:MM:SS.DD) 000:00:00:00.00
 Total Computation  Time for this  Iteration  (DDD:HH:MM:SS.DD) 000:00:00:00.05
 Accum. mngr. proc. Time among all Iterations (DDD:HH:MM:SS.DD) 000:00:00:00.36
 Accumulated Load   Time among all Iterations (DDD:HH:MM:SS.DD) 000:00:00:00.11
 Accumulated Comp.  Time among all Iterations (DDD:HH:MM:SS.DD) 000:00:00:39.46
 Accumulated CPU    Time of present job       (DDD:HH:MM:SS.DD) 000:00:00:00.00
 
 ITERATION         -373
 STARTING SUBJECTS          1 TO       34 ON MANAGER: OK
 STARTING SUBJECTS         35 TO       67 ON WORKER1: OK
 STARTING SUBJECTS         68 TO      100 ON WORKER2: OK
 COLLECTING SUBJECTS        1 TO       34 ON MANAGER
 COLLECTING SUBJECTS       68 TO      100 ON WORKER2
 COLLECTING SUBJECTS       35 TO       67 ON WORKER1
 Tot. mngr. proc.   Time for this  Iteration  (DDD:HH:MM:SS.DD) 000:00:00:00.00
 Total Load         Time for this  Iteration  (DDD:HH:MM:SS.DD) 000:00:00:00.00
 Total Computation  Time for this  Iteration  (DDD:HH:MM:SS.DD) 000:00:00:00.05
 Accum. mngr. proc. Time among all Iterations (DDD:HH:MM:SS.DD) 000:00:00:00.36
 Accumulated Load   Time among all Iterations (DDD:HH:MM:SS.DD) 000:00:00:00.11
 Accumulated Comp.  Time among all Iterations (DDD:HH:MM:SS.DD) 000:00:00:39.51
 Accumulated CPU    Time of present job       (DDD:HH:MM:SS.DD) 000:00:00:00.00
 
 ITERATION         -372
 STARTING SUBJECTS          1 TO       34 ON MANAGER: OK
 STARTING SUBJECTS         35 TO       67 ON WORKER1: OK
 STARTING SUBJECTS         68 TO      100 ON WORKER2: OK
 COLLECTING SUBJECTS        1 TO       34 ON MANAGER
 COLLECTING SUBJECTS       68 TO      100 ON WORKER2
 COLLECTING SUBJECTS       35 TO       67 ON WORKER1
 Tot. mngr. proc.   Time for this  Iteration  (DDD:HH:MM:SS.DD) 000:00:00:00.00
 Total Load         Time for this  Iteration  (DDD:HH:MM:SS.DD) 000:00:00:00.00
 Total Computation  Time for this  Iteration  (DDD:HH:MM:SS.DD) 000:00:00:00.05
 Accum. mngr. proc. Time among all Iterations (DDD:HH:MM:SS.DD) 000:00:00:00.36
 Accumulated Load   Time among all Iterations (DDD:HH:MM:SS.DD) 000:00:00:00.11
 Accumulated Comp.  Time among all Iterations (DDD:HH:MM:SS.DD) 000:00:00:39.55
 Accumulated CPU    Time of present job       (DDD:HH:MM:SS.DD) 000:00:00:00.00
 
 ITERATION         -371
 STARTING SUBJECTS          1 TO       34 ON MANAGER: OK
 STARTING SUBJECTS         35 TO       67 ON WORKER1: OK
 STARTING SUBJECTS         68 TO      100 ON WORKER2: OK
 COLLECTING SUBJECTS        1 TO       34 ON MANAGER
 COLLECTING SUBJECTS       35 TO       67 ON WORKER1
 COLLECTING SUBJECTS       68 TO      100 ON WORKER2
 Tot. mngr. proc.   Time for this  Iteration  (DDD:HH:MM:SS.DD) 000:00:00:00.00
 Total Load         Time for this  Iteration  (DDD:HH:MM:SS.DD) 000:00:00:00.00
 Total Computation  Time for this  Iteration  (DDD:HH:MM:SS.DD) 000:00:00:00.05
 Accum. mngr. proc. Time among all Iterations (DDD:HH:MM:SS.DD) 000:00:00:00.36
 Accumulated Load   Time among all Iterations (DDD:HH:MM:SS.DD) 000:00:00:00.11
 Accumulated Comp.  Time among all Iterations (DDD:HH:MM:SS.DD) 000:00:00:39.60
 Accumulated CPU    Time of present job       (DDD:HH:MM:SS.DD) 000:00:00:00.00
 
 ITERATION         -370
 STARTING SUBJECTS          1 TO       34 ON MANAGER: OK
 STARTING SUBJECTS         35 TO       67 ON WORKER1: OK
 STARTING SUBJECTS         68 TO      100 ON WORKER2: OK
 COLLECTING SUBJECTS        1 TO       34 ON MANAGER
 COLLECTING SUBJECTS       35 TO       67 ON WORKER1
 COLLECTING SUBJECTS       68 TO      100 ON WORKER2
 Tot. mngr. proc.   Time for this  Iteration  (DDD:HH:MM:SS.DD) 000:00:00:00.00
 Total Load         Time for this  Iteration  (DDD:HH:MM:SS.DD) 000:00:00:00.00
 Total Computation  Time for this  Iteration  (DDD:HH:MM:SS.DD) 000:00:00:01.02
 Accum. mngr. proc. Time among all Iterations (DDD:HH:MM:SS.DD) 000:00:00:00.36
 Accumulated Load   Time among all Iterations (DDD:HH:MM:SS.DD) 000:00:00:00.11
 Accumulated Comp.  Time among all Iterations (DDD:HH:MM:SS.DD) 000:00:00:40.62
 Accumulated CPU    Time of present job       (DDD:HH:MM:SS.DD) 000:00:00:00.00
 
 ITERATION         -369
 STARTING SUBJECTS          1 TO       34 ON MANAGER: OK
 STARTING SUBJECTS         35 TO       67 ON WORKER1: OK
 STARTING SUBJECTS         68 TO      100 ON WORKER2: OK
 COLLECTING SUBJECTS        1 TO       34 ON MANAGER
 COLLECTING SUBJECTS       68 TO      100 ON WORKER2
 COLLECTING SUBJECTS       35 TO       67 ON WORKER1
 Tot. mngr. proc.   Time for this  Iteration  (DDD:HH:MM:SS.DD) 000:00:00:00.02
 Total Load         Time for this  Iteration  (DDD:HH:MM:SS.DD) 000:00:00:00.00
 Total Computation  Time for this  Iteration  (DDD:HH:MM:SS.DD) 000:00:00:01.02
 Accum. mngr. proc. Time among all Iterations (DDD:HH:MM:SS.DD) 000:00:00:00.38
 Accumulated Load   Time among all Iterations (DDD:HH:MM:SS.DD) 000:00:00:00.11
 Accumulated Comp.  Time among all Iterations (DDD:HH:MM:SS.DD) 000:00:00:41.63
 Accumulated CPU    Time of present job       (DDD:HH:MM:SS.DD) 000:00:00:00.00
 
 ITERATION         -368
 STARTING SUBJECTS          1 TO       34 ON MANAGER: OK
 STARTING SUBJECTS         35 TO       67 ON WORKER1: OK
 STARTING SUBJECTS         68 TO      100 ON WORKER2: OK
 COLLECTING SUBJECTS        1 TO       34 ON MANAGER
 COLLECTING SUBJECTS       68 TO      100 ON WORKER2
 COLLECTING SUBJECTS       35 TO       67 ON WORKER1
 Tot. mngr. proc.   Time for this  Iteration  (DDD:HH:MM:SS.DD) 000:00:00:00.02
 Total Load         Time for this  Iteration  (DDD:HH:MM:SS.DD) 000:00:00:00.00
 Total Computation  Time for this  Iteration  (DDD:HH:MM:SS.DD) 000:00:00:01.02
 Accum. mngr. proc. Time among all Iterations (DDD:HH:MM:SS.DD) 000:00:00:00.39
 Accumulated Load   Time among all Iterations (DDD:HH:MM:SS.DD) 000:00:00:00.11
 Accumulated Comp.  Time among all Iterations (DDD:HH:MM:SS.DD) 000:00:00:42.65
 Accumulated CPU    Time of present job       (DDD:HH:MM:SS.DD) 000:00:00:00.00
 
 ITERATION         -367
 STARTING SUBJECTS          1 TO       34 ON MANAGER: OK
 STARTING SUBJECTS         35 TO       67 ON WORKER1: OK
 STARTING SUBJECTS         68 TO      100 ON WORKER2: OK
 COLLECTING SUBJECTS        1 TO       34 ON MANAGER
 COLLECTING SUBJECTS       68 TO      100 ON WORKER2
 COLLECTING SUBJECTS       35 TO       67 ON WORKER1
 Tot. mngr. proc.   Time for this  Iteration  (DDD:HH:MM:SS.DD) 000:00:00:00.02
 Total Load         Time for this  Iteration  (DDD:HH:MM:SS.DD) 000:00:00:00.00
 Total Computation  Time for this  Iteration  (DDD:HH:MM:SS.DD) 000:00:00:01.02
 Accum. mngr. proc. Time among all Iterations (DDD:HH:MM:SS.DD) 000:00:00:00.41
 Accumulated Load   Time among all Iterations (DDD:HH:MM:SS.DD) 000:00:00:00.11
 Accumulated Comp.  Time among all Iterations (DDD:HH:MM:SS.DD) 000:00:00:43.67
 Accumulated CPU    Time of present job       (DDD:HH:MM:SS.DD) 000:00:00:00.00
 
 ITERATION         -366
 STARTING SUBJECTS          1 TO       34 ON MANAGER: OK
 STARTING SUBJECTS         35 TO       67 ON WORKER1: OK
 STARTING SUBJECTS         68 TO      100 ON WORKER2: OK
 COLLECTING SUBJECTS        1 TO       34 ON MANAGER
 COLLECTING SUBJECTS       68 TO      100 ON WORKER2
 COLLECTING SUBJECTS       35 TO       67 ON WORKER1
 Tot. mngr. proc.   Time for this  Iteration  (DDD:HH:MM:SS.DD) 000:00:00:00.02
 Total Load         Time for this  Iteration  (DDD:HH:MM:SS.DD) 000:00:00:00.00
 Total Computation  Time for this  Iteration  (DDD:HH:MM:SS.DD) 000:00:00:01.02
 Accum. mngr. proc. Time among all Iterations (DDD:HH:MM:SS.DD) 000:00:00:00.42
 Accumulated Load   Time among all Iterations (DDD:HH:MM:SS.DD) 000:00:00:00.11
 Accumulated Comp.  Time among all Iterations (DDD:HH:MM:SS.DD) 000:00:00:44.68
 Accumulated CPU    Time of present job       (DDD:HH:MM:SS.DD) 000:00:00:00.00
 
 ITERATION         -365
 STARTING SUBJECTS          1 TO       34 ON MANAGER: OK
 STARTING SUBJECTS         35 TO       67 ON WORKER1: OK
 STARTING SUBJECTS         68 TO      100 ON WORKER2: OK
 COLLECTING SUBJECTS        1 TO       34 ON MANAGER
 COLLECTING SUBJECTS       68 TO      100 ON WORKER2
 COLLECTING SUBJECTS       35 TO       67 ON WORKER1
 Tot. mngr. proc.   Time for this  Iteration  (DDD:HH:MM:SS.DD) 000:00:00:00.02
 Total Load         Time for this  Iteration  (DDD:HH:MM:SS.DD) 000:00:00:00.00
 Total Computation  Time for this  Iteration  (DDD:HH:MM:SS.DD) 000:00:00:01.02
 Accum. mngr. proc. Time among all Iterations (DDD:HH:MM:SS.DD) 000:00:00:00.44
 Accumulated Load   Time among all Iterations (DDD:HH:MM:SS.DD) 000:00:00:00.11
 Accumulated Comp.  Time among all Iterations (DDD:HH:MM:SS.DD) 000:00:00:45.70
 Accumulated CPU    Time of present job       (DDD:HH:MM:SS.DD) 000:00:00:00.00
 
 ITERATION         -364
 STARTING SUBJECTS          1 TO       34 ON MANAGER: OK
 STARTING SUBJECTS         35 TO       67 ON WORKER1: OK
 STARTING SUBJECTS         68 TO      100 ON WORKER2: OK
 COLLECTING SUBJECTS        1 TO       34 ON MANAGER
 COLLECTING SUBJECTS       68 TO      100 ON WORKER2
 COLLECTING SUBJECTS       35 TO       67 ON WORKER1
 Tot. mngr. proc.   Time for this  Iteration  (DDD:HH:MM:SS.DD) 000:00:00:00.02
 Total Load         Time for this  Iteration  (DDD:HH:MM:SS.DD) 000:00:00:00.00
 Total Computation  Time for this  Iteration  (DDD:HH:MM:SS.DD) 000:00:00:01.02
 Accum. mngr. proc. Time among all Iterations (DDD:HH:MM:SS.DD) 000:00:00:00.45
 Accumulated Load   Time among all Iterations (DDD:HH:MM:SS.DD) 000:00:00:00.11
 Accumulated Comp.  Time among all Iterations (DDD:HH:MM:SS.DD) 000:00:00:46.72
 Accumulated CPU    Time of present job       (DDD:HH:MM:SS.DD) 000:00:00:00.00
 
 ITERATION         -363
 STARTING SUBJECTS          1 TO       34 ON MANAGER: OK
 STARTING SUBJECTS         35 TO       67 ON WORKER1: OK
 STARTING SUBJECTS         68 TO      100 ON WORKER2: OK
 COLLECTING SUBJECTS        1 TO       34 ON MANAGER
 COLLECTING SUBJECTS       68 TO      100 ON WORKER2
 COLLECTING SUBJECTS       35 TO       67 ON WORKER1
 Tot. mngr. proc.   Time for this  Iteration  (DDD:HH:MM:SS.DD) 000:00:00:00.02
 Total Load         Time for this  Iteration  (DDD:HH:MM:SS.DD) 000:00:00:00.00
 Total Computation  Time for this  Iteration  (DDD:HH:MM:SS.DD) 000:00:00:01.02
 Accum. mngr. proc. Time among all Iterations (DDD:HH:MM:SS.DD) 000:00:00:00.47
 Accumulated Load   Time among all Iterations (DDD:HH:MM:SS.DD) 000:00:00:00.11
 Accumulated Comp.  Time among all Iterations (DDD:HH:MM:SS.DD) 000:00:00:47.73
 Accumulated CPU    Time of present job       (DDD:HH:MM:SS.DD) 000:00:00:00.00
 
 ITERATION         -362
 STARTING SUBJECTS          1 TO       34 ON MANAGER: OK
 STARTING SUBJECTS         35 TO       67 ON WORKER1: OK
 STARTING SUBJECTS         68 TO      100 ON WORKER2: OK
 COLLECTING SUBJECTS        1 TO       34 ON MANAGER
 COLLECTING SUBJECTS       68 TO      100 ON WORKER2
 COLLECTING SUBJECTS       35 TO       67 ON WORKER1
 Tot. mngr. proc.   Time for this  Iteration  (DDD:HH:MM:SS.DD) 000:00:00:00.02
 Total Load         Time for this  Iteration  (DDD:HH:MM:SS.DD) 000:00:00:00.00
 Total Computation  Time for this  Iteration  (DDD:HH:MM:SS.DD) 000:00:00:01.02
 Accum. mngr. proc. Time among all Iterations (DDD:HH:MM:SS.DD) 000:00:00:00.48
 Accumulated Load   Time among all Iterations (DDD:HH:MM:SS.DD) 000:00:00:00.11
 Accumulated Comp.  Time among all Iterations (DDD:HH:MM:SS.DD) 000:00:00:48.75
 Accumulated CPU    Time of present job       (DDD:HH:MM:SS.DD) 000:00:00:00.00
 
 ITERATION         -361
 STARTING SUBJECTS          1 TO       34 ON MANAGER: OK
 STARTING SUBJECTS         35 TO       67 ON WORKER1: OK
 STARTING SUBJECTS         68 TO      100 ON WORKER2: OK
 COLLECTING SUBJECTS        1 TO       34 ON MANAGER
 COLLECTING SUBJECTS       35 TO       67 ON WORKER1
 COLLECTING SUBJECTS       68 TO      100 ON WORKER2
 Tot. mngr. proc.   Time for this  Iteration  (DDD:HH:MM:SS.DD) 000:00:00:00.00
 Total Load         Time for this  Iteration  (DDD:HH:MM:SS.DD) 000:00:00:00.00
 Total Computation  Time for this  Iteration  (DDD:HH:MM:SS.DD) 000:00:00:00.03
 Accum. mngr. proc. Time among all Iterations (DDD:HH:MM:SS.DD) 000:00:00:00.48
 Accumulated Load   Time among all Iterations (DDD:HH:MM:SS.DD) 000:00:00:00.11
 Accumulated Comp.  Time among all Iterations (DDD:HH:MM:SS.DD) 000:00:00:48.78
 Accumulated CPU    Time of present job       (DDD:HH:MM:SS.DD) 000:00:00:00.00
 
 ITERATION         -360
 STARTING SUBJECTS          1 TO       34 ON MANAGER: OK
 STARTING SUBJECTS         35 TO       67 ON WORKER1: OK
 STARTING SUBJECTS         68 TO      100 ON WORKER2: OK
 COLLECTING SUBJECTS        1 TO       34 ON MANAGER
 COLLECTING SUBJECTS       68 TO      100 ON WORKER2
 COLLECTING SUBJECTS       35 TO       67 ON WORKER1
 Tot. mngr. proc.   Time for this  Iteration  (DDD:HH:MM:SS.DD) 000:00:00:00.00
 Total Load         Time for this  Iteration  (DDD:HH:MM:SS.DD) 000:00:00:00.00
 Total Computation  Time for this  Iteration  (DDD:HH:MM:SS.DD) 000:00:00:00.05
 Accum. mngr. proc. Time among all Iterations (DDD:HH:MM:SS.DD) 000:00:00:00.48
 Accumulated Load   Time among all Iterations (DDD:HH:MM:SS.DD) 000:00:00:00.11
 Accumulated Comp.  Time among all Iterations (DDD:HH:MM:SS.DD) 000:00:00:48.83
 Accumulated CPU    Time of present job       (DDD:HH:MM:SS.DD) 000:00:00:00.00
 
 ITERATION         -359
 STARTING SUBJECTS          1 TO       34 ON MANAGER: OK
 STARTING SUBJECTS         35 TO       67 ON WORKER1: OK
 STARTING SUBJECTS         68 TO      100 ON WORKER2: OK
 COLLECTING SUBJECTS        1 TO       34 ON MANAGER
 COLLECTING SUBJECTS       35 TO       67 ON WORKER1
 COLLECTING SUBJECTS       68 TO      100 ON WORKER2
 Tot. mngr. proc.   Time for this  Iteration  (DDD:HH:MM:SS.DD) 000:00:00:00.00
 Total Load         Time for this  Iteration  (DDD:HH:MM:SS.DD) 000:00:00:00.00
 Total Computation  Time for this  Iteration  (DDD:HH:MM:SS.DD) 000:00:00:00.05
 Accum. mngr. proc. Time among all Iterations (DDD:HH:MM:SS.DD) 000:00:00:00.48
 Accumulated Load   Time among all Iterations (DDD:HH:MM:SS.DD) 000:00:00:00.11
 Accumulated Comp.  Time among all Iterations (DDD:HH:MM:SS.DD) 000:00:00:48.88
 Accumulated CPU    Time of present job       (DDD:HH:MM:SS.DD) 000:00:00:00.00
 
 ITERATION         -358
 STARTING SUBJECTS          1 TO       34 ON MANAGER: OK
 STARTING SUBJECTS         35 TO       67 ON WORKER1: OK
 STARTING SUBJECTS         68 TO      100 ON WORKER2: OK
 COLLECTING SUBJECTS        1 TO       34 ON MANAGER
 COLLECTING SUBJECTS       35 TO       67 ON WORKER1
 COLLECTING SUBJECTS       68 TO      100 ON WORKER2
 Tot. mngr. proc.   Time for this  Iteration  (DDD:HH:MM:SS.DD) 000:00:00:00.02
 Total Load         Time for this  Iteration  (DDD:HH:MM:SS.DD) 000:00:00:00.00
 Total Computation  Time for this  Iteration  (DDD:HH:MM:SS.DD) 000:00:00:00.05
 Accum. mngr. proc. Time among all Iterations (DDD:HH:MM:SS.DD) 000:00:00:00.50
 Accumulated Load   Time among all Iterations (DDD:HH:MM:SS.DD) 000:00:00:00.11
 Accumulated Comp.  Time among all Iterations (DDD:HH:MM:SS.DD) 000:00:00:48.92
 Accumulated CPU    Time of present job       (DDD:HH:MM:SS.DD) 000:00:00:00.00
 
 ITERATION         -357
 STARTING SUBJECTS          1 TO       34 ON MANAGER: OK
 STARTING SUBJECTS         35 TO       67 ON WORKER1: OK
 STARTING SUBJECTS         68 TO      100 ON WORKER2: OK
 COLLECTING SUBJECTS        1 TO       34 ON MANAGER
 COLLECTING SUBJECTS       68 TO      100 ON WORKER2
 COLLECTING SUBJECTS       35 TO       67 ON WORKER1
 Tot. mngr. proc.   Time for this  Iteration  (DDD:HH:MM:SS.DD) 000:00:00:00.00
 Total Load         Time for this  Iteration  (DDD:HH:MM:SS.DD) 000:00:00:00.00
 Total Computation  Time for this  Iteration  (DDD:HH:MM:SS.DD) 000:00:00:01.02
 Accum. mngr. proc. Time among all Iterations (DDD:HH:MM:SS.DD) 000:00:00:00.50
 Accumulated Load   Time among all Iterations (DDD:HH:MM:SS.DD) 000:00:00:00.11
 Accumulated Comp.  Time among all Iterations (DDD:HH:MM:SS.DD) 000:00:00:49.94
 Accumulated CPU    Time of present job       (DDD:HH:MM:SS.DD) 000:00:00:00.00
 
 ITERATION         -356
 STARTING SUBJECTS          1 TO       34 ON MANAGER: OK
 STARTING SUBJECTS         35 TO       67 ON WORKER1: OK
 STARTING SUBJECTS         68 TO      100 ON WORKER2: OK
 COLLECTING SUBJECTS        1 TO       34 ON MANAGER
 COLLECTING SUBJECTS       68 TO      100 ON WORKER2
 COLLECTING SUBJECTS       35 TO       67 ON WORKER1
 Tot. mngr. proc.   Time for this  Iteration  (DDD:HH:MM:SS.DD) 000:00:00:00.00
 Total Load         Time for this  Iteration  (DDD:HH:MM:SS.DD) 000:00:00:00.00
 Total Computation  Time for this  Iteration  (DDD:HH:MM:SS.DD) 000:00:00:01.02
 Accum. mngr. proc. Time among all Iterations (DDD:HH:MM:SS.DD) 000:00:00:00.50
 Accumulated Load   Time among all Iterations (DDD:HH:MM:SS.DD) 000:00:00:00.11
 Accumulated Comp.  Time among all Iterations (DDD:HH:MM:SS.DD) 000:00:00:50.96
 Accumulated CPU    Time of present job       (DDD:HH:MM:SS.DD) 000:00:00:00.00
 
 ITERATION         -355
 STARTING SUBJECTS          1 TO       34 ON MANAGER: OK
 STARTING SUBJECTS         35 TO       67 ON WORKER1: OK
 STARTING SUBJECTS         68 TO      100 ON WORKER2: OK
 COLLECTING SUBJECTS        1 TO       34 ON MANAGER
 COLLECTING SUBJECTS       68 TO      100 ON WORKER2
 COLLECTING SUBJECTS       35 TO       67 ON WORKER1
 Tot. mngr. proc.   Time for this  Iteration  (DDD:HH:MM:SS.DD) 000:00:00:00.00
 Total Load         Time for this  Iteration  (DDD:HH:MM:SS.DD) 000:00:00:00.00
 Total Computation  Time for this  Iteration  (DDD:HH:MM:SS.DD) 000:00:00:00.05
 Accum. mngr. proc. Time among all Iterations (DDD:HH:MM:SS.DD) 000:00:00:00.50
 Accumulated Load   Time among all Iterations (DDD:HH:MM:SS.DD) 000:00:00:00.11
 Accumulated Comp.  Time among all Iterations (DDD:HH:MM:SS.DD) 000:00:00:51.00
 Accumulated CPU    Time of present job       (DDD:HH:MM:SS.DD) 000:00:00:00.00
 
 ITERATION         -354
 STARTING SUBJECTS          1 TO       34 ON MANAGER: OK
 STARTING SUBJECTS         35 TO       67 ON WORKER1: OK
 STARTING SUBJECTS         68 TO      100 ON WORKER2: OK
 COLLECTING SUBJECTS        1 TO       34 ON MANAGER
 COLLECTING SUBJECTS       68 TO      100 ON WORKER2
 COLLECTING SUBJECTS       35 TO       67 ON WORKER1
 Tot. mngr. proc.   Time for this  Iteration  (DDD:HH:MM:SS.DD) 000:00:00:00.00
 Total Load         Time for this  Iteration  (DDD:HH:MM:SS.DD) 000:00:00:00.00
 Total Computation  Time for this  Iteration  (DDD:HH:MM:SS.DD) 000:00:00:01.02
 Accum. mngr. proc. Time among all Iterations (DDD:HH:MM:SS.DD) 000:00:00:00.50
 Accumulated Load   Time among all Iterations (DDD:HH:MM:SS.DD) 000:00:00:00.11
 Accumulated Comp.  Time among all Iterations (DDD:HH:MM:SS.DD) 000:00:00:52.02
 Accumulated CPU    Time of present job       (DDD:HH:MM:SS.DD) 000:00:00:00.00
 
 ITERATION         -353
 STARTING SUBJECTS          1 TO       34 ON MANAGER: OK
 STARTING SUBJECTS         35 TO       67 ON WORKER1: OK
 STARTING SUBJECTS         68 TO      100 ON WORKER2: OK
 COLLECTING SUBJECTS        1 TO       34 ON MANAGER
 COLLECTING SUBJECTS       68 TO      100 ON WORKER2
 COLLECTING SUBJECTS       35 TO       67 ON WORKER1
 Tot. mngr. proc.   Time for this  Iteration  (DDD:HH:MM:SS.DD) 000:00:00:00.02
 Total Load         Time for this  Iteration  (DDD:HH:MM:SS.DD) 000:00:00:00.00
 Total Computation  Time for this  Iteration  (DDD:HH:MM:SS.DD) 000:00:00:00.05
 Accum. mngr. proc. Time among all Iterations (DDD:HH:MM:SS.DD) 000:00:00:00.52
 Accumulated Load   Time among all Iterations (DDD:HH:MM:SS.DD) 000:00:00:00.11
 Accumulated Comp.  Time among all Iterations (DDD:HH:MM:SS.DD) 000:00:00:52.07
 Accumulated CPU    Time of present job       (DDD:HH:MM:SS.DD) 000:00:00:00.00
 
 ITERATION         -352
 STARTING SUBJECTS          1 TO       34 ON MANAGER: OK
 STARTING SUBJECTS         35 TO       67 ON WORKER1: OK
 STARTING SUBJECTS         68 TO      100 ON WORKER2: OK
 COLLECTING SUBJECTS        1 TO       34 ON MANAGER
 COLLECTING SUBJECTS       68 TO      100 ON WORKER2
 COLLECTING SUBJECTS       35 TO       67 ON WORKER1
 Tot. mngr. proc.   Time for this  Iteration  (DDD:HH:MM:SS.DD) 000:00:00:00.02
 Total Load         Time for this  Iteration  (DDD:HH:MM:SS.DD) 000:00:00:00.00
 Total Computation  Time for this  Iteration  (DDD:HH:MM:SS.DD) 000:00:00:01.02
 Accum. mngr. proc. Time among all Iterations (DDD:HH:MM:SS.DD) 000:00:00:00.53
 Accumulated Load   Time among all Iterations (DDD:HH:MM:SS.DD) 000:00:00:00.11
 Accumulated Comp.  Time among all Iterations (DDD:HH:MM:SS.DD) 000:00:00:53.08
 Accumulated CPU    Time of present job       (DDD:HH:MM:SS.DD) 000:00:00:00.00
 
 ITERATION         -351
 STARTING SUBJECTS          1 TO       34 ON MANAGER: OK
 STARTING SUBJECTS         35 TO       67 ON WORKER1: OK
 STARTING SUBJECTS         68 TO      100 ON WORKER2: OK
 COLLECTING SUBJECTS        1 TO       34 ON MANAGER
 COLLECTING SUBJECTS       68 TO      100 ON WORKER2
 COLLECTING SUBJECTS       35 TO       67 ON WORKER1
 Tot. mngr. proc.   Time for this  Iteration  (DDD:HH:MM:SS.DD) 000:00:00:00.02
 Total Load         Time for this  Iteration  (DDD:HH:MM:SS.DD) 000:00:00:00.00
 Total Computation  Time for this  Iteration  (DDD:HH:MM:SS.DD) 000:00:00:01.02
 Accum. mngr. proc. Time among all Iterations (DDD:HH:MM:SS.DD) 000:00:00:00.55
 Accumulated Load   Time among all Iterations (DDD:HH:MM:SS.DD) 000:00:00:00.11
 Accumulated Comp.  Time among all Iterations (DDD:HH:MM:SS.DD) 000:00:00:54.10
 Accumulated CPU    Time of present job       (DDD:HH:MM:SS.DD) 000:00:00:00.00
 
 ITERATION         -350
 STARTING SUBJECTS          1 TO       34 ON MANAGER: OK
 STARTING SUBJECTS         35 TO       67 ON WORKER1: OK
 STARTING SUBJECTS         68 TO      100 ON WORKER2: OK
 COLLECTING SUBJECTS        1 TO       34 ON MANAGER
 COLLECTING SUBJECTS       68 TO      100 ON WORKER2
 COLLECTING SUBJECTS       35 TO       67 ON WORKER1
 Tot. mngr. proc.   Time for this  Iteration  (DDD:HH:MM:SS.DD) 000:00:00:00.02
 Total Load         Time for this  Iteration  (DDD:HH:MM:SS.DD) 000:00:00:00.00
 Total Computation  Time for this  Iteration  (DDD:HH:MM:SS.DD) 000:00:00:01.02
 Accum. mngr. proc. Time among all Iterations (DDD:HH:MM:SS.DD) 000:00:00:00.56
 Accumulated Load   Time among all Iterations (DDD:HH:MM:SS.DD) 000:00:00:00.11
 Accumulated Comp.  Time among all Iterations (DDD:HH:MM:SS.DD) 000:00:00:55.12
 Accumulated CPU    Time of present job       (DDD:HH:MM:SS.DD) 000:00:00:00.00
 
 ITERATION         -349
 STARTING SUBJECTS          1 TO       34 ON MANAGER: OK
 STARTING SUBJECTS         35 TO       67 ON WORKER1: OK
 STARTING SUBJECTS         68 TO      100 ON WORKER2: OK
 COLLECTING SUBJECTS        1 TO       34 ON MANAGER
 COLLECTING SUBJECTS       68 TO      100 ON WORKER2
 COLLECTING SUBJECTS       35 TO       67 ON WORKER1
 Tot. mngr. proc.   Time for this  Iteration  (DDD:HH:MM:SS.DD) 000:00:00:00.02
 Total Load         Time for this  Iteration  (DDD:HH:MM:SS.DD) 000:00:00:00.00
 Total Computation  Time for this  Iteration  (DDD:HH:MM:SS.DD) 000:00:00:01.02
 Accum. mngr. proc. Time among all Iterations (DDD:HH:MM:SS.DD) 000:00:00:00.58
 Accumulated Load   Time among all Iterations (DDD:HH:MM:SS.DD) 000:00:00:00.11
 Accumulated Comp.  Time among all Iterations (DDD:HH:MM:SS.DD) 000:00:00:56.13
 Accumulated CPU    Time of present job       (DDD:HH:MM:SS.DD) 000:00:00:00.00
 
 ITERATION         -348
 STARTING SUBJECTS          1 TO       34 ON MANAGER: OK
 STARTING SUBJECTS         35 TO       67 ON WORKER1: OK
 STARTING SUBJECTS         68 TO      100 ON WORKER2: OK
 COLLECTING SUBJECTS        1 TO       34 ON MANAGER
 COLLECTING SUBJECTS       68 TO      100 ON WORKER2
 COLLECTING SUBJECTS       35 TO       67 ON WORKER1
 Tot. mngr. proc.   Time for this  Iteration  (DDD:HH:MM:SS.DD) 000:00:00:00.02
 Total Load         Time for this  Iteration  (DDD:HH:MM:SS.DD) 000:00:00:00.00
 Total Computation  Time for this  Iteration  (DDD:HH:MM:SS.DD) 000:00:00:01.02
 Accum. mngr. proc. Time among all Iterations (DDD:HH:MM:SS.DD) 000:00:00:00.59
 Accumulated Load   Time among all Iterations (DDD:HH:MM:SS.DD) 000:00:00:00.11
 Accumulated Comp.  Time among all Iterations (DDD:HH:MM:SS.DD) 000:00:00:57.15
 Accumulated CPU    Time of present job       (DDD:HH:MM:SS.DD) 000:00:00:00.00
 
 ITERATION         -347
 STARTING SUBJECTS          1 TO       34 ON MANAGER: OK
 STARTING SUBJECTS         35 TO       67 ON WORKER1: OK
 STARTING SUBJECTS         68 TO      100 ON WORKER2: OK
 COLLECTING SUBJECTS        1 TO       34 ON MANAGER
 COLLECTING SUBJECTS       68 TO      100 ON WORKER2
 COLLECTING SUBJECTS       35 TO       67 ON WORKER1
 Tot. mngr. proc.   Time for this  Iteration  (DDD:HH:MM:SS.DD) 000:00:00:00.02
 Total Load         Time for this  Iteration  (DDD:HH:MM:SS.DD) 000:00:00:00.00
 Total Computation  Time for this  Iteration  (DDD:HH:MM:SS.DD) 000:00:00:01.02
 Accum. mngr. proc. Time among all Iterations (DDD:HH:MM:SS.DD) 000:00:00:00.61
 Accumulated Load   Time among all Iterations (DDD:HH:MM:SS.DD) 000:00:00:00.11
 Accumulated Comp.  Time among all Iterations (DDD:HH:MM:SS.DD) 000:00:00:58.17
 Accumulated CPU    Time of present job       (DDD:HH:MM:SS.DD) 000:00:00:00.00
 
 ITERATION         -346
 STARTING SUBJECTS          1 TO       34 ON MANAGER: OK
 STARTING SUBJECTS         35 TO       67 ON WORKER1: OK
 STARTING SUBJECTS         68 TO      100 ON WORKER2: OK
 COLLECTING SUBJECTS        1 TO       34 ON MANAGER
 COLLECTING SUBJECTS       35 TO       67 ON WORKER1
 COLLECTING SUBJECTS       68 TO      100 ON WORKER2
 Tot. mngr. proc.   Time for this  Iteration  (DDD:HH:MM:SS.DD) 000:00:00:00.02
 Total Load         Time for this  Iteration  (DDD:HH:MM:SS.DD) 000:00:00:00.00
 Total Computation  Time for this  Iteration  (DDD:HH:MM:SS.DD) 000:00:00:01.02
 Accum. mngr. proc. Time among all Iterations (DDD:HH:MM:SS.DD) 000:00:00:00.62
 Accumulated Load   Time among all Iterations (DDD:HH:MM:SS.DD) 000:00:00:00.11
 Accumulated Comp.  Time among all Iterations (DDD:HH:MM:SS.DD) 000:00:00:59.18
 Accumulated CPU    Time of present job       (DDD:HH:MM:SS.DD) 000:00:00:00.00
 
 ITERATION         -345
 STARTING SUBJECTS          1 TO       34 ON MANAGER: OK
 STARTING SUBJECTS         35 TO       67 ON WORKER1: OK
 STARTING SUBJECTS         68 TO      100 ON WORKER2: OK
 COLLECTING SUBJECTS        1 TO       34 ON MANAGER
 COLLECTING SUBJECTS       68 TO      100 ON WORKER2
 COLLECTING SUBJECTS       35 TO       67 ON WORKER1
 Tot. mngr. proc.   Time for this  Iteration  (DDD:HH:MM:SS.DD) 000:00:00:00.02
 Total Load         Time for this  Iteration  (DDD:HH:MM:SS.DD) 000:00:00:00.00
 Total Computation  Time for this  Iteration  (DDD:HH:MM:SS.DD) 000:00:00:01.02
 Accum. mngr. proc. Time among all Iterations (DDD:HH:MM:SS.DD) 000:00:00:00.64
 Accumulated Load   Time among all Iterations (DDD:HH:MM:SS.DD) 000:00:00:00.11
 Accumulated Comp.  Time among all Iterations (DDD:HH:MM:SS.DD) 000:00:01:00.20
 Accumulated CPU    Time of present job       (DDD:HH:MM:SS.DD) 000:00:00:00.00
 
 ITERATION         -344
 STARTING SUBJECTS          1 TO       34 ON MANAGER: OK
 STARTING SUBJECTS         35 TO       67 ON WORKER1: OK
 STARTING SUBJECTS         68 TO      100 ON WORKER2: OK
 COLLECTING SUBJECTS        1 TO       34 ON MANAGER
 COLLECTING SUBJECTS       35 TO       67 ON WORKER1
 COLLECTING SUBJECTS       68 TO      100 ON WORKER2
 Tot. mngr. proc.   Time for this  Iteration  (DDD:HH:MM:SS.DD) 000:00:00:00.00
 Total Load         Time for this  Iteration  (DDD:HH:MM:SS.DD) 000:00:00:00.00
 Total Computation  Time for this  Iteration  (DDD:HH:MM:SS.DD) 000:00:00:01.02
 Accum. mngr. proc. Time among all Iterations (DDD:HH:MM:SS.DD) 000:00:00:00.64
 Accumulated Load   Time among all Iterations (DDD:HH:MM:SS.DD) 000:00:00:00.11
 Accumulated Comp.  Time among all Iterations (DDD:HH:MM:SS.DD) 000:00:01:01.22
 Accumulated CPU    Time of present job       (DDD:HH:MM:SS.DD) 000:00:00:00.00
 
 ITERATION         -343
 STARTING SUBJECTS          1 TO       34 ON MANAGER: OK
 STARTING SUBJECTS         35 TO       67 ON WORKER1: OK
 STARTING SUBJECTS         68 TO      100 ON WORKER2: OK
 COLLECTING SUBJECTS        1 TO       34 ON MANAGER
 COLLECTING SUBJECTS       68 TO      100 ON WORKER2
 COLLECTING SUBJECTS       35 TO       67 ON WORKER1
 Tot. mngr. proc.   Time for this  Iteration  (DDD:HH:MM:SS.DD) 000:00:00:00.00
 Total Load         Time for this  Iteration  (DDD:HH:MM:SS.DD) 000:00:00:00.00
 Total Computation  Time for this  Iteration  (DDD:HH:MM:SS.DD) 000:00:00:01.02
 Accum. mngr. proc. Time among all Iterations (DDD:HH:MM:SS.DD) 000:00:00:00.64
 Accumulated Load   Time among all Iterations (DDD:HH:MM:SS.DD) 000:00:00:00.11
 Accumulated Comp.  Time among all Iterations (DDD:HH:MM:SS.DD) 000:00:01:02.24
 Accumulated CPU    Time of present job       (DDD:HH:MM:SS.DD) 000:00:00:00.00
 
 ITERATION         -342
 STARTING SUBJECTS          1 TO       34 ON MANAGER: OK
 STARTING SUBJECTS         35 TO       67 ON WORKER1: OK
 STARTING SUBJECTS         68 TO      100 ON WORKER2: OK
 COLLECTING SUBJECTS        1 TO       34 ON MANAGER
 COLLECTING SUBJECTS       68 TO      100 ON WORKER2
 COLLECTING SUBJECTS       35 TO       67 ON WORKER1
 Tot. mngr. proc.   Time for this  Iteration  (DDD:HH:MM:SS.DD) 000:00:00:00.02
 Total Load         Time for this  Iteration  (DDD:HH:MM:SS.DD) 000:00:00:00.00
 Total Computation  Time for this  Iteration  (DDD:HH:MM:SS.DD) 000:00:00:01.02
 Accum. mngr. proc. Time among all Iterations (DDD:HH:MM:SS.DD) 000:00:00:00.66
 Accumulated Load   Time among all Iterations (DDD:HH:MM:SS.DD) 000:00:00:00.11
 Accumulated Comp.  Time among all Iterations (DDD:HH:MM:SS.DD) 000:00:01:03.25
 Accumulated CPU    Time of present job       (DDD:HH:MM:SS.DD) 000:00:00:00.00
 
 ITERATION         -341
 STARTING SUBJECTS          1 TO       34 ON MANAGER: OK
 STARTING SUBJECTS         35 TO       67 ON WORKER1: OK
 STARTING SUBJECTS         68 TO      100 ON WORKER2: OK
 COLLECTING SUBJECTS        1 TO       34 ON MANAGER
 COLLECTING SUBJECTS       68 TO      100 ON WORKER2
 COLLECTING SUBJECTS       35 TO       67 ON WORKER1
 Tot. mngr. proc.   Time for this  Iteration  (DDD:HH:MM:SS.DD) 000:00:00:00.02
 Total Load         Time for this  Iteration  (DDD:HH:MM:SS.DD) 000:00:00:00.00
 Total Computation  Time for this  Iteration  (DDD:HH:MM:SS.DD) 000:00:00:01.02
 Accum. mngr. proc. Time among all Iterations (DDD:HH:MM:SS.DD) 000:00:00:00.67
 Accumulated Load   Time among all Iterations (DDD:HH:MM:SS.DD) 000:00:00:00.11
 Accumulated Comp.  Time among all Iterations (DDD:HH:MM:SS.DD) 000:00:01:04.27
 Accumulated CPU    Time of present job       (DDD:HH:MM:SS.DD) 000:00:00:00.00
 
 ITERATION         -340
 STARTING SUBJECTS          1 TO       34 ON MANAGER: OK
 STARTING SUBJECTS         35 TO       67 ON WORKER1: OK
 STARTING SUBJECTS         68 TO      100 ON WORKER2: OK
 COLLECTING SUBJECTS        1 TO       34 ON MANAGER
 COLLECTING SUBJECTS       68 TO      100 ON WORKER2
 COLLECTING SUBJECTS       35 TO       67 ON WORKER1
 Tot. mngr. proc.   Time for this  Iteration  (DDD:HH:MM:SS.DD) 000:00:00:00.02
 Total Load         Time for this  Iteration  (DDD:HH:MM:SS.DD) 000:00:00:00.00
 Total Computation  Time for this  Iteration  (DDD:HH:MM:SS.DD) 000:00:00:01.02
 Accum. mngr. proc. Time among all Iterations (DDD:HH:MM:SS.DD) 000:00:00:00.69
 Accumulated Load   Time among all Iterations (DDD:HH:MM:SS.DD) 000:00:00:00.11
 Accumulated Comp.  Time among all Iterations (DDD:HH:MM:SS.DD) 000:00:01:05.29
 Accumulated CPU    Time of present job       (DDD:HH:MM:SS.DD) 000:00:00:00.00
 
 ITERATION         -339
 STARTING SUBJECTS          1 TO       34 ON MANAGER: OK
 STARTING SUBJECTS         35 TO       67 ON WORKER1: OK
 STARTING SUBJECTS         68 TO      100 ON WORKER2: OK
 COLLECTING SUBJECTS        1 TO       34 ON MANAGER
 COLLECTING SUBJECTS       35 TO       67 ON WORKER1
 COLLECTING SUBJECTS       68 TO      100 ON WORKER2
 Tot. mngr. proc.   Time for this  Iteration  (DDD:HH:MM:SS.DD) 000:00:00:00.02
 Total Load         Time for this  Iteration  (DDD:HH:MM:SS.DD) 000:00:00:00.00
 Total Computation  Time for this  Iteration  (DDD:HH:MM:SS.DD) 000:00:00:01.02
 Accum. mngr. proc. Time among all Iterations (DDD:HH:MM:SS.DD) 000:00:00:00.70
 Accumulated Load   Time among all Iterations (DDD:HH:MM:SS.DD) 000:00:00:00.11
 Accumulated Comp.  Time among all Iterations (DDD:HH:MM:SS.DD) 000:00:01:06.30
 Accumulated CPU    Time of present job       (DDD:HH:MM:SS.DD) 000:00:00:00.00
 
 ITERATION         -338
 STARTING SUBJECTS          1 TO       34 ON MANAGER: OK
 STARTING SUBJECTS         35 TO       67 ON WORKER1: OK
 STARTING SUBJECTS         68 TO      100 ON WORKER2: OK
 COLLECTING SUBJECTS        1 TO       34 ON MANAGER
 COLLECTING SUBJECTS       35 TO       67 ON WORKER1
 COLLECTING SUBJECTS       68 TO      100 ON WORKER2
 Tot. mngr. proc.   Time for this  Iteration  (DDD:HH:MM:SS.DD) 000:00:00:00.00
 Total Load         Time for this  Iteration  (DDD:HH:MM:SS.DD) 000:00:00:00.00
 Total Computation  Time for this  Iteration  (DDD:HH:MM:SS.DD) 000:00:00:01.02
 Accum. mngr. proc. Time among all Iterations (DDD:HH:MM:SS.DD) 000:00:00:00.70
 Accumulated Load   Time among all Iterations (DDD:HH:MM:SS.DD) 000:00:00:00.11
 Accumulated Comp.  Time among all Iterations (DDD:HH:MM:SS.DD) 000:00:01:07.32
 Accumulated CPU    Time of present job       (DDD:HH:MM:SS.DD) 000:00:00:00.00
 
 ITERATION         -337
 STARTING SUBJECTS          1 TO       34 ON MANAGER: OK
 STARTING SUBJECTS         35 TO       67 ON WORKER1: OK
 STARTING SUBJECTS         68 TO      100 ON WORKER2: OK
 COLLECTING SUBJECTS        1 TO       34 ON MANAGER
 COLLECTING SUBJECTS       35 TO       67 ON WORKER1
 COLLECTING SUBJECTS       68 TO      100 ON WORKER2
 Tot. mngr. proc.   Time for this  Iteration  (DDD:HH:MM:SS.DD) 000:00:00:00.00
 Total Load         Time for this  Iteration  (DDD:HH:MM:SS.DD) 000:00:00:00.00
 Total Computation  Time for this  Iteration  (DDD:HH:MM:SS.DD) 000:00:00:00.05
 Accum. mngr. proc. Time among all Iterations (DDD:HH:MM:SS.DD) 000:00:00:00.70
 Accumulated Load   Time among all Iterations (DDD:HH:MM:SS.DD) 000:00:00:00.11
 Accumulated Comp.  Time among all Iterations (DDD:HH:MM:SS.DD) 000:00:01:07.37
 Accumulated CPU    Time of present job       (DDD:HH:MM:SS.DD) 000:00:00:00.00
 
 ITERATION         -336
 STARTING SUBJECTS          1 TO       34 ON MANAGER: OK
 STARTING SUBJECTS         35 TO       67 ON WORKER1: OK
 STARTING SUBJECTS         68 TO      100 ON WORKER2: OK
 COLLECTING SUBJECTS        1 TO       34 ON MANAGER
 COLLECTING SUBJECTS       68 TO      100 ON WORKER2
 COLLECTING SUBJECTS       35 TO       67 ON WORKER1
 Tot. mngr. proc.   Time for this  Iteration  (DDD:HH:MM:SS.DD) 000:00:00:00.00
 Total Load         Time for this  Iteration  (DDD:HH:MM:SS.DD) 000:00:00:00.00
 Total Computation  Time for this  Iteration  (DDD:HH:MM:SS.DD) 000:00:00:00.05
 Accum. mngr. proc. Time among all Iterations (DDD:HH:MM:SS.DD) 000:00:00:00.70
 Accumulated Load   Time among all Iterations (DDD:HH:MM:SS.DD) 000:00:00:00.11
 Accumulated Comp.  Time among all Iterations (DDD:HH:MM:SS.DD) 000:00:01:07.41
 Accumulated CPU    Time of present job       (DDD:HH:MM:SS.DD) 000:00:00:00.00
 
 ITERATION         -335
 STARTING SUBJECTS          1 TO       34 ON MANAGER: OK
 STARTING SUBJECTS         35 TO       67 ON WORKER1: OK
 STARTING SUBJECTS         68 TO      100 ON WORKER2: OK
 COLLECTING SUBJECTS        1 TO       34 ON MANAGER
 COLLECTING SUBJECTS       68 TO      100 ON WORKER2
 COLLECTING SUBJECTS       35 TO       67 ON WORKER1
 Tot. mngr. proc.   Time for this  Iteration  (DDD:HH:MM:SS.DD) 000:00:00:00.00
 Total Load         Time for this  Iteration  (DDD:HH:MM:SS.DD) 000:00:00:00.00
 Total Computation  Time for this  Iteration  (DDD:HH:MM:SS.DD) 000:00:00:00.05
 Accum. mngr. proc. Time among all Iterations (DDD:HH:MM:SS.DD) 000:00:00:00.70
 Accumulated Load   Time among all Iterations (DDD:HH:MM:SS.DD) 000:00:00:00.11
 Accumulated Comp.  Time among all Iterations (DDD:HH:MM:SS.DD) 000:00:01:07.46
 Accumulated CPU    Time of present job       (DDD:HH:MM:SS.DD) 000:00:00:00.00
 
 ITERATION         -334
 STARTING SUBJECTS          1 TO       34 ON MANAGER: OK
 STARTING SUBJECTS         35 TO       67 ON WORKER1: OK
 STARTING SUBJECTS         68 TO      100 ON WORKER2: OK
 COLLECTING SUBJECTS        1 TO       34 ON MANAGER
 COLLECTING SUBJECTS       68 TO      100 ON WORKER2
 COLLECTING SUBJECTS       35 TO       67 ON WORKER1
 Tot. mngr. proc.   Time for this  Iteration  (DDD:HH:MM:SS.DD) 000:00:00:00.00
 Total Load         Time for this  Iteration  (DDD:HH:MM:SS.DD) 000:00:00:00.00
 Total Computation  Time for this  Iteration  (DDD:HH:MM:SS.DD) 000:00:00:00.05
 Accum. mngr. proc. Time among all Iterations (DDD:HH:MM:SS.DD) 000:00:00:00.70
 Accumulated Load   Time among all Iterations (DDD:HH:MM:SS.DD) 000:00:00:00.11
 Accumulated Comp.  Time among all Iterations (DDD:HH:MM:SS.DD) 000:00:01:07.51
 Accumulated CPU    Time of present job       (DDD:HH:MM:SS.DD) 000:00:00:00.00
 
 ITERATION         -333
 STARTING SUBJECTS          1 TO       34 ON MANAGER: OK
 STARTING SUBJECTS         35 TO       67 ON WORKER1: OK
 STARTING SUBJECTS         68 TO      100 ON WORKER2: OK
 COLLECTING SUBJECTS        1 TO       34 ON MANAGER
 COLLECTING SUBJECTS       68 TO      100 ON WORKER2
 COLLECTING SUBJECTS       35 TO       67 ON WORKER1
 Tot. mngr. proc.   Time for this  Iteration  (DDD:HH:MM:SS.DD) 000:00:00:00.00
 Total Load         Time for this  Iteration  (DDD:HH:MM:SS.DD) 000:00:00:00.00
 Total Computation  Time for this  Iteration  (DDD:HH:MM:SS.DD) 000:00:00:00.05
 Accum. mngr. proc. Time among all Iterations (DDD:HH:MM:SS.DD) 000:00:00:00.70
 Accumulated Load   Time among all Iterations (DDD:HH:MM:SS.DD) 000:00:00:00.11
 Accumulated Comp.  Time among all Iterations (DDD:HH:MM:SS.DD) 000:00:01:07.55
 Accumulated CPU    Time of present job       (DDD:HH:MM:SS.DD) 000:00:00:00.00
 
 ITERATION         -332
 STARTING SUBJECTS          1 TO       34 ON MANAGER: OK
 STARTING SUBJECTS         35 TO       67 ON WORKER1: OK
 STARTING SUBJECTS         68 TO      100 ON WORKER2: OK
 COLLECTING SUBJECTS        1 TO       34 ON MANAGER
 COLLECTING SUBJECTS       68 TO      100 ON WORKER2
 COLLECTING SUBJECTS       35 TO       67 ON WORKER1
 Tot. mngr. proc.   Time for this  Iteration  (DDD:HH:MM:SS.DD) 000:00:00:00.00
 Total Load         Time for this  Iteration  (DDD:HH:MM:SS.DD) 000:00:00:00.00
 Total Computation  Time for this  Iteration  (DDD:HH:MM:SS.DD) 000:00:00:00.05
 Accum. mngr. proc. Time among all Iterations (DDD:HH:MM:SS.DD) 000:00:00:00.70
 Accumulated Load   Time among all Iterations (DDD:HH:MM:SS.DD) 000:00:00:00.11
 Accumulated Comp.  Time among all Iterations (DDD:HH:MM:SS.DD) 000:00:01:07.60
 Accumulated CPU    Time of present job       (DDD:HH:MM:SS.DD) 000:00:00:00.00
 
 ITERATION         -331
 STARTING SUBJECTS          1 TO       34 ON MANAGER: OK
 STARTING SUBJECTS         35 TO       67 ON WORKER1: OK
 STARTING SUBJECTS         68 TO      100 ON WORKER2: OK
 COLLECTING SUBJECTS        1 TO       34 ON MANAGER
 COLLECTING SUBJECTS       68 TO      100 ON WORKER2
 COLLECTING SUBJECTS       35 TO       67 ON WORKER1
 Tot. mngr. proc.   Time for this  Iteration  (DDD:HH:MM:SS.DD) 000:00:00:00.00
 Total Load         Time for this  Iteration  (DDD:HH:MM:SS.DD) 000:00:00:00.00
 Total Computation  Time for this  Iteration  (DDD:HH:MM:SS.DD) 000:00:00:00.05
 Accum. mngr. proc. Time among all Iterations (DDD:HH:MM:SS.DD) 000:00:00:00.70
 Accumulated Load   Time among all Iterations (DDD:HH:MM:SS.DD) 000:00:00:00.11
 Accumulated Comp.  Time among all Iterations (DDD:HH:MM:SS.DD) 000:00:01:07.65
 Accumulated CPU    Time of present job       (DDD:HH:MM:SS.DD) 000:00:00:00.00
 
 ITERATION         -330
 STARTING SUBJECTS          1 TO       34 ON MANAGER: OK
 STARTING SUBJECTS         35 TO       67 ON WORKER1: OK
 STARTING SUBJECTS         68 TO      100 ON WORKER2: OK
 COLLECTING SUBJECTS        1 TO       34 ON MANAGER
 COLLECTING SUBJECTS       68 TO      100 ON WORKER2
 COLLECTING SUBJECTS       35 TO       67 ON WORKER1
 Tot. mngr. proc.   Time for this  Iteration  (DDD:HH:MM:SS.DD) 000:00:00:00.00
 Total Load         Time for this  Iteration  (DDD:HH:MM:SS.DD) 000:00:00:00.00
 Total Computation  Time for this  Iteration  (DDD:HH:MM:SS.DD) 000:00:00:00.05
 Accum. mngr. proc. Time among all Iterations (DDD:HH:MM:SS.DD) 000:00:00:00.70
 Accumulated Load   Time among all Iterations (DDD:HH:MM:SS.DD) 000:00:00:00.11
 Accumulated Comp.  Time among all Iterations (DDD:HH:MM:SS.DD) 000:00:01:07.69
 Accumulated CPU    Time of present job       (DDD:HH:MM:SS.DD) 000:00:00:00.00
 
 ITERATION         -329
 STARTING SUBJECTS          1 TO       34 ON MANAGER: OK
 STARTING SUBJECTS         35 TO       67 ON WORKER1: OK
 STARTING SUBJECTS         68 TO      100 ON WORKER2: OK
 COLLECTING SUBJECTS        1 TO       34 ON MANAGER
 COLLECTING SUBJECTS       68 TO      100 ON WORKER2
 COLLECTING SUBJECTS       35 TO       67 ON WORKER1
 Tot. mngr. proc.   Time for this  Iteration  (DDD:HH:MM:SS.DD) 000:00:00:00.00
 Total Load         Time for this  Iteration  (DDD:HH:MM:SS.DD) 000:00:00:00.00
 Total Computation  Time for this  Iteration  (DDD:HH:MM:SS.DD) 000:00:00:00.05
 Accum. mngr. proc. Time among all Iterations (DDD:HH:MM:SS.DD) 000:00:00:00.70
 Accumulated Load   Time among all Iterations (DDD:HH:MM:SS.DD) 000:00:00:00.11
 Accumulated Comp.  Time among all Iterations (DDD:HH:MM:SS.DD) 000:00:01:07.74
 Accumulated CPU    Time of present job       (DDD:HH:MM:SS.DD) 000:00:00:00.00
 
 ITERATION         -328
 STARTING SUBJECTS          1 TO       34 ON MANAGER: OK
 STARTING SUBJECTS         35 TO       67 ON WORKER1: OK
 STARTING SUBJECTS         68 TO      100 ON WORKER2: OK
 COLLECTING SUBJECTS        1 TO       34 ON MANAGER
 COLLECTING SUBJECTS       68 TO      100 ON WORKER2
 COLLECTING SUBJECTS       35 TO       67 ON WORKER1
 Tot. mngr. proc.   Time for this  Iteration  (DDD:HH:MM:SS.DD) 000:00:00:00.00
 Total Load         Time for this  Iteration  (DDD:HH:MM:SS.DD) 000:00:00:00.00
 Total Computation  Time for this  Iteration  (DDD:HH:MM:SS.DD) 000:00:00:00.05
 Accum. mngr. proc. Time among all Iterations (DDD:HH:MM:SS.DD) 000:00:00:00.70
 Accumulated Load   Time among all Iterations (DDD:HH:MM:SS.DD) 000:00:00:00.11
 Accumulated Comp.  Time among all Iterations (DDD:HH:MM:SS.DD) 000:00:01:07.79
 Accumulated CPU    Time of present job       (DDD:HH:MM:SS.DD) 000:00:00:00.00
 
 ITERATION         -327
 STARTING SUBJECTS          1 TO       34 ON MANAGER: OK
 STARTING SUBJECTS         35 TO       67 ON WORKER1: OK
 STARTING SUBJECTS         68 TO      100 ON WORKER2: OK
 COLLECTING SUBJECTS        1 TO       34 ON MANAGER
 COLLECTING SUBJECTS       68 TO      100 ON WORKER2
 COLLECTING SUBJECTS       35 TO       67 ON WORKER1
 Tot. mngr. proc.   Time for this  Iteration  (DDD:HH:MM:SS.DD) 000:00:00:00.00
 Total Load         Time for this  Iteration  (DDD:HH:MM:SS.DD) 000:00:00:00.00
 Total Computation  Time for this  Iteration  (DDD:HH:MM:SS.DD) 000:00:00:00.05
 Accum. mngr. proc. Time among all Iterations (DDD:HH:MM:SS.DD) 000:00:00:00.70
 Accumulated Load   Time among all Iterations (DDD:HH:MM:SS.DD) 000:00:00:00.11
 Accumulated Comp.  Time among all Iterations (DDD:HH:MM:SS.DD) 000:00:01:07.84
 Accumulated CPU    Time of present job       (DDD:HH:MM:SS.DD) 000:00:00:00.00
 
 ITERATION         -326
 STARTING SUBJECTS          1 TO       34 ON MANAGER: OK
 STARTING SUBJECTS         35 TO       67 ON WORKER1: OK
 STARTING SUBJECTS         68 TO      100 ON WORKER2: OK
 COLLECTING SUBJECTS        1 TO       34 ON MANAGER
 COLLECTING SUBJECTS       68 TO      100 ON WORKER2
 COLLECTING SUBJECTS       35 TO       67 ON WORKER1
 Tot. mngr. proc.   Time for this  Iteration  (DDD:HH:MM:SS.DD) 000:00:00:00.00
 Total Load         Time for this  Iteration  (DDD:HH:MM:SS.DD) 000:00:00:00.00
 Total Computation  Time for this  Iteration  (DDD:HH:MM:SS.DD) 000:00:00:00.05
 Accum. mngr. proc. Time among all Iterations (DDD:HH:MM:SS.DD) 000:00:00:00.70
 Accumulated Load   Time among all Iterations (DDD:HH:MM:SS.DD) 000:00:00:00.11
 Accumulated Comp.  Time among all Iterations (DDD:HH:MM:SS.DD) 000:00:01:07.88
 Accumulated CPU    Time of present job       (DDD:HH:MM:SS.DD) 000:00:00:00.00
 
 ITERATION         -325
 STARTING SUBJECTS          1 TO       34 ON MANAGER: OK
 STARTING SUBJECTS         35 TO       67 ON WORKER1: OK
 STARTING SUBJECTS         68 TO      100 ON WORKER2: OK
 COLLECTING SUBJECTS        1 TO       34 ON MANAGER
 COLLECTING SUBJECTS       68 TO      100 ON WORKER2
 COLLECTING SUBJECTS       35 TO       67 ON WORKER1
 Tot. mngr. proc.   Time for this  Iteration  (DDD:HH:MM:SS.DD) 000:00:00:00.00
 Total Load         Time for this  Iteration  (DDD:HH:MM:SS.DD) 000:00:00:00.00
 Total Computation  Time for this  Iteration  (DDD:HH:MM:SS.DD) 000:00:00:00.05
 Accum. mngr. proc. Time among all Iterations (DDD:HH:MM:SS.DD) 000:00:00:00.70
 Accumulated Load   Time among all Iterations (DDD:HH:MM:SS.DD) 000:00:00:00.11
 Accumulated Comp.  Time among all Iterations (DDD:HH:MM:SS.DD) 000:00:01:07.93
 Accumulated CPU    Time of present job       (DDD:HH:MM:SS.DD) 000:00:00:00.00
 
 ITERATION         -324
 STARTING SUBJECTS          1 TO       34 ON MANAGER: OK
 STARTING SUBJECTS         35 TO       67 ON WORKER1: OK
 STARTING SUBJECTS         68 TO      100 ON WORKER2: OK
 COLLECTING SUBJECTS        1 TO       34 ON MANAGER
 COLLECTING SUBJECTS       68 TO      100 ON WORKER2
 COLLECTING SUBJECTS       35 TO       67 ON WORKER1
 Tot. mngr. proc.   Time for this  Iteration  (DDD:HH:MM:SS.DD) 000:00:00:00.00
 Total Load         Time for this  Iteration  (DDD:HH:MM:SS.DD) 000:00:00:00.00
 Total Computation  Time for this  Iteration  (DDD:HH:MM:SS.DD) 000:00:00:00.05
 Accum. mngr. proc. Time among all Iterations (DDD:HH:MM:SS.DD) 000:00:00:00.70
 Accumulated Load   Time among all Iterations (DDD:HH:MM:SS.DD) 000:00:00:00.11
 Accumulated Comp.  Time among all Iterations (DDD:HH:MM:SS.DD) 000:00:01:07.98
 Accumulated CPU    Time of present job       (DDD:HH:MM:SS.DD) 000:00:00:00.00
 
 ITERATION         -323
 STARTING SUBJECTS          1 TO       34 ON MANAGER: OK
 STARTING SUBJECTS         35 TO       67 ON WORKER1: OK
 STARTING SUBJECTS         68 TO      100 ON WORKER2: OK
 COLLECTING SUBJECTS        1 TO       34 ON MANAGER
 COLLECTING SUBJECTS       68 TO      100 ON WORKER2
 COLLECTING SUBJECTS       35 TO       67 ON WORKER1
 Tot. mngr. proc.   Time for this  Iteration  (DDD:HH:MM:SS.DD) 000:00:00:00.00
 Total Load         Time for this  Iteration  (DDD:HH:MM:SS.DD) 000:00:00:00.00
 Total Computation  Time for this  Iteration  (DDD:HH:MM:SS.DD) 000:00:00:00.05
 Accum. mngr. proc. Time among all Iterations (DDD:HH:MM:SS.DD) 000:00:00:00.70
 Accumulated Load   Time among all Iterations (DDD:HH:MM:SS.DD) 000:00:00:00.11
 Accumulated Comp.  Time among all Iterations (DDD:HH:MM:SS.DD) 000:00:01:08.02
 Accumulated CPU    Time of present job       (DDD:HH:MM:SS.DD) 000:00:00:00.00
 
 ITERATION         -322
 STARTING SUBJECTS          1 TO       34 ON MANAGER: OK
 STARTING SUBJECTS         35 TO       67 ON WORKER1: OK
 STARTING SUBJECTS         68 TO      100 ON WORKER2: OK
 COLLECTING SUBJECTS        1 TO       34 ON MANAGER
 COLLECTING SUBJECTS       68 TO      100 ON WORKER2
 COLLECTING SUBJECTS       35 TO       67 ON WORKER1
 Tot. mngr. proc.   Time for this  Iteration  (DDD:HH:MM:SS.DD) 000:00:00:00.00
 Total Load         Time for this  Iteration  (DDD:HH:MM:SS.DD) 000:00:00:00.00
 Total Computation  Time for this  Iteration  (DDD:HH:MM:SS.DD) 000:00:00:00.05
 Accum. mngr. proc. Time among all Iterations (DDD:HH:MM:SS.DD) 000:00:00:00.70
 Accumulated Load   Time among all Iterations (DDD:HH:MM:SS.DD) 000:00:00:00.11
 Accumulated Comp.  Time among all Iterations (DDD:HH:MM:SS.DD) 000:00:01:08.07
 Accumulated CPU    Time of present job       (DDD:HH:MM:SS.DD) 000:00:00:00.00
 
 ITERATION         -321
 STARTING SUBJECTS          1 TO       34 ON MANAGER: OK
 STARTING SUBJECTS         35 TO       67 ON WORKER1: OK
 STARTING SUBJECTS         68 TO      100 ON WORKER2: OK
 COLLECTING SUBJECTS        1 TO       34 ON MANAGER
 COLLECTING SUBJECTS       68 TO      100 ON WORKER2
 COLLECTING SUBJECTS       35 TO       67 ON WORKER1
 Tot. mngr. proc.   Time for this  Iteration  (DDD:HH:MM:SS.DD) 000:00:00:00.00
 Total Load         Time for this  Iteration  (DDD:HH:MM:SS.DD) 000:00:00:00.00
 Total Computation  Time for this  Iteration  (DDD:HH:MM:SS.DD) 000:00:00:00.05
 Accum. mngr. proc. Time among all Iterations (DDD:HH:MM:SS.DD) 000:00:00:00.70
 Accumulated Load   Time among all Iterations (DDD:HH:MM:SS.DD) 000:00:00:00.11
 Accumulated Comp.  Time among all Iterations (DDD:HH:MM:SS.DD) 000:00:01:08.12
 Accumulated CPU    Time of present job       (DDD:HH:MM:SS.DD) 000:00:00:00.00
 
 ITERATION         -320
 STARTING SUBJECTS          1 TO       34 ON MANAGER: OK
 STARTING SUBJECTS         35 TO       67 ON WORKER1: OK
 STARTING SUBJECTS         68 TO      100 ON WORKER2: OK
 COLLECTING SUBJECTS        1 TO       34 ON MANAGER
 COLLECTING SUBJECTS       68 TO      100 ON WORKER2
 COLLECTING SUBJECTS       35 TO       67 ON WORKER1
 Tot. mngr. proc.   Time for this  Iteration  (DDD:HH:MM:SS.DD) 000:00:00:00.00
 Total Load         Time for this  Iteration  (DDD:HH:MM:SS.DD) 000:00:00:00.00
 Total Computation  Time for this  Iteration  (DDD:HH:MM:SS.DD) 000:00:00:00.05
 Accum. mngr. proc. Time among all Iterations (DDD:HH:MM:SS.DD) 000:00:00:00.70
 Accumulated Load   Time among all Iterations (DDD:HH:MM:SS.DD) 000:00:00:00.11
 Accumulated Comp.  Time among all Iterations (DDD:HH:MM:SS.DD) 000:00:01:08.16
 Accumulated CPU    Time of present job       (DDD:HH:MM:SS.DD) 000:00:00:00.00
 
 ITERATION         -319
 STARTING SUBJECTS          1 TO       34 ON MANAGER: OK
 STARTING SUBJECTS         35 TO       67 ON WORKER1: OK
 STARTING SUBJECTS         68 TO      100 ON WORKER2: OK
 COLLECTING SUBJECTS        1 TO       34 ON MANAGER
 COLLECTING SUBJECTS       35 TO       67 ON WORKER1
 COLLECTING SUBJECTS       68 TO      100 ON WORKER2
 Tot. mngr. proc.   Time for this  Iteration  (DDD:HH:MM:SS.DD) 000:00:00:00.00
 Total Load         Time for this  Iteration  (DDD:HH:MM:SS.DD) 000:00:00:00.00
 Total Computation  Time for this  Iteration  (DDD:HH:MM:SS.DD) 000:00:00:00.06
 Accum. mngr. proc. Time among all Iterations (DDD:HH:MM:SS.DD) 000:00:00:00.70
 Accumulated Load   Time among all Iterations (DDD:HH:MM:SS.DD) 000:00:00:00.11
 Accumulated Comp.  Time among all Iterations (DDD:HH:MM:SS.DD) 000:00:01:08.23
 Accumulated CPU    Time of present job       (DDD:HH:MM:SS.DD) 000:00:00:00.00
 
 ITERATION         -318
 STARTING SUBJECTS          1 TO       33 ON MANAGER: OK
 STARTING SUBJECTS         34 TO       67 ON WORKER1: OK
 STARTING SUBJECTS         68 TO      100 ON WORKER2: OK
 COLLECTING SUBJECTS        1 TO       33 ON MANAGER
 COLLECTING SUBJECTS       68 TO      100 ON WORKER2
 COLLECTING SUBJECTS       34 TO       67 ON WORKER1
 Tot. mngr. proc.   Time for this  Iteration  (DDD:HH:MM:SS.DD) 000:00:00:00.00
 Total Load         Time for this  Iteration  (DDD:HH:MM:SS.DD) 000:00:00:00.00
 Total Computation  Time for this  Iteration  (DDD:HH:MM:SS.DD) 000:00:00:00.05
 Accum. mngr. proc. Time among all Iterations (DDD:HH:MM:SS.DD) 000:00:00:00.70
 Accumulated Load   Time among all Iterations (DDD:HH:MM:SS.DD) 000:00:00:00.11
 Accumulated Comp.  Time among all Iterations (DDD:HH:MM:SS.DD) 000:00:01:08.27
 Accumulated CPU    Time of present job       (DDD:HH:MM:SS.DD) 000:00:00:00.00
 
 ITERATION         -317
 STARTING SUBJECTS          1 TO       34 ON MANAGER: OK
 STARTING SUBJECTS         35 TO       67 ON WORKER1: OK
 STARTING SUBJECTS         68 TO      100 ON WORKER2: OK
 COLLECTING SUBJECTS        1 TO       34 ON MANAGER
 COLLECTING SUBJECTS       68 TO      100 ON WORKER2
 COLLECTING SUBJECTS       35 TO       67 ON WORKER1
 Tot. mngr. proc.   Time for this  Iteration  (DDD:HH:MM:SS.DD) 000:00:00:00.00
 Total Load         Time for this  Iteration  (DDD:HH:MM:SS.DD) 000:00:00:00.00
 Total Computation  Time for this  Iteration  (DDD:HH:MM:SS.DD) 000:00:00:00.05
 Accum. mngr. proc. Time among all Iterations (DDD:HH:MM:SS.DD) 000:00:00:00.70
 Accumulated Load   Time among all Iterations (DDD:HH:MM:SS.DD) 000:00:00:00.11
 Accumulated Comp.  Time among all Iterations (DDD:HH:MM:SS.DD) 000:00:01:08.32
 Accumulated CPU    Time of present job       (DDD:HH:MM:SS.DD) 000:00:00:00.00
 
 ITERATION         -316
 STARTING SUBJECTS          1 TO       34 ON MANAGER: OK
 STARTING SUBJECTS         35 TO       67 ON WORKER1: OK
 STARTING SUBJECTS         68 TO      100 ON WORKER2: OK
 COLLECTING SUBJECTS        1 TO       34 ON MANAGER
 COLLECTING SUBJECTS       68 TO      100 ON WORKER2
 COLLECTING SUBJECTS       35 TO       67 ON WORKER1
 Tot. mngr. proc.   Time for this  Iteration  (DDD:HH:MM:SS.DD) 000:00:00:00.00
 Total Load         Time for this  Iteration  (DDD:HH:MM:SS.DD) 000:00:00:00.00
 Total Computation  Time for this  Iteration  (DDD:HH:MM:SS.DD) 000:00:00:00.05
 Accum. mngr. proc. Time among all Iterations (DDD:HH:MM:SS.DD) 000:00:00:00.70
 Accumulated Load   Time among all Iterations (DDD:HH:MM:SS.DD) 000:00:00:00.11
 Accumulated Comp.  Time among all Iterations (DDD:HH:MM:SS.DD) 000:00:01:08.37
 Accumulated CPU    Time of present job       (DDD:HH:MM:SS.DD) 000:00:00:00.00
 
 ITERATION         -315
 STARTING SUBJECTS          1 TO       34 ON MANAGER: OK
 STARTING SUBJECTS         35 TO       67 ON WORKER1: OK
 STARTING SUBJECTS         68 TO      100 ON WORKER2: OK
 COLLECTING SUBJECTS        1 TO       34 ON MANAGER
 COLLECTING SUBJECTS       68 TO      100 ON WORKER2
 COLLECTING SUBJECTS       35 TO       67 ON WORKER1
 Tot. mngr. proc.   Time for this  Iteration  (DDD:HH:MM:SS.DD) 000:00:00:00.00
 Total Load         Time for this  Iteration  (DDD:HH:MM:SS.DD) 000:00:00:00.00
 Total Computation  Time for this  Iteration  (DDD:HH:MM:SS.DD) 000:00:00:00.05
 Accum. mngr. proc. Time among all Iterations (DDD:HH:MM:SS.DD) 000:00:00:00.70
 Accumulated Load   Time among all Iterations (DDD:HH:MM:SS.DD) 000:00:00:00.11
 Accumulated Comp.  Time among all Iterations (DDD:HH:MM:SS.DD) 000:00:01:08.41
 Accumulated CPU    Time of present job       (DDD:HH:MM:SS.DD) 000:00:00:00.00
 
 ITERATION         -314
 STARTING SUBJECTS          1 TO       34 ON MANAGER: OK
 STARTING SUBJECTS         35 TO       67 ON WORKER1: OK
 STARTING SUBJECTS         68 TO      100 ON WORKER2: OK
 COLLECTING SUBJECTS        1 TO       34 ON MANAGER
 COLLECTING SUBJECTS       68 TO      100 ON WORKER2
 COLLECTING SUBJECTS       35 TO       67 ON WORKER1
 Tot. mngr. proc.   Time for this  Iteration  (DDD:HH:MM:SS.DD) 000:00:00:00.00
 Total Load         Time for this  Iteration  (DDD:HH:MM:SS.DD) 000:00:00:00.00
 Total Computation  Time for this  Iteration  (DDD:HH:MM:SS.DD) 000:00:00:00.05
 Accum. mngr. proc. Time among all Iterations (DDD:HH:MM:SS.DD) 000:00:00:00.70
 Accumulated Load   Time among all Iterations (DDD:HH:MM:SS.DD) 000:00:00:00.11
 Accumulated Comp.  Time among all Iterations (DDD:HH:MM:SS.DD) 000:00:01:08.46
 Accumulated CPU    Time of present job       (DDD:HH:MM:SS.DD) 000:00:00:00.00
 
 ITERATION         -313
 STARTING SUBJECTS          1 TO       34 ON MANAGER: OK
 STARTING SUBJECTS         35 TO       67 ON WORKER1: OK
 STARTING SUBJECTS         68 TO      100 ON WORKER2: OK
 COLLECTING SUBJECTS        1 TO       34 ON MANAGER
 COLLECTING SUBJECTS       68 TO      100 ON WORKER2
 COLLECTING SUBJECTS       35 TO       67 ON WORKER1
 Tot. mngr. proc.   Time for this  Iteration  (DDD:HH:MM:SS.DD) 000:00:00:00.00
 Total Load         Time for this  Iteration  (DDD:HH:MM:SS.DD) 000:00:00:00.00
 Total Computation  Time for this  Iteration  (DDD:HH:MM:SS.DD) 000:00:00:00.05
 Accum. mngr. proc. Time among all Iterations (DDD:HH:MM:SS.DD) 000:00:00:00.70
 Accumulated Load   Time among all Iterations (DDD:HH:MM:SS.DD) 000:00:00:00.11
 Accumulated Comp.  Time among all Iterations (DDD:HH:MM:SS.DD) 000:00:01:08.51
 Accumulated CPU    Time of present job       (DDD:HH:MM:SS.DD) 000:00:00:00.00
 
 ITERATION         -312
 STARTING SUBJECTS          1 TO       34 ON MANAGER: OK
 STARTING SUBJECTS         35 TO       67 ON WORKER1: OK
 STARTING SUBJECTS         68 TO      100 ON WORKER2: OK
 COLLECTING SUBJECTS        1 TO       34 ON MANAGER
 COLLECTING SUBJECTS       68 TO      100 ON WORKER2
 COLLECTING SUBJECTS       35 TO       67 ON WORKER1
 Tot. mngr. proc.   Time for this  Iteration  (DDD:HH:MM:SS.DD) 000:00:00:00.00
 Total Load         Time for this  Iteration  (DDD:HH:MM:SS.DD) 000:00:00:00.00
 Total Computation  Time for this  Iteration  (DDD:HH:MM:SS.DD) 000:00:00:00.05
 Accum. mngr. proc. Time among all Iterations (DDD:HH:MM:SS.DD) 000:00:00:00.70
 Accumulated Load   Time among all Iterations (DDD:HH:MM:SS.DD) 000:00:00:00.11
 Accumulated Comp.  Time among all Iterations (DDD:HH:MM:SS.DD) 000:00:01:08.55
 Accumulated CPU    Time of present job       (DDD:HH:MM:SS.DD) 000:00:00:00.00
 
 ITERATION         -311
 STARTING SUBJECTS          1 TO       34 ON MANAGER: OK
 STARTING SUBJECTS         35 TO       67 ON WORKER1: OK
 STARTING SUBJECTS         68 TO      100 ON WORKER2: OK
 COLLECTING SUBJECTS        1 TO       34 ON MANAGER
 COLLECTING SUBJECTS       68 TO      100 ON WORKER2
 COLLECTING SUBJECTS       35 TO       67 ON WORKER1
 Tot. mngr. proc.   Time for this  Iteration  (DDD:HH:MM:SS.DD) 000:00:00:00.00
 Total Load         Time for this  Iteration  (DDD:HH:MM:SS.DD) 000:00:00:00.00
 Total Computation  Time for this  Iteration  (DDD:HH:MM:SS.DD) 000:00:00:00.05
 Accum. mngr. proc. Time among all Iterations (DDD:HH:MM:SS.DD) 000:00:00:00.70
 Accumulated Load   Time among all Iterations (DDD:HH:MM:SS.DD) 000:00:00:00.11
 Accumulated Comp.  Time among all Iterations (DDD:HH:MM:SS.DD) 000:00:01:08.60
 Accumulated CPU    Time of present job       (DDD:HH:MM:SS.DD) 000:00:00:00.00
 
 ITERATION         -310
 STARTING SUBJECTS          1 TO       34 ON MANAGER: OK
 STARTING SUBJECTS         35 TO       67 ON WORKER1: OK
 STARTING SUBJECTS         68 TO      100 ON WORKER2: OK
 COLLECTING SUBJECTS        1 TO       34 ON MANAGER
 COLLECTING SUBJECTS       68 TO      100 ON WORKER2
 COLLECTING SUBJECTS       35 TO       67 ON WORKER1
 Tot. mngr. proc.   Time for this  Iteration  (DDD:HH:MM:SS.DD) 000:00:00:00.00
 Total Load         Time for this  Iteration  (DDD:HH:MM:SS.DD) 000:00:00:00.00
 Total Computation  Time for this  Iteration  (DDD:HH:MM:SS.DD) 000:00:00:00.05
 Accum. mngr. proc. Time among all Iterations (DDD:HH:MM:SS.DD) 000:00:00:00.70
 Accumulated Load   Time among all Iterations (DDD:HH:MM:SS.DD) 000:00:00:00.11
 Accumulated Comp.  Time among all Iterations (DDD:HH:MM:SS.DD) 000:00:01:08.65
 Accumulated CPU    Time of present job       (DDD:HH:MM:SS.DD) 000:00:00:00.00
 
 ITERATION         -309
 STARTING SUBJECTS          1 TO       34 ON MANAGER: OK
 STARTING SUBJECTS         35 TO       67 ON WORKER1: OK
 STARTING SUBJECTS         68 TO      100 ON WORKER2: OK
 COLLECTING SUBJECTS        1 TO       34 ON MANAGER
 COLLECTING SUBJECTS       68 TO      100 ON WORKER2
 COLLECTING SUBJECTS       35 TO       67 ON WORKER1
 Tot. mngr. proc.   Time for this  Iteration  (DDD:HH:MM:SS.DD) 000:00:00:00.00
 Total Load         Time for this  Iteration  (DDD:HH:MM:SS.DD) 000:00:00:00.00
 Total Computation  Time for this  Iteration  (DDD:HH:MM:SS.DD) 000:00:00:00.05
 Accum. mngr. proc. Time among all Iterations (DDD:HH:MM:SS.DD) 000:00:00:00.70
 Accumulated Load   Time among all Iterations (DDD:HH:MM:SS.DD) 000:00:00:00.11
 Accumulated Comp.  Time among all Iterations (DDD:HH:MM:SS.DD) 000:00:01:08.69
 Accumulated CPU    Time of present job       (DDD:HH:MM:SS.DD) 000:00:00:00.00
 
 ITERATION         -308
 STARTING SUBJECTS          1 TO       34 ON MANAGER: OK
 STARTING SUBJECTS         35 TO       67 ON WORKER1: OK
 STARTING SUBJECTS         68 TO      100 ON WORKER2: OK
 COLLECTING SUBJECTS        1 TO       34 ON MANAGER
 COLLECTING SUBJECTS       68 TO      100 ON WORKER2
 COLLECTING SUBJECTS       35 TO       67 ON WORKER1
 Tot. mngr. proc.   Time for this  Iteration  (DDD:HH:MM:SS.DD) 000:00:00:00.00
 Total Load         Time for this  Iteration  (DDD:HH:MM:SS.DD) 000:00:00:00.00
 Total Computation  Time for this  Iteration  (DDD:HH:MM:SS.DD) 000:00:00:00.05
 Accum. mngr. proc. Time among all Iterations (DDD:HH:MM:SS.DD) 000:00:00:00.70
 Accumulated Load   Time among all Iterations (DDD:HH:MM:SS.DD) 000:00:00:00.11
 Accumulated Comp.  Time among all Iterations (DDD:HH:MM:SS.DD) 000:00:01:08.74
 Accumulated CPU    Time of present job       (DDD:HH:MM:SS.DD) 000:00:00:00.00
 
 ITERATION         -307
 STARTING SUBJECTS          1 TO       34 ON MANAGER: OK
 STARTING SUBJECTS         35 TO       67 ON WORKER1: OK
 STARTING SUBJECTS         68 TO      100 ON WORKER2: OK
 COLLECTING SUBJECTS        1 TO       34 ON MANAGER
 COLLECTING SUBJECTS       68 TO      100 ON WORKER2
 COLLECTING SUBJECTS       35 TO       67 ON WORKER1
 Tot. mngr. proc.   Time for this  Iteration  (DDD:HH:MM:SS.DD) 000:00:00:00.02
 Total Load         Time for this  Iteration  (DDD:HH:MM:SS.DD) 000:00:00:00.00
 Total Computation  Time for this  Iteration  (DDD:HH:MM:SS.DD) 000:00:00:00.05
 Accum. mngr. proc. Time among all Iterations (DDD:HH:MM:SS.DD) 000:00:00:00.72
 Accumulated Load   Time among all Iterations (DDD:HH:MM:SS.DD) 000:00:00:00.11
 Accumulated Comp.  Time among all Iterations (DDD:HH:MM:SS.DD) 000:00:01:08.79
 Accumulated CPU    Time of present job       (DDD:HH:MM:SS.DD) 000:00:00:00.00
 
 ITERATION         -306
 STARTING SUBJECTS          1 TO       34 ON MANAGER: OK
 STARTING SUBJECTS         35 TO       67 ON WORKER1: OK
 STARTING SUBJECTS         68 TO      100 ON WORKER2: OK
 COLLECTING SUBJECTS        1 TO       34 ON MANAGER
 COLLECTING SUBJECTS       68 TO      100 ON WORKER2
 COLLECTING SUBJECTS       35 TO       67 ON WORKER1
 Tot. mngr. proc.   Time for this  Iteration  (DDD:HH:MM:SS.DD) 000:00:00:00.02
 Total Load         Time for this  Iteration  (DDD:HH:MM:SS.DD) 000:00:00:00.00
 Total Computation  Time for this  Iteration  (DDD:HH:MM:SS.DD) 000:00:00:01.02
 Accum. mngr. proc. Time among all Iterations (DDD:HH:MM:SS.DD) 000:00:00:00.73
 Accumulated Load   Time among all Iterations (DDD:HH:MM:SS.DD) 000:00:00:00.11
 Accumulated Comp.  Time among all Iterations (DDD:HH:MM:SS.DD) 000:00:01:09.81
 Accumulated CPU    Time of present job       (DDD:HH:MM:SS.DD) 000:00:00:00.00
 
 ITERATION         -305
 STARTING SUBJECTS          1 TO       34 ON MANAGER: OK
 STARTING SUBJECTS         35 TO       67 ON WORKER1: OK
 STARTING SUBJECTS         68 TO      100 ON WORKER2: OK
 COLLECTING SUBJECTS        1 TO       34 ON MANAGER
 COLLECTING SUBJECTS       35 TO       67 ON WORKER1
 COLLECTING SUBJECTS       68 TO      100 ON WORKER2
 Tot. mngr. proc.   Time for this  Iteration  (DDD:HH:MM:SS.DD) 000:00:00:00.00
 Total Load         Time for this  Iteration  (DDD:HH:MM:SS.DD) 000:00:00:00.00
 Total Computation  Time for this  Iteration  (DDD:HH:MM:SS.DD) 000:00:00:00.03
 Accum. mngr. proc. Time among all Iterations (DDD:HH:MM:SS.DD) 000:00:00:00.73
 Accumulated Load   Time among all Iterations (DDD:HH:MM:SS.DD) 000:00:00:00.11
 Accumulated Comp.  Time among all Iterations (DDD:HH:MM:SS.DD) 000:00:01:09.84
 Accumulated CPU    Time of present job       (DDD:HH:MM:SS.DD) 000:00:00:00.00
 
 ITERATION         -304
 STARTING SUBJECTS          1 TO       34 ON MANAGER: OK
 STARTING SUBJECTS         35 TO       67 ON WORKER1: OK
 STARTING SUBJECTS         68 TO      100 ON WORKER2: OK
 COLLECTING SUBJECTS        1 TO       34 ON MANAGER
 COLLECTING SUBJECTS       68 TO      100 ON WORKER2
 COLLECTING SUBJECTS       35 TO       67 ON WORKER1
 Tot. mngr. proc.   Time for this  Iteration  (DDD:HH:MM:SS.DD) 000:00:00:00.00
 Total Load         Time for this  Iteration  (DDD:HH:MM:SS.DD) 000:00:00:00.00
 Total Computation  Time for this  Iteration  (DDD:HH:MM:SS.DD) 000:00:00:00.02
 Accum. mngr. proc. Time among all Iterations (DDD:HH:MM:SS.DD) 000:00:00:00.73
 Accumulated Load   Time among all Iterations (DDD:HH:MM:SS.DD) 000:00:00:00.11
 Accumulated Comp.  Time among all Iterations (DDD:HH:MM:SS.DD) 000:00:01:09.85
 Accumulated CPU    Time of present job       (DDD:HH:MM:SS.DD) 000:00:00:00.00
 
 ITERATION         -303
 STARTING SUBJECTS          1 TO       34 ON MANAGER: OK
 STARTING SUBJECTS         35 TO       67 ON WORKER1: OK
 STARTING SUBJECTS         68 TO      100 ON WORKER2: OK
 COLLECTING SUBJECTS        1 TO       34 ON MANAGER
 COLLECTING SUBJECTS       68 TO      100 ON WORKER2
 COLLECTING SUBJECTS       35 TO       67 ON WORKER1
 Tot. mngr. proc.   Time for this  Iteration  (DDD:HH:MM:SS.DD) 000:00:00:00.00
 Total Load         Time for this  Iteration  (DDD:HH:MM:SS.DD) 000:00:00:00.00
 Total Computation  Time for this  Iteration  (DDD:HH:MM:SS.DD) 000:00:00:01.01
 Accum. mngr. proc. Time among all Iterations (DDD:HH:MM:SS.DD) 000:00:00:00.73
 Accumulated Load   Time among all Iterations (DDD:HH:MM:SS.DD) 000:00:00:00.11
 Accumulated Comp.  Time among all Iterations (DDD:HH:MM:SS.DD) 000:00:01:10.86
 Accumulated CPU    Time of present job       (DDD:HH:MM:SS.DD) 000:00:00:00.00
 
 ITERATION         -302
 STARTING SUBJECTS          1 TO       34 ON MANAGER: OK
 STARTING SUBJECTS         35 TO       67 ON WORKER1: OK
 STARTING SUBJECTS         68 TO      100 ON WORKER2: OK
 COLLECTING SUBJECTS        1 TO       34 ON MANAGER
 COLLECTING SUBJECTS       68 TO      100 ON WORKER2
 COLLECTING SUBJECTS       35 TO       67 ON WORKER1
 Tot. mngr. proc.   Time for this  Iteration  (DDD:HH:MM:SS.DD) 000:00:00:00.00
 Total Load         Time for this  Iteration  (DDD:HH:MM:SS.DD) 000:00:00:00.00
 Total Computation  Time for this  Iteration  (DDD:HH:MM:SS.DD) 000:00:00:01.01
 Accum. mngr. proc. Time among all Iterations (DDD:HH:MM:SS.DD) 000:00:00:00.73
 Accumulated Load   Time among all Iterations (DDD:HH:MM:SS.DD) 000:00:00:00.11
 Accumulated Comp.  Time among all Iterations (DDD:HH:MM:SS.DD) 000:00:01:11.86
 Accumulated CPU    Time of present job       (DDD:HH:MM:SS.DD) 000:00:00:00.00
 
 ITERATION         -301
 STARTING SUBJECTS          1 TO       34 ON MANAGER: OK
 STARTING SUBJECTS         35 TO       67 ON WORKER1: OK
 STARTING SUBJECTS         68 TO      100 ON WORKER2: OK
 COLLECTING SUBJECTS        1 TO       34 ON MANAGER
 COLLECTING SUBJECTS       68 TO      100 ON WORKER2
 COLLECTING SUBJECTS       35 TO       67 ON WORKER1
 Tot. mngr. proc.   Time for this  Iteration  (DDD:HH:MM:SS.DD) 000:00:00:00.00
 Total Load         Time for this  Iteration  (DDD:HH:MM:SS.DD) 000:00:00:00.00
 Total Computation  Time for this  Iteration  (DDD:HH:MM:SS.DD) 000:00:00:00.03
 Accum. mngr. proc. Time among all Iterations (DDD:HH:MM:SS.DD) 000:00:00:00.73
 Accumulated Load   Time among all Iterations (DDD:HH:MM:SS.DD) 000:00:00:00.11
 Accumulated Comp.  Time among all Iterations (DDD:HH:MM:SS.DD) 000:00:01:11.89
 Accumulated CPU    Time of present job       (DDD:HH:MM:SS.DD) 000:00:00:00.00
 
 ITERATION         -300
 STARTING SUBJECTS          1 TO       34 ON MANAGER: OK
 STARTING SUBJECTS         35 TO       67 ON WORKER1: OK
 STARTING SUBJECTS         68 TO      100 ON WORKER2: OK
 COLLECTING SUBJECTS        1 TO       34 ON MANAGER
 COLLECTING SUBJECTS       35 TO       67 ON WORKER1
 COLLECTING SUBJECTS       68 TO      100 ON WORKER2
 Tot. mngr. proc.   Time for this  Iteration  (DDD:HH:MM:SS.DD) 000:00:00:00.00
 Total Load         Time for this  Iteration  (DDD:HH:MM:SS.DD) 000:00:00:00.00
 Total Computation  Time for this  Iteration  (DDD:HH:MM:SS.DD) 000:00:00:00.03
 Accum. mngr. proc. Time among all Iterations (DDD:HH:MM:SS.DD) 000:00:00:00.73
 Accumulated Load   Time among all Iterations (DDD:HH:MM:SS.DD) 000:00:00:00.11
 Accumulated Comp.  Time among all Iterations (DDD:HH:MM:SS.DD) 000:00:01:11.93
 Accumulated CPU    Time of present job       (DDD:HH:MM:SS.DD) 000:00:00:00.00
 
 ITERATION         -299
 STARTING SUBJECTS          1 TO       34 ON MANAGER: OK
 STARTING SUBJECTS         35 TO       67 ON WORKER1: OK
 STARTING SUBJECTS         68 TO      100 ON WORKER2: OK
 COLLECTING SUBJECTS        1 TO       34 ON MANAGER
 COLLECTING SUBJECTS       68 TO      100 ON WORKER2
 COLLECTING SUBJECTS       35 TO       67 ON WORKER1
 Tot. mngr. proc.   Time for this  Iteration  (DDD:HH:MM:SS.DD) 000:00:00:00.00
 Total Load         Time for this  Iteration  (DDD:HH:MM:SS.DD) 000:00:00:00.00
 Total Computation  Time for this  Iteration  (DDD:HH:MM:SS.DD) 000:00:00:00.05
 Accum. mngr. proc. Time among all Iterations (DDD:HH:MM:SS.DD) 000:00:00:00.73
 Accumulated Load   Time among all Iterations (DDD:HH:MM:SS.DD) 000:00:00:00.11
 Accumulated Comp.  Time among all Iterations (DDD:HH:MM:SS.DD) 000:00:01:11.97
 Accumulated CPU    Time of present job       (DDD:HH:MM:SS.DD) 000:00:00:00.00
 
 ITERATION         -298
 STARTING SUBJECTS          1 TO       34 ON MANAGER: OK
 STARTING SUBJECTS         35 TO       67 ON WORKER1: OK
 STARTING SUBJECTS         68 TO      100 ON WORKER2: OK
 COLLECTING SUBJECTS        1 TO       34 ON MANAGER
 COLLECTING SUBJECTS       68 TO      100 ON WORKER2
 COLLECTING SUBJECTS       35 TO       67 ON WORKER1
 Tot. mngr. proc.   Time for this  Iteration  (DDD:HH:MM:SS.DD) 000:00:00:00.00
 Total Load         Time for this  Iteration  (DDD:HH:MM:SS.DD) 000:00:00:00.00
 Total Computation  Time for this  Iteration  (DDD:HH:MM:SS.DD) 000:00:00:00.05
 Accum. mngr. proc. Time among all Iterations (DDD:HH:MM:SS.DD) 000:00:00:00.73
 Accumulated Load   Time among all Iterations (DDD:HH:MM:SS.DD) 000:00:00:00.11
 Accumulated Comp.  Time among all Iterations (DDD:HH:MM:SS.DD) 000:00:01:12.02
 Accumulated CPU    Time of present job       (DDD:HH:MM:SS.DD) 000:00:00:00.00
 
 ITERATION         -297
 STARTING SUBJECTS          1 TO       34 ON MANAGER: OK
 STARTING SUBJECTS         35 TO       67 ON WORKER1: OK
 STARTING SUBJECTS         68 TO      100 ON WORKER2: OK
 COLLECTING SUBJECTS        1 TO       34 ON MANAGER
 COLLECTING SUBJECTS       35 TO       67 ON WORKER1
 COLLECTING SUBJECTS       68 TO      100 ON WORKER2
 Tot. mngr. proc.   Time for this  Iteration  (DDD:HH:MM:SS.DD) 000:00:00:00.02
 Total Load         Time for this  Iteration  (DDD:HH:MM:SS.DD) 000:00:00:00.00
 Total Computation  Time for this  Iteration  (DDD:HH:MM:SS.DD) 000:00:00:00.05
 Accum. mngr. proc. Time among all Iterations (DDD:HH:MM:SS.DD) 000:00:00:00.75
 Accumulated Load   Time among all Iterations (DDD:HH:MM:SS.DD) 000:00:00:00.11
 Accumulated Comp.  Time among all Iterations (DDD:HH:MM:SS.DD) 000:00:01:12.07
 Accumulated CPU    Time of present job       (DDD:HH:MM:SS.DD) 000:00:00:00.00
 
 ITERATION         -296
 STARTING SUBJECTS          1 TO       34 ON MANAGER: OK
 STARTING SUBJECTS         35 TO       67 ON WORKER1: OK
 STARTING SUBJECTS         68 TO      100 ON WORKER2: OK
 COLLECTING SUBJECTS        1 TO       34 ON MANAGER
 COLLECTING SUBJECTS       68 TO      100 ON WORKER2
 COLLECTING SUBJECTS       35 TO       67 ON WORKER1
 Tot. mngr. proc.   Time for this  Iteration  (DDD:HH:MM:SS.DD) 000:00:00:00.02
 Total Load         Time for this  Iteration  (DDD:HH:MM:SS.DD) 000:00:00:00.00
 Total Computation  Time for this  Iteration  (DDD:HH:MM:SS.DD) 000:00:00:01.02
 Accum. mngr. proc. Time among all Iterations (DDD:HH:MM:SS.DD) 000:00:00:00.77
 Accumulated Load   Time among all Iterations (DDD:HH:MM:SS.DD) 000:00:00:00.11
 Accumulated Comp.  Time among all Iterations (DDD:HH:MM:SS.DD) 000:00:01:13.08
 Accumulated CPU    Time of present job       (DDD:HH:MM:SS.DD) 000:00:00:00.00
 
 ITERATION         -295
 STARTING SUBJECTS          1 TO       34 ON MANAGER: OK
 STARTING SUBJECTS         35 TO       67 ON WORKER1: OK
 STARTING SUBJECTS         68 TO      100 ON WORKER2: OK
 COLLECTING SUBJECTS        1 TO       34 ON MANAGER
 COLLECTING SUBJECTS       68 TO      100 ON WORKER2
 COLLECTING SUBJECTS       35 TO       67 ON WORKER1
 Tot. mngr. proc.   Time for this  Iteration  (DDD:HH:MM:SS.DD) 000:00:00:00.02
 Total Load         Time for this  Iteration  (DDD:HH:MM:SS.DD) 000:00:00:00.00
 Total Computation  Time for this  Iteration  (DDD:HH:MM:SS.DD) 000:00:00:01.02
 Accum. mngr. proc. Time among all Iterations (DDD:HH:MM:SS.DD) 000:00:00:00.78
 Accumulated Load   Time among all Iterations (DDD:HH:MM:SS.DD) 000:00:00:00.11
 Accumulated Comp.  Time among all Iterations (DDD:HH:MM:SS.DD) 000:00:01:14.10
 Accumulated CPU    Time of present job       (DDD:HH:MM:SS.DD) 000:00:00:00.00
 
 ITERATION         -294
 STARTING SUBJECTS          1 TO       34 ON MANAGER: OK
 STARTING SUBJECTS         35 TO       67 ON WORKER1: OK
 STARTING SUBJECTS         68 TO      100 ON WORKER2: OK
 COLLECTING SUBJECTS        1 TO       34 ON MANAGER
 COLLECTING SUBJECTS       35 TO       67 ON WORKER1
 COLLECTING SUBJECTS       68 TO      100 ON WORKER2
 Tot. mngr. proc.   Time for this  Iteration  (DDD:HH:MM:SS.DD) 000:00:00:00.00
 Total Load         Time for this  Iteration  (DDD:HH:MM:SS.DD) 000:00:00:00.00
 Total Computation  Time for this  Iteration  (DDD:HH:MM:SS.DD) 000:00:00:00.03
 Accum. mngr. proc. Time among all Iterations (DDD:HH:MM:SS.DD) 000:00:00:00.78
 Accumulated Load   Time among all Iterations (DDD:HH:MM:SS.DD) 000:00:00:00.11
 Accumulated Comp.  Time among all Iterations (DDD:HH:MM:SS.DD) 000:00:01:14.13
 Accumulated CPU    Time of present job       (DDD:HH:MM:SS.DD) 000:00:00:00.00
 
 ITERATION         -293
 STARTING SUBJECTS          1 TO       34 ON MANAGER: OK
 STARTING SUBJECTS         35 TO       67 ON WORKER1: OK
 STARTING SUBJECTS         68 TO      100 ON WORKER2: OK
 COLLECTING SUBJECTS        1 TO       34 ON MANAGER
 COLLECTING SUBJECTS       68 TO      100 ON WORKER2
 COLLECTING SUBJECTS       35 TO       67 ON WORKER1
 Tot. mngr. proc.   Time for this  Iteration  (DDD:HH:MM:SS.DD) 000:00:00:00.00
 Total Load         Time for this  Iteration  (DDD:HH:MM:SS.DD) 000:00:00:00.00
 Total Computation  Time for this  Iteration  (DDD:HH:MM:SS.DD) 000:00:00:01.01
 Accum. mngr. proc. Time among all Iterations (DDD:HH:MM:SS.DD) 000:00:00:00.78
 Accumulated Load   Time among all Iterations (DDD:HH:MM:SS.DD) 000:00:00:00.11
 Accumulated Comp.  Time among all Iterations (DDD:HH:MM:SS.DD) 000:00:01:15.14
 Accumulated CPU    Time of present job       (DDD:HH:MM:SS.DD) 000:00:00:00.00
 
 ITERATION         -292
 STARTING SUBJECTS          1 TO       34 ON MANAGER: OK
 STARTING SUBJECTS         35 TO       67 ON WORKER1: OK
 STARTING SUBJECTS         68 TO      100 ON WORKER2: OK
 COLLECTING SUBJECTS        1 TO       34 ON MANAGER
 COLLECTING SUBJECTS       68 TO      100 ON WORKER2
 COLLECTING SUBJECTS       35 TO       67 ON WORKER1
 Tot. mngr. proc.   Time for this  Iteration  (DDD:HH:MM:SS.DD) 000:00:00:00.00
 Total Load         Time for this  Iteration  (DDD:HH:MM:SS.DD) 000:00:00:00.00
 Total Computation  Time for this  Iteration  (DDD:HH:MM:SS.DD) 000:00:00:01.01
 Accum. mngr. proc. Time among all Iterations (DDD:HH:MM:SS.DD) 000:00:00:00.78
 Accumulated Load   Time among all Iterations (DDD:HH:MM:SS.DD) 000:00:00:00.11
 Accumulated Comp.  Time among all Iterations (DDD:HH:MM:SS.DD) 000:00:01:16.15
 Accumulated CPU    Time of present job       (DDD:HH:MM:SS.DD) 000:00:00:00.00
 
 ITERATION         -291
 STARTING SUBJECTS          1 TO       34 ON MANAGER: OK
 STARTING SUBJECTS         35 TO       67 ON WORKER1: OK
 STARTING SUBJECTS         68 TO      100 ON WORKER2: OK
 COLLECTING SUBJECTS        1 TO       34 ON MANAGER
 COLLECTING SUBJECTS       68 TO      100 ON WORKER2
 COLLECTING SUBJECTS       35 TO       67 ON WORKER1
 Tot. mngr. proc.   Time for this  Iteration  (DDD:HH:MM:SS.DD) 000:00:00:00.00
 Total Load         Time for this  Iteration  (DDD:HH:MM:SS.DD) 000:00:00:00.00
 Total Computation  Time for this  Iteration  (DDD:HH:MM:SS.DD) 000:00:00:00.05
 Accum. mngr. proc. Time among all Iterations (DDD:HH:MM:SS.DD) 000:00:00:00.78
 Accumulated Load   Time among all Iterations (DDD:HH:MM:SS.DD) 000:00:00:00.11
 Accumulated Comp.  Time among all Iterations (DDD:HH:MM:SS.DD) 000:00:01:16.20
 Accumulated CPU    Time of present job       (DDD:HH:MM:SS.DD) 000:00:00:00.00
 
 ITERATION         -290
 STARTING SUBJECTS          1 TO       34 ON MANAGER: OK
 STARTING SUBJECTS         35 TO       67 ON WORKER1: OK
 STARTING SUBJECTS         68 TO      100 ON WORKER2: OK
 COLLECTING SUBJECTS        1 TO       34 ON MANAGER
 COLLECTING SUBJECTS       35 TO       67 ON WORKER1
 COLLECTING SUBJECTS       68 TO      100 ON WORKER2
 Tot. mngr. proc.   Time for this  Iteration  (DDD:HH:MM:SS.DD) 000:00:00:00.00
 Total Load         Time for this  Iteration  (DDD:HH:MM:SS.DD) 000:00:00:00.00
 Total Computation  Time for this  Iteration  (DDD:HH:MM:SS.DD) 000:00:00:00.05
 Accum. mngr. proc. Time among all Iterations (DDD:HH:MM:SS.DD) 000:00:00:00.78
 Accumulated Load   Time among all Iterations (DDD:HH:MM:SS.DD) 000:00:00:00.11
 Accumulated Comp.  Time among all Iterations (DDD:HH:MM:SS.DD) 000:00:01:16.25
 Accumulated CPU    Time of present job       (DDD:HH:MM:SS.DD) 000:00:00:00.00
 
 ITERATION         -289
 STARTING SUBJECTS          1 TO       34 ON MANAGER: OK
 STARTING SUBJECTS         35 TO       67 ON WORKER1: OK
 STARTING SUBJECTS         68 TO      100 ON WORKER2: OK
 COLLECTING SUBJECTS        1 TO       34 ON MANAGER
 COLLECTING SUBJECTS       68 TO      100 ON WORKER2
 COLLECTING SUBJECTS       35 TO       67 ON WORKER1
 Tot. mngr. proc.   Time for this  Iteration  (DDD:HH:MM:SS.DD) 000:00:00:00.00
 Total Load         Time for this  Iteration  (DDD:HH:MM:SS.DD) 000:00:00:00.00
 Total Computation  Time for this  Iteration  (DDD:HH:MM:SS.DD) 000:00:00:00.05
 Accum. mngr. proc. Time among all Iterations (DDD:HH:MM:SS.DD) 000:00:00:00.78
 Accumulated Load   Time among all Iterations (DDD:HH:MM:SS.DD) 000:00:00:00.11
 Accumulated Comp.  Time among all Iterations (DDD:HH:MM:SS.DD) 000:00:01:16.29
 Accumulated CPU    Time of present job       (DDD:HH:MM:SS.DD) 000:00:00:00.00
 
 ITERATION         -288
 STARTING SUBJECTS          1 TO       34 ON MANAGER: OK
 STARTING SUBJECTS         35 TO       67 ON WORKER1: OK
 STARTING SUBJECTS         68 TO      100 ON WORKER2: OK
 COLLECTING SUBJECTS        1 TO       34 ON MANAGER
 COLLECTING SUBJECTS       68 TO      100 ON WORKER2
 COLLECTING SUBJECTS       35 TO       67 ON WORKER1
 Tot. mngr. proc.   Time for this  Iteration  (DDD:HH:MM:SS.DD) 000:00:00:00.00
 Total Load         Time for this  Iteration  (DDD:HH:MM:SS.DD) 000:00:00:00.00
 Total Computation  Time for this  Iteration  (DDD:HH:MM:SS.DD) 000:00:00:00.05
 Accum. mngr. proc. Time among all Iterations (DDD:HH:MM:SS.DD) 000:00:00:00.78
 Accumulated Load   Time among all Iterations (DDD:HH:MM:SS.DD) 000:00:00:00.11
 Accumulated Comp.  Time among all Iterations (DDD:HH:MM:SS.DD) 000:00:01:16.34
 Accumulated CPU    Time of present job       (DDD:HH:MM:SS.DD) 000:00:00:00.00
 
 ITERATION         -287
 STARTING SUBJECTS          1 TO       34 ON MANAGER: OK
 STARTING SUBJECTS         35 TO       67 ON WORKER1: OK
 STARTING SUBJECTS         68 TO      100 ON WORKER2: OK
 COLLECTING SUBJECTS        1 TO       34 ON MANAGER
 COLLECTING SUBJECTS       68 TO      100 ON WORKER2
 COLLECTING SUBJECTS       35 TO       67 ON WORKER1
 Tot. mngr. proc.   Time for this  Iteration  (DDD:HH:MM:SS.DD) 000:00:00:00.00
 Total Load         Time for this  Iteration  (DDD:HH:MM:SS.DD) 000:00:00:00.00
 Total Computation  Time for this  Iteration  (DDD:HH:MM:SS.DD) 000:00:00:00.05
 Accum. mngr. proc. Time among all Iterations (DDD:HH:MM:SS.DD) 000:00:00:00.78
 Accumulated Load   Time among all Iterations (DDD:HH:MM:SS.DD) 000:00:00:00.11
 Accumulated Comp.  Time among all Iterations (DDD:HH:MM:SS.DD) 000:00:01:16.39
 Accumulated CPU    Time of present job       (DDD:HH:MM:SS.DD) 000:00:00:00.00
 
 ITERATION         -286
 STARTING SUBJECTS          1 TO       34 ON MANAGER: OK
 STARTING SUBJECTS         35 TO       67 ON WORKER1: OK
 STARTING SUBJECTS         68 TO      100 ON WORKER2: OK
 COLLECTING SUBJECTS        1 TO       34 ON MANAGER
 COLLECTING SUBJECTS       35 TO       67 ON WORKER1
 COLLECTING SUBJECTS       68 TO      100 ON WORKER2
 Tot. mngr. proc.   Time for this  Iteration  (DDD:HH:MM:SS.DD) 000:00:00:00.00
 Total Load         Time for this  Iteration  (DDD:HH:MM:SS.DD) 000:00:00:00.00
 Total Computation  Time for this  Iteration  (DDD:HH:MM:SS.DD) 000:00:00:00.05
 Accum. mngr. proc. Time among all Iterations (DDD:HH:MM:SS.DD) 000:00:00:00.78
 Accumulated Load   Time among all Iterations (DDD:HH:MM:SS.DD) 000:00:00:00.11
 Accumulated Comp.  Time among all Iterations (DDD:HH:MM:SS.DD) 000:00:01:16.44
 Accumulated CPU    Time of present job       (DDD:HH:MM:SS.DD) 000:00:00:00.00
 
 ITERATION         -285
 STARTING SUBJECTS          1 TO       34 ON MANAGER: OK
 STARTING SUBJECTS         35 TO       67 ON WORKER1: OK
 STARTING SUBJECTS         68 TO      100 ON WORKER2: OK
 COLLECTING SUBJECTS        1 TO       34 ON MANAGER
 COLLECTING SUBJECTS       68 TO      100 ON WORKER2
 COLLECTING SUBJECTS       35 TO       67 ON WORKER1
 Tot. mngr. proc.   Time for this  Iteration  (DDD:HH:MM:SS.DD) 000:00:00:00.00
 Total Load         Time for this  Iteration  (DDD:HH:MM:SS.DD) 000:00:00:00.00
 Total Computation  Time for this  Iteration  (DDD:HH:MM:SS.DD) 000:00:00:00.05
 Accum. mngr. proc. Time among all Iterations (DDD:HH:MM:SS.DD) 000:00:00:00.78
 Accumulated Load   Time among all Iterations (DDD:HH:MM:SS.DD) 000:00:00:00.11
 Accumulated Comp.  Time among all Iterations (DDD:HH:MM:SS.DD) 000:00:01:16.48
 Accumulated CPU    Time of present job       (DDD:HH:MM:SS.DD) 000:00:00:00.00
 
 ITERATION         -284
 STARTING SUBJECTS          1 TO       34 ON MANAGER: OK
 STARTING SUBJECTS         35 TO       67 ON WORKER1: OK
 STARTING SUBJECTS         68 TO      100 ON WORKER2: OK
 COLLECTING SUBJECTS        1 TO       34 ON MANAGER
 COLLECTING SUBJECTS       68 TO      100 ON WORKER2
 COLLECTING SUBJECTS       35 TO       67 ON WORKER1
 Tot. mngr. proc.   Time for this  Iteration  (DDD:HH:MM:SS.DD) 000:00:00:00.00
 Total Load         Time for this  Iteration  (DDD:HH:MM:SS.DD) 000:00:00:00.00
 Total Computation  Time for this  Iteration  (DDD:HH:MM:SS.DD) 000:00:00:00.05
 Accum. mngr. proc. Time among all Iterations (DDD:HH:MM:SS.DD) 000:00:00:00.78
 Accumulated Load   Time among all Iterations (DDD:HH:MM:SS.DD) 000:00:00:00.11
 Accumulated Comp.  Time among all Iterations (DDD:HH:MM:SS.DD) 000:00:01:16.53
 Accumulated CPU    Time of present job       (DDD:HH:MM:SS.DD) 000:00:00:00.00
 
 ITERATION         -283
 STARTING SUBJECTS          1 TO       34 ON MANAGER: OK
 STARTING SUBJECTS         35 TO       67 ON WORKER1: OK
 STARTING SUBJECTS         68 TO      100 ON WORKER2: OK
 COLLECTING SUBJECTS        1 TO       34 ON MANAGER
 COLLECTING SUBJECTS       68 TO      100 ON WORKER2
 COLLECTING SUBJECTS       35 TO       67 ON WORKER1
 Tot. mngr. proc.   Time for this  Iteration  (DDD:HH:MM:SS.DD) 000:00:00:00.00
 Total Load         Time for this  Iteration  (DDD:HH:MM:SS.DD) 000:00:00:00.00
 Total Computation  Time for this  Iteration  (DDD:HH:MM:SS.DD) 000:00:00:00.05
 Accum. mngr. proc. Time among all Iterations (DDD:HH:MM:SS.DD) 000:00:00:00.78
 Accumulated Load   Time among all Iterations (DDD:HH:MM:SS.DD) 000:00:00:00.11
 Accumulated Comp.  Time among all Iterations (DDD:HH:MM:SS.DD) 000:00:01:16.58
 Accumulated CPU    Time of present job       (DDD:HH:MM:SS.DD) 000:00:00:00.00
 
 ITERATION         -282
 STARTING SUBJECTS          1 TO       34 ON MANAGER: OK
 STARTING SUBJECTS         35 TO       67 ON WORKER1: OK
 STARTING SUBJECTS         68 TO      100 ON WORKER2: OK
 COLLECTING SUBJECTS        1 TO       34 ON MANAGER
 COLLECTING SUBJECTS       68 TO      100 ON WORKER2
 COLLECTING SUBJECTS       35 TO       67 ON WORKER1
 Tot. mngr. proc.   Time for this  Iteration  (DDD:HH:MM:SS.DD) 000:00:00:00.00
 Total Load         Time for this  Iteration  (DDD:HH:MM:SS.DD) 000:00:00:00.00
 Total Computation  Time for this  Iteration  (DDD:HH:MM:SS.DD) 000:00:00:00.05
 Accum. mngr. proc. Time among all Iterations (DDD:HH:MM:SS.DD) 000:00:00:00.78
 Accumulated Load   Time among all Iterations (DDD:HH:MM:SS.DD) 000:00:00:00.11
 Accumulated Comp.  Time among all Iterations (DDD:HH:MM:SS.DD) 000:00:01:16.62
 Accumulated CPU    Time of present job       (DDD:HH:MM:SS.DD) 000:00:00:00.00
 
 ITERATION         -281
 STARTING SUBJECTS          1 TO       34 ON MANAGER: OK
 STARTING SUBJECTS         35 TO       67 ON WORKER1: OK
 STARTING SUBJECTS         68 TO      100 ON WORKER2: OK
 COLLECTING SUBJECTS        1 TO       34 ON MANAGER
 COLLECTING SUBJECTS       68 TO      100 ON WORKER2
 COLLECTING SUBJECTS       35 TO       67 ON WORKER1
 Tot. mngr. proc.   Time for this  Iteration  (DDD:HH:MM:SS.DD) 000:00:00:00.00
 Total Load         Time for this  Iteration  (DDD:HH:MM:SS.DD) 000:00:00:00.00
 Total Computation  Time for this  Iteration  (DDD:HH:MM:SS.DD) 000:00:00:00.05
 Accum. mngr. proc. Time among all Iterations (DDD:HH:MM:SS.DD) 000:00:00:00.78
 Accumulated Load   Time among all Iterations (DDD:HH:MM:SS.DD) 000:00:00:00.11
 Accumulated Comp.  Time among all Iterations (DDD:HH:MM:SS.DD) 000:00:01:16.67
 Accumulated CPU    Time of present job       (DDD:HH:MM:SS.DD) 000:00:00:00.00
 
 ITERATION         -280
 STARTING SUBJECTS          1 TO       34 ON MANAGER: OK
 STARTING SUBJECTS         35 TO       67 ON WORKER1: OK
 STARTING SUBJECTS         68 TO      100 ON WORKER2: OK
 COLLECTING SUBJECTS        1 TO       34 ON MANAGER
 COLLECTING SUBJECTS       68 TO      100 ON WORKER2
 COLLECTING SUBJECTS       35 TO       67 ON WORKER1
 Tot. mngr. proc.   Time for this  Iteration  (DDD:HH:MM:SS.DD) 000:00:00:00.00
 Total Load         Time for this  Iteration  (DDD:HH:MM:SS.DD) 000:00:00:00.00
 Total Computation  Time for this  Iteration  (DDD:HH:MM:SS.DD) 000:00:00:00.05
 Accum. mngr. proc. Time among all Iterations (DDD:HH:MM:SS.DD) 000:00:00:00.78
 Accumulated Load   Time among all Iterations (DDD:HH:MM:SS.DD) 000:00:00:00.11
 Accumulated Comp.  Time among all Iterations (DDD:HH:MM:SS.DD) 000:00:01:16.72
 Accumulated CPU    Time of present job       (DDD:HH:MM:SS.DD) 000:00:00:00.00
 
 ITERATION         -279
 STARTING SUBJECTS          1 TO       34 ON MANAGER: OK
 STARTING SUBJECTS         35 TO       67 ON WORKER1: OK
 STARTING SUBJECTS         68 TO      100 ON WORKER2: OK
 COLLECTING SUBJECTS        1 TO       34 ON MANAGER
 COLLECTING SUBJECTS       68 TO      100 ON WORKER2
 COLLECTING SUBJECTS       35 TO       67 ON WORKER1
 Tot. mngr. proc.   Time for this  Iteration  (DDD:HH:MM:SS.DD) 000:00:00:00.00
 Total Load         Time for this  Iteration  (DDD:HH:MM:SS.DD) 000:00:00:00.00
 Total Computation  Time for this  Iteration  (DDD:HH:MM:SS.DD) 000:00:00:00.05
 Accum. mngr. proc. Time among all Iterations (DDD:HH:MM:SS.DD) 000:00:00:00.78
 Accumulated Load   Time among all Iterations (DDD:HH:MM:SS.DD) 000:00:00:00.11
 Accumulated Comp.  Time among all Iterations (DDD:HH:MM:SS.DD) 000:00:01:16.76
 Accumulated CPU    Time of present job       (DDD:HH:MM:SS.DD) 000:00:00:00.00
 
 ITERATION         -278
 STARTING SUBJECTS          1 TO       34 ON MANAGER: OK
 STARTING SUBJECTS         35 TO       67 ON WORKER1: OK
 STARTING SUBJECTS         68 TO      100 ON WORKER2: OK
 COLLECTING SUBJECTS        1 TO       34 ON MANAGER
 COLLECTING SUBJECTS       35 TO       67 ON WORKER1
 COLLECTING SUBJECTS       68 TO      100 ON WORKER2
 Tot. mngr. proc.   Time for this  Iteration  (DDD:HH:MM:SS.DD) 000:00:00:00.00
 Total Load         Time for this  Iteration  (DDD:HH:MM:SS.DD) 000:00:00:00.02
 Total Computation  Time for this  Iteration  (DDD:HH:MM:SS.DD) 000:00:00:01.02
 Accum. mngr. proc. Time among all Iterations (DDD:HH:MM:SS.DD) 000:00:00:00.78
 Accumulated Load   Time among all Iterations (DDD:HH:MM:SS.DD) 000:00:00:00.12
 Accumulated Comp.  Time among all Iterations (DDD:HH:MM:SS.DD) 000:00:01:17.78
 Accumulated CPU    Time of present job       (DDD:HH:MM:SS.DD) 000:00:00:00.00
 
 ITERATION         -277
 STARTING SUBJECTS          1 TO       34 ON MANAGER: OK
 STARTING SUBJECTS         35 TO       67 ON WORKER1: OK
 STARTING SUBJECTS         68 TO      100 ON WORKER2: OK
 COLLECTING SUBJECTS        1 TO       34 ON MANAGER
 COLLECTING SUBJECTS       35 TO       67 ON WORKER1
 COLLECTING SUBJECTS       68 TO      100 ON WORKER2
 Tot. mngr. proc.   Time for this  Iteration  (DDD:HH:MM:SS.DD) 000:00:00:00.00
 Total Load         Time for this  Iteration  (DDD:HH:MM:SS.DD) 000:00:00:00.00
 Total Computation  Time for this  Iteration  (DDD:HH:MM:SS.DD) 000:00:00:00.03
 Accum. mngr. proc. Time among all Iterations (DDD:HH:MM:SS.DD) 000:00:00:00.78
 Accumulated Load   Time among all Iterations (DDD:HH:MM:SS.DD) 000:00:00:00.12
 Accumulated Comp.  Time among all Iterations (DDD:HH:MM:SS.DD) 000:00:01:17.81
 Accumulated CPU    Time of present job       (DDD:HH:MM:SS.DD) 000:00:00:00.00
 
 ITERATION         -276
 STARTING SUBJECTS          1 TO       34 ON MANAGER: OK
 STARTING SUBJECTS         35 TO       67 ON WORKER1: OK
 STARTING SUBJECTS         68 TO      100 ON WORKER2: OK
 COLLECTING SUBJECTS        1 TO       34 ON MANAGER
 COLLECTING SUBJECTS       35 TO       67 ON WORKER1
 COLLECTING SUBJECTS       68 TO      100 ON WORKER2
 Tot. mngr. proc.   Time for this  Iteration  (DDD:HH:MM:SS.DD) 000:00:00:00.00
 Total Load         Time for this  Iteration  (DDD:HH:MM:SS.DD) 000:00:00:00.00
 Total Computation  Time for this  Iteration  (DDD:HH:MM:SS.DD) 000:00:00:00.05
 Accum. mngr. proc. Time among all Iterations (DDD:HH:MM:SS.DD) 000:00:00:00.78
 Accumulated Load   Time among all Iterations (DDD:HH:MM:SS.DD) 000:00:00:00.12
 Accumulated Comp.  Time among all Iterations (DDD:HH:MM:SS.DD) 000:00:01:17.86
 Accumulated CPU    Time of present job       (DDD:HH:MM:SS.DD) 000:00:00:00.00
 
 ITERATION         -275
 STARTING SUBJECTS          1 TO       34 ON MANAGER: OK
 STARTING SUBJECTS         35 TO       67 ON WORKER1: OK
 STARTING SUBJECTS         68 TO      100 ON WORKER2: OK
 COLLECTING SUBJECTS        1 TO       34 ON MANAGER
 COLLECTING SUBJECTS       68 TO      100 ON WORKER2
 COLLECTING SUBJECTS       35 TO       67 ON WORKER1
 Tot. mngr. proc.   Time for this  Iteration  (DDD:HH:MM:SS.DD) 000:00:00:00.00
 Total Load         Time for this  Iteration  (DDD:HH:MM:SS.DD) 000:00:00:00.00
 Total Computation  Time for this  Iteration  (DDD:HH:MM:SS.DD) 000:00:00:00.05
 Accum. mngr. proc. Time among all Iterations (DDD:HH:MM:SS.DD) 000:00:00:00.78
 Accumulated Load   Time among all Iterations (DDD:HH:MM:SS.DD) 000:00:00:00.12
 Accumulated Comp.  Time among all Iterations (DDD:HH:MM:SS.DD) 000:00:01:17.91
 Accumulated CPU    Time of present job       (DDD:HH:MM:SS.DD) 000:00:00:00.00
 
 ITERATION         -274
 STARTING SUBJECTS          1 TO       34 ON MANAGER: OK
 STARTING SUBJECTS         35 TO       67 ON WORKER1: OK
 STARTING SUBJECTS         68 TO      100 ON WORKER2: OK
 COLLECTING SUBJECTS        1 TO       34 ON MANAGER
 COLLECTING SUBJECTS       35 TO       67 ON WORKER1
 COLLECTING SUBJECTS       68 TO      100 ON WORKER2
 Tot. mngr. proc.   Time for this  Iteration  (DDD:HH:MM:SS.DD) 000:00:00:00.00
 Total Load         Time for this  Iteration  (DDD:HH:MM:SS.DD) 000:00:00:00.00
 Total Computation  Time for this  Iteration  (DDD:HH:MM:SS.DD) 000:00:00:00.06
 Accum. mngr. proc. Time among all Iterations (DDD:HH:MM:SS.DD) 000:00:00:00.78
 Accumulated Load   Time among all Iterations (DDD:HH:MM:SS.DD) 000:00:00:00.12
 Accumulated Comp.  Time among all Iterations (DDD:HH:MM:SS.DD) 000:00:01:17.97
 Accumulated CPU    Time of present job       (DDD:HH:MM:SS.DD) 000:00:00:00.00
 
 ITERATION         -273
 STARTING SUBJECTS          1 TO       33 ON MANAGER: OK
 STARTING SUBJECTS         34 TO       67 ON WORKER1: OK
 STARTING SUBJECTS         68 TO      100 ON WORKER2: OK
 COLLECTING SUBJECTS        1 TO       33 ON MANAGER
 COLLECTING SUBJECTS       68 TO      100 ON WORKER2
 COLLECTING SUBJECTS       34 TO       67 ON WORKER1
 Tot. mngr. proc.   Time for this  Iteration  (DDD:HH:MM:SS.DD) 000:00:00:00.00
 Total Load         Time for this  Iteration  (DDD:HH:MM:SS.DD) 000:00:00:00.00
 Total Computation  Time for this  Iteration  (DDD:HH:MM:SS.DD) 000:00:00:00.05
 Accum. mngr. proc. Time among all Iterations (DDD:HH:MM:SS.DD) 000:00:00:00.78
 Accumulated Load   Time among all Iterations (DDD:HH:MM:SS.DD) 000:00:00:00.12
 Accumulated Comp.  Time among all Iterations (DDD:HH:MM:SS.DD) 000:00:01:18.01
 Accumulated CPU    Time of present job       (DDD:HH:MM:SS.DD) 000:00:00:00.00
 
 ITERATION         -272
 STARTING SUBJECTS          1 TO       34 ON MANAGER: OK
 STARTING SUBJECTS         35 TO       67 ON WORKER1: OK
 STARTING SUBJECTS         68 TO      100 ON WORKER2: OK
 COLLECTING SUBJECTS        1 TO       34 ON MANAGER
 COLLECTING SUBJECTS       68 TO      100 ON WORKER2
 COLLECTING SUBJECTS       35 TO       67 ON WORKER1
 Tot. mngr. proc.   Time for this  Iteration  (DDD:HH:MM:SS.DD) 000:00:00:00.02
 Total Load         Time for this  Iteration  (DDD:HH:MM:SS.DD) 000:00:00:00.00
 Total Computation  Time for this  Iteration  (DDD:HH:MM:SS.DD) 000:00:00:00.05
 Accum. mngr. proc. Time among all Iterations (DDD:HH:MM:SS.DD) 000:00:00:00.80
 Accumulated Load   Time among all Iterations (DDD:HH:MM:SS.DD) 000:00:00:00.12
 Accumulated Comp.  Time among all Iterations (DDD:HH:MM:SS.DD) 000:00:01:18.06
 Accumulated CPU    Time of present job       (DDD:HH:MM:SS.DD) 000:00:00:00.00
 
 ITERATION         -271
 STARTING SUBJECTS          1 TO       34 ON MANAGER: OK
 STARTING SUBJECTS         35 TO       67 ON WORKER1: OK
 STARTING SUBJECTS         68 TO      100 ON WORKER2: OK
 COLLECTING SUBJECTS        1 TO       34 ON MANAGER
 COLLECTING SUBJECTS       35 TO       67 ON WORKER1
 COLLECTING SUBJECTS       68 TO      100 ON WORKER2
 Tot. mngr. proc.   Time for this  Iteration  (DDD:HH:MM:SS.DD) 000:00:00:00.00
 Total Load         Time for this  Iteration  (DDD:HH:MM:SS.DD) 000:00:00:00.00
 Total Computation  Time for this  Iteration  (DDD:HH:MM:SS.DD) 000:00:00:00.02
 Accum. mngr. proc. Time among all Iterations (DDD:HH:MM:SS.DD) 000:00:00:00.80
 Accumulated Load   Time among all Iterations (DDD:HH:MM:SS.DD) 000:00:00:00.12
 Accumulated Comp.  Time among all Iterations (DDD:HH:MM:SS.DD) 000:00:01:18.08
 Accumulated CPU    Time of present job       (DDD:HH:MM:SS.DD) 000:00:00:00.00
 
 ITERATION         -270
 STARTING SUBJECTS          1 TO       33 ON MANAGER: OK
 STARTING SUBJECTS         34 TO       67 ON WORKER1: OK
 STARTING SUBJECTS         68 TO      100 ON WORKER2: OK
 COLLECTING SUBJECTS        1 TO       33 ON MANAGER
 COLLECTING SUBJECTS       68 TO      100 ON WORKER2
 COLLECTING SUBJECTS       34 TO       67 ON WORKER1
 Tot. mngr. proc.   Time for this  Iteration  (DDD:HH:MM:SS.DD) 000:00:00:00.00
 Total Load         Time for this  Iteration  (DDD:HH:MM:SS.DD) 000:00:00:00.00
 Total Computation  Time for this  Iteration  (DDD:HH:MM:SS.DD) 000:00:00:00.05
 Accum. mngr. proc. Time among all Iterations (DDD:HH:MM:SS.DD) 000:00:00:00.80
 Accumulated Load   Time among all Iterations (DDD:HH:MM:SS.DD) 000:00:00:00.12
 Accumulated Comp.  Time among all Iterations (DDD:HH:MM:SS.DD) 000:00:01:18.12
 Accumulated CPU    Time of present job       (DDD:HH:MM:SS.DD) 000:00:00:00.00
 
 ITERATION         -269
 STARTING SUBJECTS          1 TO       34 ON MANAGER: OK
 STARTING SUBJECTS         35 TO       67 ON WORKER1: OK
 STARTING SUBJECTS         68 TO      100 ON WORKER2: OK
 COLLECTING SUBJECTS        1 TO       34 ON MANAGER
 COLLECTING SUBJECTS       35 TO       67 ON WORKER1
 COLLECTING SUBJECTS       68 TO      100 ON WORKER2
 Tot. mngr. proc.   Time for this  Iteration  (DDD:HH:MM:SS.DD) 000:00:00:00.00
 Total Load         Time for this  Iteration  (DDD:HH:MM:SS.DD) 000:00:00:00.00
 Total Computation  Time for this  Iteration  (DDD:HH:MM:SS.DD) 000:00:00:00.03
 Accum. mngr. proc. Time among all Iterations (DDD:HH:MM:SS.DD) 000:00:00:00.80
 Accumulated Load   Time among all Iterations (DDD:HH:MM:SS.DD) 000:00:00:00.12
 Accumulated Comp.  Time among all Iterations (DDD:HH:MM:SS.DD) 000:00:01:18.16
 Accumulated CPU    Time of present job       (DDD:HH:MM:SS.DD) 000:00:00:00.00
 
 ITERATION         -268
 STARTING SUBJECTS          1 TO       34 ON MANAGER: OK
 STARTING SUBJECTS         35 TO       67 ON WORKER1: OK
 STARTING SUBJECTS         68 TO      100 ON WORKER2: OK
 COLLECTING SUBJECTS        1 TO       34 ON MANAGER
 COLLECTING SUBJECTS       68 TO      100 ON WORKER2
 COLLECTING SUBJECTS       35 TO       67 ON WORKER1
 Tot. mngr. proc.   Time for this  Iteration  (DDD:HH:MM:SS.DD) 000:00:00:00.02
 Total Load         Time for this  Iteration  (DDD:HH:MM:SS.DD) 000:00:00:00.00
 Total Computation  Time for this  Iteration  (DDD:HH:MM:SS.DD) 000:00:00:00.05
 Accum. mngr. proc. Time among all Iterations (DDD:HH:MM:SS.DD) 000:00:00:00.81
 Accumulated Load   Time among all Iterations (DDD:HH:MM:SS.DD) 000:00:00:00.12
 Accumulated Comp.  Time among all Iterations (DDD:HH:MM:SS.DD) 000:00:01:18.20
 Accumulated CPU    Time of present job       (DDD:HH:MM:SS.DD) 000:00:00:00.00
 
 ITERATION         -267
 STARTING SUBJECTS          1 TO       34 ON MANAGER: OK
 STARTING SUBJECTS         35 TO       67 ON WORKER1: OK
 STARTING SUBJECTS         68 TO      100 ON WORKER2: OK
 COLLECTING SUBJECTS        1 TO       34 ON MANAGER
 COLLECTING SUBJECTS       68 TO      100 ON WORKER2
 COLLECTING SUBJECTS       35 TO       67 ON WORKER1
 Tot. mngr. proc.   Time for this  Iteration  (DDD:HH:MM:SS.DD) 000:00:00:00.00
 Total Load         Time for this  Iteration  (DDD:HH:MM:SS.DD) 000:00:00:00.00
 Total Computation  Time for this  Iteration  (DDD:HH:MM:SS.DD) 000:00:00:00.02
 Accum. mngr. proc. Time among all Iterations (DDD:HH:MM:SS.DD) 000:00:00:00.81
 Accumulated Load   Time among all Iterations (DDD:HH:MM:SS.DD) 000:00:00:00.12
 Accumulated Comp.  Time among all Iterations (DDD:HH:MM:SS.DD) 000:00:01:18.22
 Accumulated CPU    Time of present job       (DDD:HH:MM:SS.DD) 000:00:00:00.00
 
 ITERATION         -266
 STARTING SUBJECTS          1 TO       34 ON MANAGER: OK
 STARTING SUBJECTS         35 TO       67 ON WORKER1: OK
 STARTING SUBJECTS         68 TO      100 ON WORKER2: OK
 COLLECTING SUBJECTS        1 TO       34 ON MANAGER
 COLLECTING SUBJECTS       35 TO       67 ON WORKER1
 COLLECTING SUBJECTS       68 TO      100 ON WORKER2
 Tot. mngr. proc.   Time for this  Iteration  (DDD:HH:MM:SS.DD) 000:00:00:00.00
 Total Load         Time for this  Iteration  (DDD:HH:MM:SS.DD) 000:00:00:00.00
 Total Computation  Time for this  Iteration  (DDD:HH:MM:SS.DD) 000:00:00:00.05
 Accum. mngr. proc. Time among all Iterations (DDD:HH:MM:SS.DD) 000:00:00:00.81
 Accumulated Load   Time among all Iterations (DDD:HH:MM:SS.DD) 000:00:00:00.12
 Accumulated Comp.  Time among all Iterations (DDD:HH:MM:SS.DD) 000:00:01:18.26
 Accumulated CPU    Time of present job       (DDD:HH:MM:SS.DD) 000:00:00:00.00
 
 ITERATION         -265
 STARTING SUBJECTS          1 TO       34 ON MANAGER: OK
 STARTING SUBJECTS         35 TO       67 ON WORKER1: OK
 STARTING SUBJECTS         68 TO      100 ON WORKER2: OK
 COLLECTING SUBJECTS        1 TO       34 ON MANAGER
 COLLECTING SUBJECTS       35 TO       67 ON WORKER1
 COLLECTING SUBJECTS       68 TO      100 ON WORKER2
 Tot. mngr. proc.   Time for this  Iteration  (DDD:HH:MM:SS.DD) 000:00:00:00.00
 Total Load         Time for this  Iteration  (DDD:HH:MM:SS.DD) 000:00:00:00.00
 Total Computation  Time for this  Iteration  (DDD:HH:MM:SS.DD) 000:00:00:00.05
 Accum. mngr. proc. Time among all Iterations (DDD:HH:MM:SS.DD) 000:00:00:00.81
 Accumulated Load   Time among all Iterations (DDD:HH:MM:SS.DD) 000:00:00:00.12
 Accumulated Comp.  Time among all Iterations (DDD:HH:MM:SS.DD) 000:00:01:18.31
 Accumulated CPU    Time of present job       (DDD:HH:MM:SS.DD) 000:00:00:00.00
 
 ITERATION         -264
 STARTING SUBJECTS          1 TO       34 ON MANAGER: OK
 STARTING SUBJECTS         35 TO       67 ON WORKER1: OK
 STARTING SUBJECTS         68 TO      100 ON WORKER2: OK
 COLLECTING SUBJECTS        1 TO       34 ON MANAGER
 COLLECTING SUBJECTS       68 TO      100 ON WORKER2
 COLLECTING SUBJECTS       35 TO       67 ON WORKER1
 Tot. mngr. proc.   Time for this  Iteration  (DDD:HH:MM:SS.DD) 000:00:00:00.00
 Total Load         Time for this  Iteration  (DDD:HH:MM:SS.DD) 000:00:00:00.00
 Total Computation  Time for this  Iteration  (DDD:HH:MM:SS.DD) 000:00:00:00.02
 Accum. mngr. proc. Time among all Iterations (DDD:HH:MM:SS.DD) 000:00:00:00.81
 Accumulated Load   Time among all Iterations (DDD:HH:MM:SS.DD) 000:00:00:00.12
 Accumulated Comp.  Time among all Iterations (DDD:HH:MM:SS.DD) 000:00:01:18.33
 Accumulated CPU    Time of present job       (DDD:HH:MM:SS.DD) 000:00:00:00.00
 
 ITERATION         -263
 STARTING SUBJECTS          1 TO       34 ON MANAGER: OK
 STARTING SUBJECTS         35 TO       67 ON WORKER1: OK
 STARTING SUBJECTS         68 TO      100 ON WORKER2: OK
 COLLECTING SUBJECTS        1 TO       34 ON MANAGER
 COLLECTING SUBJECTS       68 TO      100 ON WORKER2
 COLLECTING SUBJECTS       35 TO       67 ON WORKER1
 Tot. mngr. proc.   Time for this  Iteration  (DDD:HH:MM:SS.DD) 000:00:00:00.00
 Total Load         Time for this  Iteration  (DDD:HH:MM:SS.DD) 000:00:00:00.00
 Total Computation  Time for this  Iteration  (DDD:HH:MM:SS.DD) 000:00:00:00.05
 Accum. mngr. proc. Time among all Iterations (DDD:HH:MM:SS.DD) 000:00:00:00.81
 Accumulated Load   Time among all Iterations (DDD:HH:MM:SS.DD) 000:00:00:00.12
 Accumulated Comp.  Time among all Iterations (DDD:HH:MM:SS.DD) 000:00:01:18.37
 Accumulated CPU    Time of present job       (DDD:HH:MM:SS.DD) 000:00:00:00.00
 
 ITERATION         -262
 STARTING SUBJECTS          1 TO       34 ON MANAGER: OK
 STARTING SUBJECTS         35 TO       67 ON WORKER1: OK
 STARTING SUBJECTS         68 TO      100 ON WORKER2: OK
 COLLECTING SUBJECTS        1 TO       34 ON MANAGER
 COLLECTING SUBJECTS       35 TO       67 ON WORKER1
 COLLECTING SUBJECTS       68 TO      100 ON WORKER2
 Tot. mngr. proc.   Time for this  Iteration  (DDD:HH:MM:SS.DD) 000:00:00:00.00
 Total Load         Time for this  Iteration  (DDD:HH:MM:SS.DD) 000:00:00:00.00
 Total Computation  Time for this  Iteration  (DDD:HH:MM:SS.DD) 000:00:00:00.05
 Accum. mngr. proc. Time among all Iterations (DDD:HH:MM:SS.DD) 000:00:00:00.81
 Accumulated Load   Time among all Iterations (DDD:HH:MM:SS.DD) 000:00:00:00.12
 Accumulated Comp.  Time among all Iterations (DDD:HH:MM:SS.DD) 000:00:01:18.42
 Accumulated CPU    Time of present job       (DDD:HH:MM:SS.DD) 000:00:00:00.00
 
 ITERATION         -261
 STARTING SUBJECTS          1 TO       34 ON MANAGER: OK
 STARTING SUBJECTS         35 TO       67 ON WORKER1: OK
 STARTING SUBJECTS         68 TO      100 ON WORKER2: OK
 COLLECTING SUBJECTS        1 TO       34 ON MANAGER
 COLLECTING SUBJECTS       68 TO      100 ON WORKER2
 COLLECTING SUBJECTS       35 TO       67 ON WORKER1
 Tot. mngr. proc.   Time for this  Iteration  (DDD:HH:MM:SS.DD) 000:00:00:00.02
 Total Load         Time for this  Iteration  (DDD:HH:MM:SS.DD) 000:00:00:00.00
 Total Computation  Time for this  Iteration  (DDD:HH:MM:SS.DD) 000:00:00:00.05
 Accum. mngr. proc. Time among all Iterations (DDD:HH:MM:SS.DD) 000:00:00:00.83
 Accumulated Load   Time among all Iterations (DDD:HH:MM:SS.DD) 000:00:00:00.12
 Accumulated Comp.  Time among all Iterations (DDD:HH:MM:SS.DD) 000:00:01:18.47
 Accumulated CPU    Time of present job       (DDD:HH:MM:SS.DD) 000:00:00:00.00
 
 ITERATION         -260
 STARTING SUBJECTS          1 TO       34 ON MANAGER: OK
 STARTING SUBJECTS         35 TO       67 ON WORKER1: OK
 STARTING SUBJECTS         68 TO      100 ON WORKER2: OK
 COLLECTING SUBJECTS        1 TO       34 ON MANAGER
 COLLECTING SUBJECTS       35 TO       67 ON WORKER1
 COLLECTING SUBJECTS       68 TO      100 ON WORKER2
 Tot. mngr. proc.   Time for this  Iteration  (DDD:HH:MM:SS.DD) 000:00:00:00.00
 Total Load         Time for this  Iteration  (DDD:HH:MM:SS.DD) 000:00:00:00.00
 Total Computation  Time for this  Iteration  (DDD:HH:MM:SS.DD) 000:00:00:00.03
 Accum. mngr. proc. Time among all Iterations (DDD:HH:MM:SS.DD) 000:00:00:00.83
 Accumulated Load   Time among all Iterations (DDD:HH:MM:SS.DD) 000:00:00:00.12
 Accumulated Comp.  Time among all Iterations (DDD:HH:MM:SS.DD) 000:00:01:18.50
 Accumulated CPU    Time of present job       (DDD:HH:MM:SS.DD) 000:00:00:00.00
 
 ITERATION         -259
 STARTING SUBJECTS          1 TO       34 ON MANAGER: OK
 STARTING SUBJECTS         35 TO       67 ON WORKER1: OK
 STARTING SUBJECTS         68 TO      100 ON WORKER2: OK
 COLLECTING SUBJECTS        1 TO       34 ON MANAGER
 COLLECTING SUBJECTS       35 TO       67 ON WORKER1
 COLLECTING SUBJECTS       68 TO      100 ON WORKER2
 Tot. mngr. proc.   Time for this  Iteration  (DDD:HH:MM:SS.DD) 000:00:00:00.02
 Total Load         Time for this  Iteration  (DDD:HH:MM:SS.DD) 000:00:00:00.00
 Total Computation  Time for this  Iteration  (DDD:HH:MM:SS.DD) 000:00:00:00.05
 Accum. mngr. proc. Time among all Iterations (DDD:HH:MM:SS.DD) 000:00:00:00.84
 Accumulated Load   Time among all Iterations (DDD:HH:MM:SS.DD) 000:00:00:00.12
 Accumulated Comp.  Time among all Iterations (DDD:HH:MM:SS.DD) 000:00:01:18.55
 Accumulated CPU    Time of present job       (DDD:HH:MM:SS.DD) 000:00:00:00.00
 
 ITERATION         -258
 STARTING SUBJECTS          1 TO       34 ON MANAGER: OK
 STARTING SUBJECTS         35 TO       67 ON WORKER1: OK
 STARTING SUBJECTS         68 TO      100 ON WORKER2: OK
 COLLECTING SUBJECTS        1 TO       34 ON MANAGER
 COLLECTING SUBJECTS       35 TO       67 ON WORKER1
 COLLECTING SUBJECTS       68 TO      100 ON WORKER2
 Tot. mngr. proc.   Time for this  Iteration  (DDD:HH:MM:SS.DD) 000:00:00:00.00
 Total Load         Time for this  Iteration  (DDD:HH:MM:SS.DD) 000:00:00:00.00
 Total Computation  Time for this  Iteration  (DDD:HH:MM:SS.DD) 000:00:00:00.05
 Accum. mngr. proc. Time among all Iterations (DDD:HH:MM:SS.DD) 000:00:00:00.84
 Accumulated Load   Time among all Iterations (DDD:HH:MM:SS.DD) 000:00:00:00.12
 Accumulated Comp.  Time among all Iterations (DDD:HH:MM:SS.DD) 000:00:01:18.59
 Accumulated CPU    Time of present job       (DDD:HH:MM:SS.DD) 000:00:00:00.00
 
 ITERATION         -257
 STARTING SUBJECTS          1 TO       34 ON MANAGER: OK
 STARTING SUBJECTS         35 TO       67 ON WORKER1: OK
 STARTING SUBJECTS         68 TO      100 ON WORKER2: OK
 COLLECTING SUBJECTS        1 TO       34 ON MANAGER
 COLLECTING SUBJECTS       35 TO       67 ON WORKER1
 COLLECTING SUBJECTS       68 TO      100 ON WORKER2
 Tot. mngr. proc.   Time for this  Iteration  (DDD:HH:MM:SS.DD) 000:00:00:00.02
 Total Load         Time for this  Iteration  (DDD:HH:MM:SS.DD) 000:00:00:00.00
 Total Computation  Time for this  Iteration  (DDD:HH:MM:SS.DD) 000:00:00:00.05
 Accum. mngr. proc. Time among all Iterations (DDD:HH:MM:SS.DD) 000:00:00:00.86
 Accumulated Load   Time among all Iterations (DDD:HH:MM:SS.DD) 000:00:00:00.12
 Accumulated Comp.  Time among all Iterations (DDD:HH:MM:SS.DD) 000:00:01:18.64
 Accumulated CPU    Time of present job       (DDD:HH:MM:SS.DD) 000:00:00:00.00
 
 ITERATION         -256
 STARTING SUBJECTS          1 TO       34 ON MANAGER: OK
 STARTING SUBJECTS         35 TO       67 ON WORKER1: OK
 STARTING SUBJECTS         68 TO      100 ON WORKER2: OK
 COLLECTING SUBJECTS        1 TO       34 ON MANAGER
 COLLECTING SUBJECTS       68 TO      100 ON WORKER2
 COLLECTING SUBJECTS       35 TO       67 ON WORKER1
 Tot. mngr. proc.   Time for this  Iteration  (DDD:HH:MM:SS.DD) 000:00:00:00.00
 Total Load         Time for this  Iteration  (DDD:HH:MM:SS.DD) 000:00:00:00.00
 Total Computation  Time for this  Iteration  (DDD:HH:MM:SS.DD) 000:00:00:00.02
 Accum. mngr. proc. Time among all Iterations (DDD:HH:MM:SS.DD) 000:00:00:00.86
 Accumulated Load   Time among all Iterations (DDD:HH:MM:SS.DD) 000:00:00:00.12
 Accumulated Comp.  Time among all Iterations (DDD:HH:MM:SS.DD) 000:00:01:18.66
 Accumulated CPU    Time of present job       (DDD:HH:MM:SS.DD) 000:00:00:00.00
 
 ITERATION         -255
 STARTING SUBJECTS          1 TO       34 ON MANAGER: OK
 STARTING SUBJECTS         35 TO       67 ON WORKER1: OK
 STARTING SUBJECTS         68 TO      100 ON WORKER2: OK
 COLLECTING SUBJECTS        1 TO       34 ON MANAGER
 COLLECTING SUBJECTS       35 TO       67 ON WORKER1
 COLLECTING SUBJECTS       68 TO      100 ON WORKER2
 Tot. mngr. proc.   Time for this  Iteration  (DDD:HH:MM:SS.DD) 000:00:00:00.00
 Total Load         Time for this  Iteration  (DDD:HH:MM:SS.DD) 000:00:00:00.00
 Total Computation  Time for this  Iteration  (DDD:HH:MM:SS.DD) 000:00:00:00.05
 Accum. mngr. proc. Time among all Iterations (DDD:HH:MM:SS.DD) 000:00:00:00.86
 Accumulated Load   Time among all Iterations (DDD:HH:MM:SS.DD) 000:00:00:00.12
 Accumulated Comp.  Time among all Iterations (DDD:HH:MM:SS.DD) 000:00:01:18.70
 Accumulated CPU    Time of present job       (DDD:HH:MM:SS.DD) 000:00:00:00.00
 
 ITERATION         -254
 STARTING SUBJECTS          1 TO       34 ON MANAGER: OK
 STARTING SUBJECTS         35 TO       67 ON WORKER1: OK
 STARTING SUBJECTS         68 TO      100 ON WORKER2: OK
 COLLECTING SUBJECTS        1 TO       34 ON MANAGER
 COLLECTING SUBJECTS       68 TO      100 ON WORKER2
 COLLECTING SUBJECTS       35 TO       67 ON WORKER1
 Tot. mngr. proc.   Time for this  Iteration  (DDD:HH:MM:SS.DD) 000:00:00:00.00
 Total Load         Time for this  Iteration  (DDD:HH:MM:SS.DD) 000:00:00:00.00
 Total Computation  Time for this  Iteration  (DDD:HH:MM:SS.DD) 000:00:00:00.08
 Accum. mngr. proc. Time among all Iterations (DDD:HH:MM:SS.DD) 000:00:00:00.86
 Accumulated Load   Time among all Iterations (DDD:HH:MM:SS.DD) 000:00:00:00.12
 Accumulated Comp.  Time among all Iterations (DDD:HH:MM:SS.DD) 000:00:01:18.78
 Accumulated CPU    Time of present job       (DDD:HH:MM:SS.DD) 000:00:00:00.00
 
 ITERATION         -253
 STARTING SUBJECTS          1 TO       34 ON MANAGER: OK
 STARTING SUBJECTS         35 TO       67 ON WORKER1: OK
 STARTING SUBJECTS         68 TO      100 ON WORKER2: OK
 COLLECTING SUBJECTS        1 TO       34 ON MANAGER
 COLLECTING SUBJECTS       35 TO       67 ON WORKER1
 COLLECTING SUBJECTS       68 TO      100 ON WORKER2
 Tot. mngr. proc.   Time for this  Iteration  (DDD:HH:MM:SS.DD) 000:00:00:00.00
 Total Load         Time for this  Iteration  (DDD:HH:MM:SS.DD) 000:00:00:00.00
 Total Computation  Time for this  Iteration  (DDD:HH:MM:SS.DD) 000:00:00:00.05
 Accum. mngr. proc. Time among all Iterations (DDD:HH:MM:SS.DD) 000:00:00:00.86
 Accumulated Load   Time among all Iterations (DDD:HH:MM:SS.DD) 000:00:00:00.12
 Accumulated Comp.  Time among all Iterations (DDD:HH:MM:SS.DD) 000:00:01:18.83
 Accumulated CPU    Time of present job       (DDD:HH:MM:SS.DD) 000:00:00:00.00
 
 ITERATION         -252
 STARTING SUBJECTS          1 TO       34 ON MANAGER: OK
 STARTING SUBJECTS         35 TO       67 ON WORKER1: OK
 STARTING SUBJECTS         68 TO      100 ON WORKER2: OK
 COLLECTING SUBJECTS        1 TO       34 ON MANAGER
 COLLECTING SUBJECTS       35 TO       67 ON WORKER1
 COLLECTING SUBJECTS       68 TO      100 ON WORKER2
 Tot. mngr. proc.   Time for this  Iteration  (DDD:HH:MM:SS.DD) 000:00:00:00.00
 Total Load         Time for this  Iteration  (DDD:HH:MM:SS.DD) 000:00:00:00.00
 Total Computation  Time for this  Iteration  (DDD:HH:MM:SS.DD) 000:00:00:00.05
 Accum. mngr. proc. Time among all Iterations (DDD:HH:MM:SS.DD) 000:00:00:00.86
 Accumulated Load   Time among all Iterations (DDD:HH:MM:SS.DD) 000:00:00:00.12
 Accumulated Comp.  Time among all Iterations (DDD:HH:MM:SS.DD) 000:00:01:18.87
 Accumulated CPU    Time of present job       (DDD:HH:MM:SS.DD) 000:00:00:00.00
 
 ITERATION         -251
 STARTING SUBJECTS          1 TO       34 ON MANAGER: OK
 STARTING SUBJECTS         35 TO       67 ON WORKER1: OK
 STARTING SUBJECTS         68 TO      100 ON WORKER2: OK
 COLLECTING SUBJECTS        1 TO       34 ON MANAGER
 COLLECTING SUBJECTS       35 TO       67 ON WORKER1
 COLLECTING SUBJECTS       68 TO      100 ON WORKER2
 Tot. mngr. proc.   Time for this  Iteration  (DDD:HH:MM:SS.DD) 000:00:00:00.00
 Total Load         Time for this  Iteration  (DDD:HH:MM:SS.DD) 000:00:00:00.00
 Total Computation  Time for this  Iteration  (DDD:HH:MM:SS.DD) 000:00:00:00.05
 Accum. mngr. proc. Time among all Iterations (DDD:HH:MM:SS.DD) 000:00:00:00.86
 Accumulated Load   Time among all Iterations (DDD:HH:MM:SS.DD) 000:00:00:00.12
 Accumulated Comp.  Time among all Iterations (DDD:HH:MM:SS.DD) 000:00:01:18.92
 Accumulated CPU    Time of present job       (DDD:HH:MM:SS.DD) 000:00:00:00.00
 
 ITERATION         -250
 STARTING SUBJECTS          1 TO       34 ON MANAGER: OK
 STARTING SUBJECTS         35 TO       67 ON WORKER1: OK
 STARTING SUBJECTS         68 TO      100 ON WORKER2: OK
 COLLECTING SUBJECTS        1 TO       34 ON MANAGER
 COLLECTING SUBJECTS       68 TO      100 ON WORKER2
 COLLECTING SUBJECTS       35 TO       67 ON WORKER1
 Tot. mngr. proc.   Time for this  Iteration  (DDD:HH:MM:SS.DD) 000:00:00:00.00
 Total Load         Time for this  Iteration  (DDD:HH:MM:SS.DD) 000:00:00:00.00
 Total Computation  Time for this  Iteration  (DDD:HH:MM:SS.DD) 000:00:00:00.05
 Accum. mngr. proc. Time among all Iterations (DDD:HH:MM:SS.DD) 000:00:00:00.86
 Accumulated Load   Time among all Iterations (DDD:HH:MM:SS.DD) 000:00:00:00.12
 Accumulated Comp.  Time among all Iterations (DDD:HH:MM:SS.DD) 000:00:01:18.97
 Accumulated CPU    Time of present job       (DDD:HH:MM:SS.DD) 000:00:00:00.00
 
 ITERATION         -249
 STARTING SUBJECTS          1 TO       34 ON MANAGER: OK
 STARTING SUBJECTS         35 TO       67 ON WORKER1: OK
 STARTING SUBJECTS         68 TO      100 ON WORKER2: OK
 COLLECTING SUBJECTS        1 TO       34 ON MANAGER
 COLLECTING SUBJECTS       35 TO       67 ON WORKER1
 COLLECTING SUBJECTS       68 TO      100 ON WORKER2
 Tot. mngr. proc.   Time for this  Iteration  (DDD:HH:MM:SS.DD) 000:00:00:00.00
 Total Load         Time for this  Iteration  (DDD:HH:MM:SS.DD) 000:00:00:00.00
 Total Computation  Time for this  Iteration  (DDD:HH:MM:SS.DD) 000:00:00:00.06
 Accum. mngr. proc. Time among all Iterations (DDD:HH:MM:SS.DD) 000:00:00:00.86
 Accumulated Load   Time among all Iterations (DDD:HH:MM:SS.DD) 000:00:00:00.12
 Accumulated Comp.  Time among all Iterations (DDD:HH:MM:SS.DD) 000:00:01:19.03
 Accumulated CPU    Time of present job       (DDD:HH:MM:SS.DD) 000:00:00:00.00
 
 ITERATION         -248
 STARTING SUBJECTS          1 TO       33 ON MANAGER: OK
 STARTING SUBJECTS         34 TO       67 ON WORKER1: OK
 STARTING SUBJECTS         68 TO      100 ON WORKER2: OK
 COLLECTING SUBJECTS        1 TO       33 ON MANAGER
 COLLECTING SUBJECTS       68 TO      100 ON WORKER2
 COLLECTING SUBJECTS       34 TO       67 ON WORKER1
 Tot. mngr. proc.   Time for this  Iteration  (DDD:HH:MM:SS.DD) 000:00:00:00.00
 Total Load         Time for this  Iteration  (DDD:HH:MM:SS.DD) 000:00:00:00.00
 Total Computation  Time for this  Iteration  (DDD:HH:MM:SS.DD) 000:00:00:00.05
 Accum. mngr. proc. Time among all Iterations (DDD:HH:MM:SS.DD) 000:00:00:00.86
 Accumulated Load   Time among all Iterations (DDD:HH:MM:SS.DD) 000:00:00:00.12
 Accumulated Comp.  Time among all Iterations (DDD:HH:MM:SS.DD) 000:00:01:19.08
 Accumulated CPU    Time of present job       (DDD:HH:MM:SS.DD) 000:00:00:00.00
 
 ITERATION         -247
 STARTING SUBJECTS          1 TO       34 ON MANAGER: OK
 STARTING SUBJECTS         35 TO       67 ON WORKER1: OK
 STARTING SUBJECTS         68 TO      100 ON WORKER2: OK
 COLLECTING SUBJECTS        1 TO       34 ON MANAGER
 COLLECTING SUBJECTS       68 TO      100 ON WORKER2
 COLLECTING SUBJECTS       35 TO       67 ON WORKER1
 Tot. mngr. proc.   Time for this  Iteration  (DDD:HH:MM:SS.DD) 000:00:00:00.00
 Total Load         Time for this  Iteration  (DDD:HH:MM:SS.DD) 000:00:00:00.00
 Total Computation  Time for this  Iteration  (DDD:HH:MM:SS.DD) 000:00:00:00.05
 Accum. mngr. proc. Time among all Iterations (DDD:HH:MM:SS.DD) 000:00:00:00.86
 Accumulated Load   Time among all Iterations (DDD:HH:MM:SS.DD) 000:00:00:00.12
 Accumulated Comp.  Time among all Iterations (DDD:HH:MM:SS.DD) 000:00:01:19.12
 Accumulated CPU    Time of present job       (DDD:HH:MM:SS.DD) 000:00:00:00.00
 
 ITERATION         -246
 STARTING SUBJECTS          1 TO       34 ON MANAGER: OK
 STARTING SUBJECTS         35 TO       67 ON WORKER1: OK
 STARTING SUBJECTS         68 TO      100 ON WORKER2: OK
 COLLECTING SUBJECTS        1 TO       34 ON MANAGER
 COLLECTING SUBJECTS       68 TO      100 ON WORKER2
 COLLECTING SUBJECTS       35 TO       67 ON WORKER1
 Tot. mngr. proc.   Time for this  Iteration  (DDD:HH:MM:SS.DD) 000:00:00:00.00
 Total Load         Time for this  Iteration  (DDD:HH:MM:SS.DD) 000:00:00:00.00
 Total Computation  Time for this  Iteration  (DDD:HH:MM:SS.DD) 000:00:00:00.05
 Accum. mngr. proc. Time among all Iterations (DDD:HH:MM:SS.DD) 000:00:00:00.86
 Accumulated Load   Time among all Iterations (DDD:HH:MM:SS.DD) 000:00:00:00.12
 Accumulated Comp.  Time among all Iterations (DDD:HH:MM:SS.DD) 000:00:01:19.17
 Accumulated CPU    Time of present job       (DDD:HH:MM:SS.DD) 000:00:00:00.00
 
 ITERATION         -245
 STARTING SUBJECTS          1 TO       34 ON MANAGER: OK
 STARTING SUBJECTS         35 TO       67 ON WORKER1: OK
 STARTING SUBJECTS         68 TO      100 ON WORKER2: OK
 COLLECTING SUBJECTS        1 TO       34 ON MANAGER
 COLLECTING SUBJECTS       68 TO      100 ON WORKER2
 COLLECTING SUBJECTS       35 TO       67 ON WORKER1
 Tot. mngr. proc.   Time for this  Iteration  (DDD:HH:MM:SS.DD) 000:00:00:00.00
 Total Load         Time for this  Iteration  (DDD:HH:MM:SS.DD) 000:00:00:00.00
 Total Computation  Time for this  Iteration  (DDD:HH:MM:SS.DD) 000:00:00:00.05
 Accum. mngr. proc. Time among all Iterations (DDD:HH:MM:SS.DD) 000:00:00:00.86
 Accumulated Load   Time among all Iterations (DDD:HH:MM:SS.DD) 000:00:00:00.12
 Accumulated Comp.  Time among all Iterations (DDD:HH:MM:SS.DD) 000:00:01:19.22
 Accumulated CPU    Time of present job       (DDD:HH:MM:SS.DD) 000:00:00:00.00
 
 ITERATION         -244
 STARTING SUBJECTS          1 TO       34 ON MANAGER: OK
 STARTING SUBJECTS         35 TO       67 ON WORKER1: OK
 STARTING SUBJECTS         68 TO      100 ON WORKER2: OK
 COLLECTING SUBJECTS        1 TO       34 ON MANAGER
 COLLECTING SUBJECTS       35 TO       67 ON WORKER1
 COLLECTING SUBJECTS       68 TO      100 ON WORKER2
 Tot. mngr. proc.   Time for this  Iteration  (DDD:HH:MM:SS.DD) 000:00:00:00.00
 Total Load         Time for this  Iteration  (DDD:HH:MM:SS.DD) 000:00:00:00.02
 Total Computation  Time for this  Iteration  (DDD:HH:MM:SS.DD) 000:00:00:00.02
 Accum. mngr. proc. Time among all Iterations (DDD:HH:MM:SS.DD) 000:00:00:00.86
 Accumulated Load   Time among all Iterations (DDD:HH:MM:SS.DD) 000:00:00:00.14
 Accumulated Comp.  Time among all Iterations (DDD:HH:MM:SS.DD) 000:00:01:19.23
 Accumulated CPU    Time of present job       (DDD:HH:MM:SS.DD) 000:00:00:00.00
 
 ITERATION         -243
 STARTING SUBJECTS          1 TO       34 ON MANAGER: OK
 STARTING SUBJECTS         35 TO       67 ON WORKER1: OK
 STARTING SUBJECTS         68 TO      100 ON WORKER2: OK
 COLLECTING SUBJECTS        1 TO       34 ON MANAGER
 COLLECTING SUBJECTS       68 TO      100 ON WORKER2
 COLLECTING SUBJECTS       35 TO       67 ON WORKER1
 Tot. mngr. proc.   Time for this  Iteration  (DDD:HH:MM:SS.DD) 000:00:00:00.00
 Total Load         Time for this  Iteration  (DDD:HH:MM:SS.DD) 000:00:00:00.00
 Total Computation  Time for this  Iteration  (DDD:HH:MM:SS.DD) 000:00:00:00.05
 Accum. mngr. proc. Time among all Iterations (DDD:HH:MM:SS.DD) 000:00:00:00.86
 Accumulated Load   Time among all Iterations (DDD:HH:MM:SS.DD) 000:00:00:00.14
 Accumulated Comp.  Time among all Iterations (DDD:HH:MM:SS.DD) 000:00:01:19.28
 Accumulated CPU    Time of present job       (DDD:HH:MM:SS.DD) 000:00:00:00.00
 
 ITERATION         -242
 STARTING SUBJECTS          1 TO       34 ON MANAGER: OK
 STARTING SUBJECTS         35 TO       67 ON WORKER1: OK
 STARTING SUBJECTS         68 TO      100 ON WORKER2: OK
 COLLECTING SUBJECTS        1 TO       34 ON MANAGER
 COLLECTING SUBJECTS       68 TO      100 ON WORKER2
 COLLECTING SUBJECTS       35 TO       67 ON WORKER1
 Tot. mngr. proc.   Time for this  Iteration  (DDD:HH:MM:SS.DD) 000:00:00:00.02
 Total Load         Time for this  Iteration  (DDD:HH:MM:SS.DD) 000:00:00:00.00
 Total Computation  Time for this  Iteration  (DDD:HH:MM:SS.DD) 000:00:00:00.05
 Accum. mngr. proc. Time among all Iterations (DDD:HH:MM:SS.DD) 000:00:00:00.88
 Accumulated Load   Time among all Iterations (DDD:HH:MM:SS.DD) 000:00:00:00.14
 Accumulated Comp.  Time among all Iterations (DDD:HH:MM:SS.DD) 000:00:01:19.33
 Accumulated CPU    Time of present job       (DDD:HH:MM:SS.DD) 000:00:00:00.00
 
 ITERATION         -241
 STARTING SUBJECTS          1 TO       34 ON MANAGER: OK
 STARTING SUBJECTS         35 TO       67 ON WORKER1: OK
 STARTING SUBJECTS         68 TO      100 ON WORKER2: OK
 COLLECTING SUBJECTS        1 TO       34 ON MANAGER
 COLLECTING SUBJECTS       68 TO      100 ON WORKER2
 COLLECTING SUBJECTS       35 TO       67 ON WORKER1
 Tot. mngr. proc.   Time for this  Iteration  (DDD:HH:MM:SS.DD) 000:00:00:00.00
 Total Load         Time for this  Iteration  (DDD:HH:MM:SS.DD) 000:00:00:00.00
 Total Computation  Time for this  Iteration  (DDD:HH:MM:SS.DD) 000:00:00:00.02
 Accum. mngr. proc. Time among all Iterations (DDD:HH:MM:SS.DD) 000:00:00:00.88
 Accumulated Load   Time among all Iterations (DDD:HH:MM:SS.DD) 000:00:00:00.14
 Accumulated Comp.  Time among all Iterations (DDD:HH:MM:SS.DD) 000:00:01:19.34
 Accumulated CPU    Time of present job       (DDD:HH:MM:SS.DD) 000:00:00:00.00
 
 ITERATION         -240
 STARTING SUBJECTS          1 TO       34 ON MANAGER: OK
 STARTING SUBJECTS         35 TO       68 ON WORKER1: OK
 STARTING SUBJECTS         69 TO      100 ON WORKER2: OK
 COLLECTING SUBJECTS        1 TO       34 ON MANAGER
 COLLECTING SUBJECTS       69 TO      100 ON WORKER2
 COLLECTING SUBJECTS       35 TO       68 ON WORKER1
 Tot. mngr. proc.   Time for this  Iteration  (DDD:HH:MM:SS.DD) 000:00:00:00.00
 Total Load         Time for this  Iteration  (DDD:HH:MM:SS.DD) 000:00:00:00.00
 Total Computation  Time for this  Iteration  (DDD:HH:MM:SS.DD) 000:00:00:00.03
 Accum. mngr. proc. Time among all Iterations (DDD:HH:MM:SS.DD) 000:00:00:00.88
 Accumulated Load   Time among all Iterations (DDD:HH:MM:SS.DD) 000:00:00:00.14
 Accumulated Comp.  Time among all Iterations (DDD:HH:MM:SS.DD) 000:00:01:19.37
 Accumulated CPU    Time of present job       (DDD:HH:MM:SS.DD) 000:00:00:00.00
 
 ITERATION         -239
 STARTING SUBJECTS          1 TO       34 ON MANAGER: OK
 STARTING SUBJECTS         35 TO       67 ON WORKER1: OK
 STARTING SUBJECTS         68 TO      100 ON WORKER2: OK
 COLLECTING SUBJECTS        1 TO       34 ON MANAGER
 COLLECTING SUBJECTS       35 TO       67 ON WORKER1
 COLLECTING SUBJECTS       68 TO      100 ON WORKER2
 Tot. mngr. proc.   Time for this  Iteration  (DDD:HH:MM:SS.DD) 000:00:00:00.02
 Total Load         Time for this  Iteration  (DDD:HH:MM:SS.DD) 000:00:00:00.00
 Total Computation  Time for this  Iteration  (DDD:HH:MM:SS.DD) 000:00:00:00.05
 Accum. mngr. proc. Time among all Iterations (DDD:HH:MM:SS.DD) 000:00:00:00.89
 Accumulated Load   Time among all Iterations (DDD:HH:MM:SS.DD) 000:00:00:00.14
 Accumulated Comp.  Time among all Iterations (DDD:HH:MM:SS.DD) 000:00:01:19.42
 Accumulated CPU    Time of present job       (DDD:HH:MM:SS.DD) 000:00:00:00.00
 
 ITERATION         -238
 STARTING SUBJECTS          1 TO       34 ON MANAGER: OK
 STARTING SUBJECTS         35 TO       67 ON WORKER1: OK
 STARTING SUBJECTS         68 TO      100 ON WORKER2: OK
 COLLECTING SUBJECTS        1 TO       34 ON MANAGER
 COLLECTING SUBJECTS       35 TO       67 ON WORKER1
 COLLECTING SUBJECTS       68 TO      100 ON WORKER2
 Tot. mngr. proc.   Time for this  Iteration  (DDD:HH:MM:SS.DD) 000:00:00:00.00
 Total Load         Time for this  Iteration  (DDD:HH:MM:SS.DD) 000:00:00:00.00
 Total Computation  Time for this  Iteration  (DDD:HH:MM:SS.DD) 000:00:00:01.02
 Accum. mngr. proc. Time among all Iterations (DDD:HH:MM:SS.DD) 000:00:00:00.89
 Accumulated Load   Time among all Iterations (DDD:HH:MM:SS.DD) 000:00:00:00.14
 Accumulated Comp.  Time among all Iterations (DDD:HH:MM:SS.DD) 000:00:01:20.44
 Accumulated CPU    Time of present job       (DDD:HH:MM:SS.DD) 000:00:00:00.00
 
 ITERATION         -237
 STARTING SUBJECTS          1 TO       34 ON MANAGER: OK
 STARTING SUBJECTS         35 TO       67 ON WORKER1: OK
 STARTING SUBJECTS         68 TO      100 ON WORKER2: OK
 COLLECTING SUBJECTS        1 TO       34 ON MANAGER
 COLLECTING SUBJECTS       35 TO       67 ON WORKER1
 COLLECTING SUBJECTS       68 TO      100 ON WORKER2
 Tot. mngr. proc.   Time for this  Iteration  (DDD:HH:MM:SS.DD) 000:00:00:00.00
 Total Load         Time for this  Iteration  (DDD:HH:MM:SS.DD) 000:00:00:00.00
 Total Computation  Time for this  Iteration  (DDD:HH:MM:SS.DD) 000:00:00:00.05
 Accum. mngr. proc. Time among all Iterations (DDD:HH:MM:SS.DD) 000:00:00:00.89
 Accumulated Load   Time among all Iterations (DDD:HH:MM:SS.DD) 000:00:00:00.14
 Accumulated Comp.  Time among all Iterations (DDD:HH:MM:SS.DD) 000:00:01:20.48
 Accumulated CPU    Time of present job       (DDD:HH:MM:SS.DD) 000:00:00:00.00
 
 ITERATION         -236
 STARTING SUBJECTS          1 TO       34 ON MANAGER: OK
 STARTING SUBJECTS         35 TO       67 ON WORKER1: OK
 STARTING SUBJECTS         68 TO      100 ON WORKER2: OK
 COLLECTING SUBJECTS        1 TO       34 ON MANAGER
 COLLECTING SUBJECTS       35 TO       67 ON WORKER1
 COLLECTING SUBJECTS       68 TO      100 ON WORKER2
 Tot. mngr. proc.   Time for this  Iteration  (DDD:HH:MM:SS.DD) 000:00:00:00.00
 Total Load         Time for this  Iteration  (DDD:HH:MM:SS.DD) 000:00:00:00.00
 Total Computation  Time for this  Iteration  (DDD:HH:MM:SS.DD) 000:00:00:00.05
 Accum. mngr. proc. Time among all Iterations (DDD:HH:MM:SS.DD) 000:00:00:00.89
 Accumulated Load   Time among all Iterations (DDD:HH:MM:SS.DD) 000:00:00:00.14
 Accumulated Comp.  Time among all Iterations (DDD:HH:MM:SS.DD) 000:00:01:20.53
 Accumulated CPU    Time of present job       (DDD:HH:MM:SS.DD) 000:00:00:00.00
 
 ITERATION         -235
 STARTING SUBJECTS          1 TO       34 ON MANAGER: OK
 STARTING SUBJECTS         35 TO       67 ON WORKER1: OK
 STARTING SUBJECTS         68 TO      100 ON WORKER2: OK
 COLLECTING SUBJECTS        1 TO       34 ON MANAGER
 COLLECTING SUBJECTS       35 TO       67 ON WORKER1
 COLLECTING SUBJECTS       68 TO      100 ON WORKER2
 Tot. mngr. proc.   Time for this  Iteration  (DDD:HH:MM:SS.DD) 000:00:00:00.00
 Total Load         Time for this  Iteration  (DDD:HH:MM:SS.DD) 000:00:00:00.00
 Total Computation  Time for this  Iteration  (DDD:HH:MM:SS.DD) 000:00:00:00.05
 Accum. mngr. proc. Time among all Iterations (DDD:HH:MM:SS.DD) 000:00:00:00.89
 Accumulated Load   Time among all Iterations (DDD:HH:MM:SS.DD) 000:00:00:00.14
 Accumulated Comp.  Time among all Iterations (DDD:HH:MM:SS.DD) 000:00:01:20.58
 Accumulated CPU    Time of present job       (DDD:HH:MM:SS.DD) 000:00:00:00.00
 
 ITERATION         -234
 STARTING SUBJECTS          1 TO       34 ON MANAGER: OK
 STARTING SUBJECTS         35 TO       67 ON WORKER1: OK
 STARTING SUBJECTS         68 TO      100 ON WORKER2: OK
 COLLECTING SUBJECTS        1 TO       34 ON MANAGER
 COLLECTING SUBJECTS       35 TO       67 ON WORKER1
 COLLECTING SUBJECTS       68 TO      100 ON WORKER2
 Tot. mngr. proc.   Time for this  Iteration  (DDD:HH:MM:SS.DD) 000:00:00:00.02
 Total Load         Time for this  Iteration  (DDD:HH:MM:SS.DD) 000:00:00:00.00
 Total Computation  Time for this  Iteration  (DDD:HH:MM:SS.DD) 000:00:00:00.05
 Accum. mngr. proc. Time among all Iterations (DDD:HH:MM:SS.DD) 000:00:00:00.91
 Accumulated Load   Time among all Iterations (DDD:HH:MM:SS.DD) 000:00:00:00.14
 Accumulated Comp.  Time among all Iterations (DDD:HH:MM:SS.DD) 000:00:01:20.63
 Accumulated CPU    Time of present job       (DDD:HH:MM:SS.DD) 000:00:00:00.00
 
 ITERATION         -233
 STARTING SUBJECTS          1 TO       34 ON MANAGER: OK
 STARTING SUBJECTS         35 TO       67 ON WORKER1: OK
 STARTING SUBJECTS         68 TO      100 ON WORKER2: OK
 COLLECTING SUBJECTS        1 TO       34 ON MANAGER
 COLLECTING SUBJECTS       68 TO      100 ON WORKER2
 COLLECTING SUBJECTS       35 TO       67 ON WORKER1
 Tot. mngr. proc.   Time for this  Iteration  (DDD:HH:MM:SS.DD) 000:00:00:00.00
 Total Load         Time for this  Iteration  (DDD:HH:MM:SS.DD) 000:00:00:00.00
 Total Computation  Time for this  Iteration  (DDD:HH:MM:SS.DD) 000:00:00:00.02
 Accum. mngr. proc. Time among all Iterations (DDD:HH:MM:SS.DD) 000:00:00:00.91
 Accumulated Load   Time among all Iterations (DDD:HH:MM:SS.DD) 000:00:00:00.14
 Accumulated Comp.  Time among all Iterations (DDD:HH:MM:SS.DD) 000:00:01:20.64
 Accumulated CPU    Time of present job       (DDD:HH:MM:SS.DD) 000:00:00:00.00
 
 ITERATION         -232
 STARTING SUBJECTS          1 TO       34 ON MANAGER: OK
 STARTING SUBJECTS         35 TO       67 ON WORKER1: OK
 STARTING SUBJECTS         68 TO      100 ON WORKER2: OK
 COLLECTING SUBJECTS        1 TO       34 ON MANAGER
 COLLECTING SUBJECTS       68 TO      100 ON WORKER2
 COLLECTING SUBJECTS       35 TO       67 ON WORKER1
 Tot. mngr. proc.   Time for this  Iteration  (DDD:HH:MM:SS.DD) 000:00:00:00.00
 Total Load         Time for this  Iteration  (DDD:HH:MM:SS.DD) 000:00:00:00.00
 Total Computation  Time for this  Iteration  (DDD:HH:MM:SS.DD) 000:00:00:00.05
 Accum. mngr. proc. Time among all Iterations (DDD:HH:MM:SS.DD) 000:00:00:00.91
 Accumulated Load   Time among all Iterations (DDD:HH:MM:SS.DD) 000:00:00:00.14
 Accumulated Comp.  Time among all Iterations (DDD:HH:MM:SS.DD) 000:00:01:20.69
 Accumulated CPU    Time of present job       (DDD:HH:MM:SS.DD) 000:00:00:00.00
 
 ITERATION         -231
 STARTING SUBJECTS          1 TO       34 ON MANAGER: OK
 STARTING SUBJECTS         35 TO       67 ON WORKER1: OK
 STARTING SUBJECTS         68 TO      100 ON WORKER2: OK
 COLLECTING SUBJECTS        1 TO       34 ON MANAGER
 COLLECTING SUBJECTS       35 TO       67 ON WORKER1
 COLLECTING SUBJECTS       68 TO      100 ON WORKER2
 Tot. mngr. proc.   Time for this  Iteration  (DDD:HH:MM:SS.DD) 000:00:00:00.02
 Total Load         Time for this  Iteration  (DDD:HH:MM:SS.DD) 000:00:00:00.00
 Total Computation  Time for this  Iteration  (DDD:HH:MM:SS.DD) 000:00:00:00.05
 Accum. mngr. proc. Time among all Iterations (DDD:HH:MM:SS.DD) 000:00:00:00.92
 Accumulated Load   Time among all Iterations (DDD:HH:MM:SS.DD) 000:00:00:00.14
 Accumulated Comp.  Time among all Iterations (DDD:HH:MM:SS.DD) 000:00:01:20.73
 Accumulated CPU    Time of present job       (DDD:HH:MM:SS.DD) 000:00:00:00.00
 
 ITERATION         -230
 STARTING SUBJECTS          1 TO       34 ON MANAGER: OK
 STARTING SUBJECTS         35 TO       67 ON WORKER1: OK
 STARTING SUBJECTS         68 TO      100 ON WORKER2: OK
 COLLECTING SUBJECTS        1 TO       34 ON MANAGER
 COLLECTING SUBJECTS       35 TO       67 ON WORKER1
 COLLECTING SUBJECTS       68 TO      100 ON WORKER2
 Tot. mngr. proc.   Time for this  Iteration  (DDD:HH:MM:SS.DD) 000:00:00:00.02
 Total Load         Time for this  Iteration  (DDD:HH:MM:SS.DD) 000:00:00:00.00
 Total Computation  Time for this  Iteration  (DDD:HH:MM:SS.DD) 000:00:00:01.02
 Accum. mngr. proc. Time among all Iterations (DDD:HH:MM:SS.DD) 000:00:00:00.94
 Accumulated Load   Time among all Iterations (DDD:HH:MM:SS.DD) 000:00:00:00.14
 Accumulated Comp.  Time among all Iterations (DDD:HH:MM:SS.DD) 000:00:01:21.75
 Accumulated CPU    Time of present job       (DDD:HH:MM:SS.DD) 000:00:00:00.00
 
 ITERATION         -229
 STARTING SUBJECTS          1 TO       34 ON MANAGER: OK
 STARTING SUBJECTS         35 TO       67 ON WORKER1: OK
 STARTING SUBJECTS         68 TO      100 ON WORKER2: OK
 COLLECTING SUBJECTS        1 TO       34 ON MANAGER
 COLLECTING SUBJECTS       68 TO      100 ON WORKER2
 COLLECTING SUBJECTS       35 TO       67 ON WORKER1
 Tot. mngr. proc.   Time for this  Iteration  (DDD:HH:MM:SS.DD) 000:00:00:00.00
 Total Load         Time for this  Iteration  (DDD:HH:MM:SS.DD) 000:00:00:00.00
 Total Computation  Time for this  Iteration  (DDD:HH:MM:SS.DD) 000:00:00:01.02
 Accum. mngr. proc. Time among all Iterations (DDD:HH:MM:SS.DD) 000:00:00:00.94
 Accumulated Load   Time among all Iterations (DDD:HH:MM:SS.DD) 000:00:00:00.14
 Accumulated Comp.  Time among all Iterations (DDD:HH:MM:SS.DD) 000:00:01:22.77
 Accumulated CPU    Time of present job       (DDD:HH:MM:SS.DD) 000:00:00:00.00
 
 ITERATION         -228
 STARTING SUBJECTS          1 TO       34 ON MANAGER: OK
 STARTING SUBJECTS         35 TO       67 ON WORKER1: OK
 STARTING SUBJECTS         68 TO      100 ON WORKER2: OK
 COLLECTING SUBJECTS        1 TO       34 ON MANAGER
 COLLECTING SUBJECTS       68 TO      100 ON WORKER2
 COLLECTING SUBJECTS       35 TO       67 ON WORKER1
 Tot. mngr. proc.   Time for this  Iteration  (DDD:HH:MM:SS.DD) 000:00:00:00.00
 Total Load         Time for this  Iteration  (DDD:HH:MM:SS.DD) 000:00:00:00.00
 Total Computation  Time for this  Iteration  (DDD:HH:MM:SS.DD) 000:00:00:01.02
 Accum. mngr. proc. Time among all Iterations (DDD:HH:MM:SS.DD) 000:00:00:00.94
 Accumulated Load   Time among all Iterations (DDD:HH:MM:SS.DD) 000:00:00:00.14
 Accumulated Comp.  Time among all Iterations (DDD:HH:MM:SS.DD) 000:00:01:23.79
 Accumulated CPU    Time of present job       (DDD:HH:MM:SS.DD) 000:00:00:00.00
 
 ITERATION         -227
 STARTING SUBJECTS          1 TO       34 ON MANAGER: OK
 STARTING SUBJECTS         35 TO       67 ON WORKER1: OK
 STARTING SUBJECTS         68 TO      100 ON WORKER2: OK
 COLLECTING SUBJECTS        1 TO       34 ON MANAGER
 COLLECTING SUBJECTS       35 TO       67 ON WORKER1
 COLLECTING SUBJECTS       68 TO      100 ON WORKER2
 Tot. mngr. proc.   Time for this  Iteration  (DDD:HH:MM:SS.DD) 000:00:00:00.00
 Total Load         Time for this  Iteration  (DDD:HH:MM:SS.DD) 000:00:00:00.00
 Total Computation  Time for this  Iteration  (DDD:HH:MM:SS.DD) 000:00:00:00.03
 Accum. mngr. proc. Time among all Iterations (DDD:HH:MM:SS.DD) 000:00:00:00.94
 Accumulated Load   Time among all Iterations (DDD:HH:MM:SS.DD) 000:00:00:00.14
 Accumulated Comp.  Time among all Iterations (DDD:HH:MM:SS.DD) 000:00:01:23.82
 Accumulated CPU    Time of present job       (DDD:HH:MM:SS.DD) 000:00:00:00.00
 
 ITERATION         -226
 STARTING SUBJECTS          1 TO       34 ON MANAGER: OK
 STARTING SUBJECTS         35 TO       67 ON WORKER1: OK
 STARTING SUBJECTS         68 TO      100 ON WORKER2: OK
 COLLECTING SUBJECTS        1 TO       34 ON MANAGER
 COLLECTING SUBJECTS       68 TO      100 ON WORKER2
 COLLECTING SUBJECTS       35 TO       67 ON WORKER1
 Tot. mngr. proc.   Time for this  Iteration  (DDD:HH:MM:SS.DD) 000:00:00:00.00
 Total Load         Time for this  Iteration  (DDD:HH:MM:SS.DD) 000:00:00:00.00
 Total Computation  Time for this  Iteration  (DDD:HH:MM:SS.DD) 000:00:00:00.05
 Accum. mngr. proc. Time among all Iterations (DDD:HH:MM:SS.DD) 000:00:00:00.94
 Accumulated Load   Time among all Iterations (DDD:HH:MM:SS.DD) 000:00:00:00.14
 Accumulated Comp.  Time among all Iterations (DDD:HH:MM:SS.DD) 000:00:01:23.86
 Accumulated CPU    Time of present job       (DDD:HH:MM:SS.DD) 000:00:00:00.00
 
 ITERATION         -225
 STARTING SUBJECTS          1 TO       34 ON MANAGER: OK
 STARTING SUBJECTS         35 TO       67 ON WORKER1: OK
 STARTING SUBJECTS         68 TO      100 ON WORKER2: OK
 COLLECTING SUBJECTS        1 TO       34 ON MANAGER
 COLLECTING SUBJECTS       68 TO      100 ON WORKER2
 COLLECTING SUBJECTS       35 TO       67 ON WORKER1
 Tot. mngr. proc.   Time for this  Iteration  (DDD:HH:MM:SS.DD) 000:00:00:00.00
 Total Load         Time for this  Iteration  (DDD:HH:MM:SS.DD) 000:00:00:00.00
 Total Computation  Time for this  Iteration  (DDD:HH:MM:SS.DD) 000:00:00:00.05
 Accum. mngr. proc. Time among all Iterations (DDD:HH:MM:SS.DD) 000:00:00:00.94
 Accumulated Load   Time among all Iterations (DDD:HH:MM:SS.DD) 000:00:00:00.14
 Accumulated Comp.  Time among all Iterations (DDD:HH:MM:SS.DD) 000:00:01:23.91
 Accumulated CPU    Time of present job       (DDD:HH:MM:SS.DD) 000:00:00:00.00
 
 ITERATION         -224
 STARTING SUBJECTS          1 TO       34 ON MANAGER: OK
 STARTING SUBJECTS         35 TO       67 ON WORKER1: OK
 STARTING SUBJECTS         68 TO      100 ON WORKER2: OK
 COLLECTING SUBJECTS        1 TO       34 ON MANAGER
 COLLECTING SUBJECTS       68 TO      100 ON WORKER2
 COLLECTING SUBJECTS       35 TO       67 ON WORKER1
 Tot. mngr. proc.   Time for this  Iteration  (DDD:HH:MM:SS.DD) 000:00:00:00.00
 Total Load         Time for this  Iteration  (DDD:HH:MM:SS.DD) 000:00:00:00.00
 Total Computation  Time for this  Iteration  (DDD:HH:MM:SS.DD) 000:00:00:00.05
 Accum. mngr. proc. Time among all Iterations (DDD:HH:MM:SS.DD) 000:00:00:00.94
 Accumulated Load   Time among all Iterations (DDD:HH:MM:SS.DD) 000:00:00:00.14
 Accumulated Comp.  Time among all Iterations (DDD:HH:MM:SS.DD) 000:00:01:23.96
 Accumulated CPU    Time of present job       (DDD:HH:MM:SS.DD) 000:00:00:00.00
 
 ITERATION         -223
 STARTING SUBJECTS          1 TO       34 ON MANAGER: OK
 STARTING SUBJECTS         35 TO       67 ON WORKER1: OK
 STARTING SUBJECTS         68 TO      100 ON WORKER2: OK
 COLLECTING SUBJECTS        1 TO       34 ON MANAGER
 COLLECTING SUBJECTS       68 TO      100 ON WORKER2
 COLLECTING SUBJECTS       35 TO       67 ON WORKER1
 Tot. mngr. proc.   Time for this  Iteration  (DDD:HH:MM:SS.DD) 000:00:00:00.00
 Total Load         Time for this  Iteration  (DDD:HH:MM:SS.DD) 000:00:00:00.00
 Total Computation  Time for this  Iteration  (DDD:HH:MM:SS.DD) 000:00:00:00.05
 Accum. mngr. proc. Time among all Iterations (DDD:HH:MM:SS.DD) 000:00:00:00.94
 Accumulated Load   Time among all Iterations (DDD:HH:MM:SS.DD) 000:00:00:00.14
 Accumulated Comp.  Time among all Iterations (DDD:HH:MM:SS.DD) 000:00:01:24.00
 Accumulated CPU    Time of present job       (DDD:HH:MM:SS.DD) 000:00:00:00.00
 
 ITERATION         -222
 STARTING SUBJECTS          1 TO       34 ON MANAGER: OK
 STARTING SUBJECTS         35 TO       67 ON WORKER1: OK
 STARTING SUBJECTS         68 TO      100 ON WORKER2: OK
 COLLECTING SUBJECTS        1 TO       34 ON MANAGER
 COLLECTING SUBJECTS       68 TO      100 ON WORKER2
 COLLECTING SUBJECTS       35 TO       67 ON WORKER1
 Tot. mngr. proc.   Time for this  Iteration  (DDD:HH:MM:SS.DD) 000:00:00:00.00
 Total Load         Time for this  Iteration  (DDD:HH:MM:SS.DD) 000:00:00:00.00
 Total Computation  Time for this  Iteration  (DDD:HH:MM:SS.DD) 000:00:00:00.05
 Accum. mngr. proc. Time among all Iterations (DDD:HH:MM:SS.DD) 000:00:00:00.94
 Accumulated Load   Time among all Iterations (DDD:HH:MM:SS.DD) 000:00:00:00.14
 Accumulated Comp.  Time among all Iterations (DDD:HH:MM:SS.DD) 000:00:01:24.05
 Accumulated CPU    Time of present job       (DDD:HH:MM:SS.DD) 000:00:00:00.00
 
 ITERATION         -221
 STARTING SUBJECTS          1 TO       34 ON MANAGER: OK
 STARTING SUBJECTS         35 TO       67 ON WORKER1: OK
 STARTING SUBJECTS         68 TO      100 ON WORKER2: OK
 COLLECTING SUBJECTS        1 TO       34 ON MANAGER
 COLLECTING SUBJECTS       68 TO      100 ON WORKER2
 COLLECTING SUBJECTS       35 TO       67 ON WORKER1
 Tot. mngr. proc.   Time for this  Iteration  (DDD:HH:MM:SS.DD) 000:00:00:00.00
 Total Load         Time for this  Iteration  (DDD:HH:MM:SS.DD) 000:00:00:00.00
 Total Computation  Time for this  Iteration  (DDD:HH:MM:SS.DD) 000:00:00:00.05
 Accum. mngr. proc. Time among all Iterations (DDD:HH:MM:SS.DD) 000:00:00:00.94
 Accumulated Load   Time among all Iterations (DDD:HH:MM:SS.DD) 000:00:00:00.14
 Accumulated Comp.  Time among all Iterations (DDD:HH:MM:SS.DD) 000:00:01:24.10
 Accumulated CPU    Time of present job       (DDD:HH:MM:SS.DD) 000:00:00:00.00
 
 ITERATION         -220
 STARTING SUBJECTS          1 TO       34 ON MANAGER: OK
 STARTING SUBJECTS         35 TO       67 ON WORKER1: OK
 STARTING SUBJECTS         68 TO      100 ON WORKER2: OK
 COLLECTING SUBJECTS        1 TO       34 ON MANAGER
 COLLECTING SUBJECTS       68 TO      100 ON WORKER2
 COLLECTING SUBJECTS       35 TO       67 ON WORKER1
 Tot. mngr. proc.   Time for this  Iteration  (DDD:HH:MM:SS.DD) 000:00:00:00.00
 Total Load         Time for this  Iteration  (DDD:HH:MM:SS.DD) 000:00:00:00.00
 Total Computation  Time for this  Iteration  (DDD:HH:MM:SS.DD) 000:00:00:00.05
 Accum. mngr. proc. Time among all Iterations (DDD:HH:MM:SS.DD) 000:00:00:00.94
 Accumulated Load   Time among all Iterations (DDD:HH:MM:SS.DD) 000:00:00:00.14
 Accumulated Comp.  Time among all Iterations (DDD:HH:MM:SS.DD) 000:00:01:24.14
 Accumulated CPU    Time of present job       (DDD:HH:MM:SS.DD) 000:00:00:00.00
 
 ITERATION            0
 STARTING SUBJECTS          1 TO       34 ON MANAGER: OK
 STARTING SUBJECTS         35 TO       67 ON WORKER1: OK
 STARTING SUBJECTS         68 TO      100 ON WORKER2: OK
 COLLECTING SUBJECTS        1 TO       34 ON MANAGER
 COLLECTING SUBJECTS       68 TO      100 ON WORKER2
 COLLECTING SUBJECTS       35 TO       67 ON WORKER1
 Tot. mngr. proc.   Time for this  Iteration  (DDD:HH:MM:SS.DD) 000:00:00:00.00
 Total Load         Time for this  Iteration  (DDD:HH:MM:SS.DD) 000:00:00:00.00
 Total Computation  Time for this  Iteration  (DDD:HH:MM:SS.DD) 000:00:00:00.05
 Accum. mngr. proc. Time among all Iterations (DDD:HH:MM:SS.DD) 000:00:00:00.94
 Accumulated Load   Time among all Iterations (DDD:HH:MM:SS.DD) 000:00:00:00.14
 Accumulated Comp.  Time among all Iterations (DDD:HH:MM:SS.DD) 000:00:01:24.19
 Accumulated CPU    Time of present job       (DDD:HH:MM:SS.DD) 000:00:00:00.00
 
 ITERATION            1
 STARTING SUBJECTS          1 TO       34 ON MANAGER: OK
 STARTING SUBJECTS         35 TO       67 ON WORKER1: OK
 STARTING SUBJECTS         68 TO      100 ON WORKER2: OK
 COLLECTING SUBJECTS        1 TO       34 ON MANAGER
 COLLECTING SUBJECTS       68 TO      100 ON WORKER2
 COLLECTING SUBJECTS       35 TO       67 ON WORKER1
 Tot. mngr. proc.   Time for this  Iteration  (DDD:HH:MM:SS.DD) 000:00:00:00.02
 Total Load         Time for this  Iteration  (DDD:HH:MM:SS.DD) 000:00:00:00.00
 Total Computation  Time for this  Iteration  (DDD:HH:MM:SS.DD) 000:00:00:00.05
 Accum. mngr. proc. Time among all Iterations (DDD:HH:MM:SS.DD) 000:00:00:00.95
 Accumulated Load   Time among all Iterations (DDD:HH:MM:SS.DD) 000:00:00:00.14
 Accumulated Comp.  Time among all Iterations (DDD:HH:MM:SS.DD) 000:00:01:24.24
 Accumulated CPU    Time of present job       (DDD:HH:MM:SS.DD) 000:00:00:00.00
 
 ITERATION            2
 STARTING SUBJECTS          1 TO       34 ON MANAGER: OK
 STARTING SUBJECTS         35 TO       67 ON WORKER1: OK
 STARTING SUBJECTS         68 TO      100 ON WORKER2: OK
 COLLECTING SUBJECTS        1 TO       34 ON MANAGER
 COLLECTING SUBJECTS       35 TO       67 ON WORKER1
 COLLECTING SUBJECTS       68 TO      100 ON WORKER2
 Tot. mngr. proc.   Time for this  Iteration  (DDD:HH:MM:SS.DD) 000:00:00:00.00
 Total Load         Time for this  Iteration  (DDD:HH:MM:SS.DD) 000:00:00:00.00
 Total Computation  Time for this  Iteration  (DDD:HH:MM:SS.DD) 000:00:00:01.02
 Accum. mngr. proc. Time among all Iterations (DDD:HH:MM:SS.DD) 000:00:00:00.95
 Accumulated Load   Time among all Iterations (DDD:HH:MM:SS.DD) 000:00:00:00.14
 Accumulated Comp.  Time among all Iterations (DDD:HH:MM:SS.DD) 000:00:01:25.26
 Accumulated CPU    Time of present job       (DDD:HH:MM:SS.DD) 000:00:00:00.00
 
 ITERATION            3
 STARTING SUBJECTS          1 TO       34 ON MANAGER: OK
 STARTING SUBJECTS         35 TO       67 ON WORKER1: OK
 STARTING SUBJECTS         68 TO      100 ON WORKER2: OK
 COLLECTING SUBJECTS        1 TO       34 ON MANAGER
 COLLECTING SUBJECTS       68 TO      100 ON WORKER2
 COLLECTING SUBJECTS       35 TO       67 ON WORKER1
 Tot. mngr. proc.   Time for this  Iteration  (DDD:HH:MM:SS.DD) 000:00:00:00.00
 Total Load         Time for this  Iteration  (DDD:HH:MM:SS.DD) 000:00:00:00.00
 Total Computation  Time for this  Iteration  (DDD:HH:MM:SS.DD) 000:00:00:00.05
 Accum. mngr. proc. Time among all Iterations (DDD:HH:MM:SS.DD) 000:00:00:00.95
 Accumulated Load   Time among all Iterations (DDD:HH:MM:SS.DD) 000:00:00:00.14
 Accumulated Comp.  Time among all Iterations (DDD:HH:MM:SS.DD) 000:00:01:25.30
 Accumulated CPU    Time of present job       (DDD:HH:MM:SS.DD) 000:00:00:00.00
 
 ITERATION            4
 STARTING SUBJECTS          1 TO       34 ON MANAGER: OK
 STARTING SUBJECTS         35 TO       67 ON WORKER1: OK
 STARTING SUBJECTS         68 TO      100 ON WORKER2: OK
 COLLECTING SUBJECTS        1 TO       34 ON MANAGER
 COLLECTING SUBJECTS       68 TO      100 ON WORKER2
 COLLECTING SUBJECTS       35 TO       67 ON WORKER1
 Tot. mngr. proc.   Time for this  Iteration  (DDD:HH:MM:SS.DD) 000:00:00:00.00
 Total Load         Time for this  Iteration  (DDD:HH:MM:SS.DD) 000:00:00:00.00
 Total Computation  Time for this  Iteration  (DDD:HH:MM:SS.DD) 000:00:00:00.05
 Accum. mngr. proc. Time among all Iterations (DDD:HH:MM:SS.DD) 000:00:00:00.95
 Accumulated Load   Time among all Iterations (DDD:HH:MM:SS.DD) 000:00:00:00.14
 Accumulated Comp.  Time among all Iterations (DDD:HH:MM:SS.DD) 000:00:01:25.35
 Accumulated CPU    Time of present job       (DDD:HH:MM:SS.DD) 000:00:00:00.00
 
 ITERATION            5
 STARTING SUBJECTS          1 TO       34 ON MANAGER: OK
 STARTING SUBJECTS         35 TO       67 ON WORKER1: OK
 STARTING SUBJECTS         68 TO      100 ON WORKER2: OK
 COLLECTING SUBJECTS        1 TO       34 ON MANAGER
 COLLECTING SUBJECTS       35 TO       67 ON WORKER1
 COLLECTING SUBJECTS       68 TO      100 ON WORKER2
 Tot. mngr. proc.   Time for this  Iteration  (DDD:HH:MM:SS.DD) 000:00:00:00.00
 Total Load         Time for this  Iteration  (DDD:HH:MM:SS.DD) 000:00:00:00.00
 Total Computation  Time for this  Iteration  (DDD:HH:MM:SS.DD) 000:00:00:00.03
 Accum. mngr. proc. Time among all Iterations (DDD:HH:MM:SS.DD) 000:00:00:00.95
 Accumulated Load   Time among all Iterations (DDD:HH:MM:SS.DD) 000:00:00:00.14
 Accumulated Comp.  Time among all Iterations (DDD:HH:MM:SS.DD) 000:00:01:25.38
 Accumulated CPU    Time of present job       (DDD:HH:MM:SS.DD) 000:00:00:00.00
 
 ITERATION            6
 STARTING SUBJECTS          1 TO       34 ON MANAGER: OK
 STARTING SUBJECTS         35 TO       67 ON WORKER1: OK
 STARTING SUBJECTS         68 TO      100 ON WORKER2: OK
 COLLECTING SUBJECTS        1 TO       34 ON MANAGER
 COLLECTING SUBJECTS       68 TO      100 ON WORKER2
 COLLECTING SUBJECTS       35 TO       67 ON WORKER1
 Tot. mngr. proc.   Time for this  Iteration  (DDD:HH:MM:SS.DD) 000:00:00:00.00
 Total Load         Time for this  Iteration  (DDD:HH:MM:SS.DD) 000:00:00:00.00
 Total Computation  Time for this  Iteration  (DDD:HH:MM:SS.DD) 000:00:00:00.05
 Accum. mngr. proc. Time among all Iterations (DDD:HH:MM:SS.DD) 000:00:00:00.95
 Accumulated Load   Time among all Iterations (DDD:HH:MM:SS.DD) 000:00:00:00.14
 Accumulated Comp.  Time among all Iterations (DDD:HH:MM:SS.DD) 000:00:01:25.43
 Accumulated CPU    Time of present job       (DDD:HH:MM:SS.DD) 000:00:00:00.00
 
 ITERATION            7
 STARTING SUBJECTS          1 TO       34 ON MANAGER: OK
 STARTING SUBJECTS         35 TO       67 ON WORKER1: OK
 STARTING SUBJECTS         68 TO      100 ON WORKER2: OK
 COLLECTING SUBJECTS        1 TO       34 ON MANAGER
 COLLECTING SUBJECTS       68 TO      100 ON WORKER2
 COLLECTING SUBJECTS       35 TO       67 ON WORKER1
 Tot. mngr. proc.   Time for this  Iteration  (DDD:HH:MM:SS.DD) 000:00:00:00.00
 Total Load         Time for this  Iteration  (DDD:HH:MM:SS.DD) 000:00:00:00.00
 Total Computation  Time for this  Iteration  (DDD:HH:MM:SS.DD) 000:00:00:00.05
 Accum. mngr. proc. Time among all Iterations (DDD:HH:MM:SS.DD) 000:00:00:00.95
 Accumulated Load   Time among all Iterations (DDD:HH:MM:SS.DD) 000:00:00:00.14
 Accumulated Comp.  Time among all Iterations (DDD:HH:MM:SS.DD) 000:00:01:25.47
 Accumulated CPU    Time of present job       (DDD:HH:MM:SS.DD) 000:00:00:00.00
 
 ITERATION            8
 STARTING SUBJECTS          1 TO       34 ON MANAGER: OK
 STARTING SUBJECTS         35 TO       67 ON WORKER1: OK
 STARTING SUBJECTS         68 TO      100 ON WORKER2: OK
 COLLECTING SUBJECTS        1 TO       34 ON MANAGER
 COLLECTING SUBJECTS       68 TO      100 ON WORKER2
 COLLECTING SUBJECTS       35 TO       67 ON WORKER1
 Tot. mngr. proc.   Time for this  Iteration  (DDD:HH:MM:SS.DD) 000:00:00:00.00
 Total Load         Time for this  Iteration  (DDD:HH:MM:SS.DD) 000:00:00:00.00
 Total Computation  Time for this  Iteration  (DDD:HH:MM:SS.DD) 000:00:00:00.05
 Accum. mngr. proc. Time among all Iterations (DDD:HH:MM:SS.DD) 000:00:00:00.95
 Accumulated Load   Time among all Iterations (DDD:HH:MM:SS.DD) 000:00:00:00.14
 Accumulated Comp.  Time among all Iterations (DDD:HH:MM:SS.DD) 000:00:01:25.52
 Accumulated CPU    Time of present job       (DDD:HH:MM:SS.DD) 000:00:00:00.00
 
 ITERATION            9
 STARTING SUBJECTS          1 TO       34 ON MANAGER: OK
 STARTING SUBJECTS         35 TO       67 ON WORKER1: OK
 STARTING SUBJECTS         68 TO      100 ON WORKER2: OK
 COLLECTING SUBJECTS        1 TO       34 ON MANAGER
 COLLECTING SUBJECTS       68 TO      100 ON WORKER2
 COLLECTING SUBJECTS       35 TO       67 ON WORKER1
 Tot. mngr. proc.   Time for this  Iteration  (DDD:HH:MM:SS.DD) 000:00:00:00.00
 Total Load         Time for this  Iteration  (DDD:HH:MM:SS.DD) 000:00:00:00.00
 Total Computation  Time for this  Iteration  (DDD:HH:MM:SS.DD) 000:00:00:00.05
 Accum. mngr. proc. Time among all Iterations (DDD:HH:MM:SS.DD) 000:00:00:00.95
 Accumulated Load   Time among all Iterations (DDD:HH:MM:SS.DD) 000:00:00:00.14
 Accumulated Comp.  Time among all Iterations (DDD:HH:MM:SS.DD) 000:00:01:25.57
 Accumulated CPU    Time of present job       (DDD:HH:MM:SS.DD) 000:00:00:00.00
 
 ITERATION           10
 STARTING SUBJECTS          1 TO       34 ON MANAGER: OK
 STARTING SUBJECTS         35 TO       67 ON WORKER1: OK
 STARTING SUBJECTS         68 TO      100 ON WORKER2: OK
 COLLECTING SUBJECTS        1 TO       34 ON MANAGER
 COLLECTING SUBJECTS       35 TO       67 ON WORKER1
 COLLECTING SUBJECTS       68 TO      100 ON WORKER2
 Tot. mngr. proc.   Time for this  Iteration  (DDD:HH:MM:SS.DD) 000:00:00:00.00
 Total Load         Time for this  Iteration  (DDD:HH:MM:SS.DD) 000:00:00:00.00
 Total Computation  Time for this  Iteration  (DDD:HH:MM:SS.DD) 000:00:00:00.05
 Accum. mngr. proc. Time among all Iterations (DDD:HH:MM:SS.DD) 000:00:00:00.95
 Accumulated Load   Time among all Iterations (DDD:HH:MM:SS.DD) 000:00:00:00.14
 Accumulated Comp.  Time among all Iterations (DDD:HH:MM:SS.DD) 000:00:01:25.61
 Accumulated CPU    Time of present job       (DDD:HH:MM:SS.DD) 000:00:00:00.00
 
 ITERATION           11
 STARTING SUBJECTS          1 TO       34 ON MANAGER: OK
 STARTING SUBJECTS         35 TO       67 ON WORKER1: OK
 STARTING SUBJECTS         68 TO      100 ON WORKER2: OK
 COLLECTING SUBJECTS        1 TO       34 ON MANAGER
 COLLECTING SUBJECTS       68 TO      100 ON WORKER2
 COLLECTING SUBJECTS       35 TO       67 ON WORKER1
 Tot. mngr. proc.   Time for this  Iteration  (DDD:HH:MM:SS.DD) 000:00:00:00.00
 Total Load         Time for this  Iteration  (DDD:HH:MM:SS.DD) 000:00:00:00.00
 Total Computation  Time for this  Iteration  (DDD:HH:MM:SS.DD) 000:00:00:00.05
 Accum. mngr. proc. Time among all Iterations (DDD:HH:MM:SS.DD) 000:00:00:00.95
 Accumulated Load   Time among all Iterations (DDD:HH:MM:SS.DD) 000:00:00:00.14
 Accumulated Comp.  Time among all Iterations (DDD:HH:MM:SS.DD) 000:00:01:25.66
 Accumulated CPU    Time of present job       (DDD:HH:MM:SS.DD) 000:00:00:00.00
 
 ITERATION           12
 STARTING SUBJECTS          1 TO       34 ON MANAGER: OK
 STARTING SUBJECTS         35 TO       67 ON WORKER1: OK
 STARTING SUBJECTS         68 TO      100 ON WORKER2: OK
 COLLECTING SUBJECTS        1 TO       34 ON MANAGER
 COLLECTING SUBJECTS       68 TO      100 ON WORKER2
 COLLECTING SUBJECTS       35 TO       67 ON WORKER1
 Tot. mngr. proc.   Time for this  Iteration  (DDD:HH:MM:SS.DD) 000:00:00:00.00
 Total Load         Time for this  Iteration  (DDD:HH:MM:SS.DD) 000:00:00:00.00
 Total Computation  Time for this  Iteration  (DDD:HH:MM:SS.DD) 000:00:00:00.05
 Accum. mngr. proc. Time among all Iterations (DDD:HH:MM:SS.DD) 000:00:00:00.95
 Accumulated Load   Time among all Iterations (DDD:HH:MM:SS.DD) 000:00:00:00.14
 Accumulated Comp.  Time among all Iterations (DDD:HH:MM:SS.DD) 000:00:01:25.71
 Accumulated CPU    Time of present job       (DDD:HH:MM:SS.DD) 000:00:00:00.00
 
 ITERATION           13
 STARTING SUBJECTS          1 TO       34 ON MANAGER: OK
 STARTING SUBJECTS         35 TO       67 ON WORKER1: OK
 STARTING SUBJECTS         68 TO      100 ON WORKER2: OK
 COLLECTING SUBJECTS        1 TO       34 ON MANAGER
 COLLECTING SUBJECTS       68 TO      100 ON WORKER2
 COLLECTING SUBJECTS       35 TO       67 ON WORKER1
 Tot. mngr. proc.   Time for this  Iteration  (DDD:HH:MM:SS.DD) 000:00:00:00.00
 Total Load         Time for this  Iteration  (DDD:HH:MM:SS.DD) 000:00:00:00.00
 Total Computation  Time for this  Iteration  (DDD:HH:MM:SS.DD) 000:00:00:00.05
 Accum. mngr. proc. Time among all Iterations (DDD:HH:MM:SS.DD) 000:00:00:00.95
 Accumulated Load   Time among all Iterations (DDD:HH:MM:SS.DD) 000:00:00:00.14
 Accumulated Comp.  Time among all Iterations (DDD:HH:MM:SS.DD) 000:00:01:25.76
 Accumulated CPU    Time of present job       (DDD:HH:MM:SS.DD) 000:00:00:00.00
 
 ITERATION           14
 STARTING SUBJECTS          1 TO       34 ON MANAGER: OK
 STARTING SUBJECTS         35 TO       67 ON WORKER1: OK
 STARTING SUBJECTS         68 TO      100 ON WORKER2: OK
 COLLECTING SUBJECTS        1 TO       34 ON MANAGER
 COLLECTING SUBJECTS       35 TO       67 ON WORKER1
 COLLECTING SUBJECTS       68 TO      100 ON WORKER2
 Tot. mngr. proc.   Time for this  Iteration  (DDD:HH:MM:SS.DD) 000:00:00:00.00
 Total Load         Time for this  Iteration  (DDD:HH:MM:SS.DD) 000:00:00:00.00
 Total Computation  Time for this  Iteration  (DDD:HH:MM:SS.DD) 000:00:00:00.05
 Accum. mngr. proc. Time among all Iterations (DDD:HH:MM:SS.DD) 000:00:00:00.95
 Accumulated Load   Time among all Iterations (DDD:HH:MM:SS.DD) 000:00:00:00.14
 Accumulated Comp.  Time among all Iterations (DDD:HH:MM:SS.DD) 000:00:01:25.80
 Accumulated CPU    Time of present job       (DDD:HH:MM:SS.DD) 000:00:00:00.00
 
 ITERATION           15
 STARTING SUBJECTS          1 TO       34 ON MANAGER: OK
 STARTING SUBJECTS         35 TO       67 ON WORKER1: OK
 STARTING SUBJECTS         68 TO      100 ON WORKER2: OK
 COLLECTING SUBJECTS        1 TO       34 ON MANAGER
 COLLECTING SUBJECTS       68 TO      100 ON WORKER2
 COLLECTING SUBJECTS       35 TO       67 ON WORKER1
 Tot. mngr. proc.   Time for this  Iteration  (DDD:HH:MM:SS.DD) 000:00:00:00.02
 Total Load         Time for this  Iteration  (DDD:HH:MM:SS.DD) 000:00:00:00.00
 Total Computation  Time for this  Iteration  (DDD:HH:MM:SS.DD) 000:00:00:01.02
 Accum. mngr. proc. Time among all Iterations (DDD:HH:MM:SS.DD) 000:00:00:00.97
 Accumulated Load   Time among all Iterations (DDD:HH:MM:SS.DD) 000:00:00:00.14
 Accumulated Comp.  Time among all Iterations (DDD:HH:MM:SS.DD) 000:00:01:26.82
 Accumulated CPU    Time of present job       (DDD:HH:MM:SS.DD) 000:00:00:00.00
 
 ITERATION           16
 STARTING SUBJECTS          1 TO       34 ON MANAGER: OK
 STARTING SUBJECTS         35 TO       67 ON WORKER1: OK
 STARTING SUBJECTS         68 TO      100 ON WORKER2: OK
 COLLECTING SUBJECTS        1 TO       34 ON MANAGER
 COLLECTING SUBJECTS       68 TO      100 ON WORKER2
 COLLECTING SUBJECTS       35 TO       67 ON WORKER1
 Tot. mngr. proc.   Time for this  Iteration  (DDD:HH:MM:SS.DD) 000:00:00:00.00
 Total Load         Time for this  Iteration  (DDD:HH:MM:SS.DD) 000:00:00:00.00
 Total Computation  Time for this  Iteration  (DDD:HH:MM:SS.DD) 000:00:00:01.02
 Accum. mngr. proc. Time among all Iterations (DDD:HH:MM:SS.DD) 000:00:00:00.97
 Accumulated Load   Time among all Iterations (DDD:HH:MM:SS.DD) 000:00:00:00.14
 Accumulated Comp.  Time among all Iterations (DDD:HH:MM:SS.DD) 000:00:01:27.84
 Accumulated CPU    Time of present job       (DDD:HH:MM:SS.DD) 000:00:00:00.00
 
 ITERATION           17
 STARTING SUBJECTS          1 TO       34 ON MANAGER: OK
 STARTING SUBJECTS         35 TO       67 ON WORKER1: OK
 STARTING SUBJECTS         68 TO      100 ON WORKER2: OK
 COLLECTING SUBJECTS        1 TO       34 ON MANAGER
 COLLECTING SUBJECTS       68 TO      100 ON WORKER2
 COLLECTING SUBJECTS       35 TO       67 ON WORKER1
 Tot. mngr. proc.   Time for this  Iteration  (DDD:HH:MM:SS.DD) 000:00:00:00.02
 Total Load         Time for this  Iteration  (DDD:HH:MM:SS.DD) 000:00:00:00.00
 Total Computation  Time for this  Iteration  (DDD:HH:MM:SS.DD) 000:00:00:00.05
 Accum. mngr. proc. Time among all Iterations (DDD:HH:MM:SS.DD) 000:00:00:00.98
 Accumulated Load   Time among all Iterations (DDD:HH:MM:SS.DD) 000:00:00:00.14
 Accumulated Comp.  Time among all Iterations (DDD:HH:MM:SS.DD) 000:00:01:27.88
 Accumulated CPU    Time of present job       (DDD:HH:MM:SS.DD) 000:00:00:00.00
 
 ITERATION           18
 STARTING SUBJECTS          1 TO       34 ON MANAGER: OK
 STARTING SUBJECTS         35 TO       67 ON WORKER1: OK
 STARTING SUBJECTS         68 TO      100 ON WORKER2: OK
 COLLECTING SUBJECTS        1 TO       34 ON MANAGER
 COLLECTING SUBJECTS       35 TO       67 ON WORKER1
 COLLECTING SUBJECTS       68 TO      100 ON WORKER2
 Tot. mngr. proc.   Time for this  Iteration  (DDD:HH:MM:SS.DD) 000:00:00:00.00
 Total Load         Time for this  Iteration  (DDD:HH:MM:SS.DD) 000:00:00:00.00
 Total Computation  Time for this  Iteration  (DDD:HH:MM:SS.DD) 000:00:00:01.02
 Accum. mngr. proc. Time among all Iterations (DDD:HH:MM:SS.DD) 000:00:00:00.98
 Accumulated Load   Time among all Iterations (DDD:HH:MM:SS.DD) 000:00:00:00.14
 Accumulated Comp.  Time among all Iterations (DDD:HH:MM:SS.DD) 000:00:01:28.90
 Accumulated CPU    Time of present job       (DDD:HH:MM:SS.DD) 000:00:00:00.00
 
 ITERATION           19
 STARTING SUBJECTS          1 TO       34 ON MANAGER: OK
 STARTING SUBJECTS         35 TO       67 ON WORKER1: OK
 STARTING SUBJECTS         68 TO      100 ON WORKER2: OK
 COLLECTING SUBJECTS        1 TO       34 ON MANAGER
 COLLECTING SUBJECTS       68 TO      100 ON WORKER2
 COLLECTING SUBJECTS       35 TO       67 ON WORKER1
 Tot. mngr. proc.   Time for this  Iteration  (DDD:HH:MM:SS.DD) 000:00:00:00.00
 Total Load         Time for this  Iteration  (DDD:HH:MM:SS.DD) 000:00:00:00.00
 Total Computation  Time for this  Iteration  (DDD:HH:MM:SS.DD) 000:00:00:01.02
 Accum. mngr. proc. Time among all Iterations (DDD:HH:MM:SS.DD) 000:00:00:00.98
 Accumulated Load   Time among all Iterations (DDD:HH:MM:SS.DD) 000:00:00:00.14
 Accumulated Comp.  Time among all Iterations (DDD:HH:MM:SS.DD) 000:00:01:29.92
 Accumulated CPU    Time of present job       (DDD:HH:MM:SS.DD) 000:00:00:00.00
 
 ITERATION           20
 STARTING SUBJECTS          1 TO       34 ON MANAGER: OK
 STARTING SUBJECTS         35 TO       67 ON WORKER1: OK
 STARTING SUBJECTS         68 TO      100 ON WORKER2: OK
 COLLECTING SUBJECTS        1 TO       34 ON MANAGER
 COLLECTING SUBJECTS       68 TO      100 ON WORKER2
 COLLECTING SUBJECTS       35 TO       67 ON WORKER1
 Tot. mngr. proc.   Time for this  Iteration  (DDD:HH:MM:SS.DD) 000:00:00:00.02
 Total Load         Time for this  Iteration  (DDD:HH:MM:SS.DD) 000:00:00:00.00
 Total Computation  Time for this  Iteration  (DDD:HH:MM:SS.DD) 000:00:00:00.03
 Accum. mngr. proc. Time among all Iterations (DDD:HH:MM:SS.DD) 000:00:00:01.00
 Accumulated Load   Time among all Iterations (DDD:HH:MM:SS.DD) 000:00:00:00.14
 Accumulated Comp.  Time among all Iterations (DDD:HH:MM:SS.DD) 000:00:01:29.95
 Accumulated CPU    Time of present job       (DDD:HH:MM:SS.DD) 000:00:00:00.00
 
 ITERATION           21
 STARTING SUBJECTS          1 TO       34 ON MANAGER: OK
 STARTING SUBJECTS         35 TO       67 ON WORKER1: OK
 STARTING SUBJECTS         68 TO      100 ON WORKER2: OK
 COLLECTING SUBJECTS        1 TO       34 ON MANAGER
 COLLECTING SUBJECTS       68 TO      100 ON WORKER2
 COLLECTING SUBJECTS       35 TO       67 ON WORKER1
 Tot. mngr. proc.   Time for this  Iteration  (DDD:HH:MM:SS.DD) 000:00:00:00.00
 Total Load         Time for this  Iteration  (DDD:HH:MM:SS.DD) 000:00:00:00.00
 Total Computation  Time for this  Iteration  (DDD:HH:MM:SS.DD) 000:00:00:01.01
 Accum. mngr. proc. Time among all Iterations (DDD:HH:MM:SS.DD) 000:00:00:01.00
 Accumulated Load   Time among all Iterations (DDD:HH:MM:SS.DD) 000:00:00:00.14
 Accumulated Comp.  Time among all Iterations (DDD:HH:MM:SS.DD) 000:00:01:30.96
 Accumulated CPU    Time of present job       (DDD:HH:MM:SS.DD) 000:00:00:00.00
 
 ITERATION           22
 STARTING SUBJECTS          1 TO       34 ON MANAGER: OK
 STARTING SUBJECTS         35 TO       67 ON WORKER1: OK
 STARTING SUBJECTS         68 TO      100 ON WORKER2: OK
 COLLECTING SUBJECTS        1 TO       34 ON MANAGER
 COLLECTING SUBJECTS       35 TO       67 ON WORKER1
 COLLECTING SUBJECTS       68 TO      100 ON WORKER2
 Tot. mngr. proc.   Time for this  Iteration  (DDD:HH:MM:SS.DD) 000:00:00:00.00
 Total Load         Time for this  Iteration  (DDD:HH:MM:SS.DD) 000:00:00:00.00
 Total Computation  Time for this  Iteration  (DDD:HH:MM:SS.DD) 000:00:00:00.05
 Accum. mngr. proc. Time among all Iterations (DDD:HH:MM:SS.DD) 000:00:00:01.00
 Accumulated Load   Time among all Iterations (DDD:HH:MM:SS.DD) 000:00:00:00.14
 Accumulated Comp.  Time among all Iterations (DDD:HH:MM:SS.DD) 000:00:01:31.01
 Accumulated CPU    Time of present job       (DDD:HH:MM:SS.DD) 000:00:00:00.00
 
 ITERATION           23
 STARTING SUBJECTS          1 TO       34 ON MANAGER: OK
 STARTING SUBJECTS         35 TO       67 ON WORKER1: OK
 STARTING SUBJECTS         68 TO      100 ON WORKER2: OK
 COLLECTING SUBJECTS        1 TO       34 ON MANAGER
 COLLECTING SUBJECTS       68 TO      100 ON WORKER2
 COLLECTING SUBJECTS       35 TO       67 ON WORKER1
 Tot. mngr. proc.   Time for this  Iteration  (DDD:HH:MM:SS.DD) 000:00:00:00.00
 Total Load         Time for this  Iteration  (DDD:HH:MM:SS.DD) 000:00:00:00.00
 Total Computation  Time for this  Iteration  (DDD:HH:MM:SS.DD) 000:00:00:00.05
 Accum. mngr. proc. Time among all Iterations (DDD:HH:MM:SS.DD) 000:00:00:01.00
 Accumulated Load   Time among all Iterations (DDD:HH:MM:SS.DD) 000:00:00:00.14
 Accumulated Comp.  Time among all Iterations (DDD:HH:MM:SS.DD) 000:00:01:31.05
 Accumulated CPU    Time of present job       (DDD:HH:MM:SS.DD) 000:00:00:00.00
 
 ITERATION           24
 STARTING SUBJECTS          1 TO       34 ON MANAGER: OK
 STARTING SUBJECTS         35 TO       67 ON WORKER1: OK
 STARTING SUBJECTS         68 TO      100 ON WORKER2: OK
 COLLECTING SUBJECTS        1 TO       34 ON MANAGER
 COLLECTING SUBJECTS       68 TO      100 ON WORKER2
 COLLECTING SUBJECTS       35 TO       67 ON WORKER1
 Tot. mngr. proc.   Time for this  Iteration  (DDD:HH:MM:SS.DD) 000:00:00:00.00
 Total Load         Time for this  Iteration  (DDD:HH:MM:SS.DD) 000:00:00:00.00
 Total Computation  Time for this  Iteration  (DDD:HH:MM:SS.DD) 000:00:00:00.05
 Accum. mngr. proc. Time among all Iterations (DDD:HH:MM:SS.DD) 000:00:00:01.00
 Accumulated Load   Time among all Iterations (DDD:HH:MM:SS.DD) 000:00:00:00.14
 Accumulated Comp.  Time among all Iterations (DDD:HH:MM:SS.DD) 000:00:01:31.10
 Accumulated CPU    Time of present job       (DDD:HH:MM:SS.DD) 000:00:00:00.00
 
 ITERATION           25
 STARTING SUBJECTS          1 TO       34 ON MANAGER: OK
 STARTING SUBJECTS         35 TO       67 ON WORKER1: OK
 STARTING SUBJECTS         68 TO      100 ON WORKER2: OK
 COLLECTING SUBJECTS        1 TO       34 ON MANAGER
 COLLECTING SUBJECTS       35 TO       67 ON WORKER1
 COLLECTING SUBJECTS       68 TO      100 ON WORKER2
 Tot. mngr. proc.   Time for this  Iteration  (DDD:HH:MM:SS.DD) 000:00:00:00.00
 Total Load         Time for this  Iteration  (DDD:HH:MM:SS.DD) 000:00:00:00.00
 Total Computation  Time for this  Iteration  (DDD:HH:MM:SS.DD) 000:00:00:00.05
 Accum. mngr. proc. Time among all Iterations (DDD:HH:MM:SS.DD) 000:00:00:01.00
 Accumulated Load   Time among all Iterations (DDD:HH:MM:SS.DD) 000:00:00:00.14
 Accumulated Comp.  Time among all Iterations (DDD:HH:MM:SS.DD) 000:00:01:31.15
 Accumulated CPU    Time of present job       (DDD:HH:MM:SS.DD) 000:00:00:00.00
 
 ITERATION           26
 STARTING SUBJECTS          1 TO       34 ON MANAGER: OK
 STARTING SUBJECTS         35 TO       67 ON WORKER1: OK
 STARTING SUBJECTS         68 TO      100 ON WORKER2: OK
 COLLECTING SUBJECTS        1 TO       34 ON MANAGER
 COLLECTING SUBJECTS       35 TO       67 ON WORKER1
 COLLECTING SUBJECTS       68 TO      100 ON WORKER2
 Tot. mngr. proc.   Time for this  Iteration  (DDD:HH:MM:SS.DD) 000:00:00:00.00
 Total Load         Time for this  Iteration  (DDD:HH:MM:SS.DD) 000:00:00:00.00
 Total Computation  Time for this  Iteration  (DDD:HH:MM:SS.DD) 000:00:00:00.05
 Accum. mngr. proc. Time among all Iterations (DDD:HH:MM:SS.DD) 000:00:00:01.00
 Accumulated Load   Time among all Iterations (DDD:HH:MM:SS.DD) 000:00:00:00.14
 Accumulated Comp.  Time among all Iterations (DDD:HH:MM:SS.DD) 000:00:01:31.19
 Accumulated CPU    Time of present job       (DDD:HH:MM:SS.DD) 000:00:00:00.00
 
 ITERATION           27
 STARTING SUBJECTS          1 TO       34 ON MANAGER: OK
 STARTING SUBJECTS         35 TO       67 ON WORKER1: OK
 STARTING SUBJECTS         68 TO      100 ON WORKER2: OK
 COLLECTING SUBJECTS        1 TO       34 ON MANAGER
 COLLECTING SUBJECTS       68 TO      100 ON WORKER2
 COLLECTING SUBJECTS       35 TO       67 ON WORKER1
 Tot. mngr. proc.   Time for this  Iteration  (DDD:HH:MM:SS.DD) 000:00:00:00.02
 Total Load         Time for this  Iteration  (DDD:HH:MM:SS.DD) 000:00:00:00.00
 Total Computation  Time for this  Iteration  (DDD:HH:MM:SS.DD) 000:00:00:01.02
 Accum. mngr. proc. Time among all Iterations (DDD:HH:MM:SS.DD) 000:00:00:01.02
 Accumulated Load   Time among all Iterations (DDD:HH:MM:SS.DD) 000:00:00:00.14
 Accumulated Comp.  Time among all Iterations (DDD:HH:MM:SS.DD) 000:00:01:32.21
 Accumulated CPU    Time of present job       (DDD:HH:MM:SS.DD) 000:00:00:00.00
 
 ITERATION           28
 STARTING SUBJECTS          1 TO       34 ON MANAGER: OK
 STARTING SUBJECTS         35 TO       67 ON WORKER1: OK
 STARTING SUBJECTS         68 TO      100 ON WORKER2: OK
 COLLECTING SUBJECTS        1 TO       34 ON MANAGER
 COLLECTING SUBJECTS       68 TO      100 ON WORKER2
 COLLECTING SUBJECTS       35 TO       67 ON WORKER1
 Tot. mngr. proc.   Time for this  Iteration  (DDD:HH:MM:SS.DD) 000:00:00:00.02
 Total Load         Time for this  Iteration  (DDD:HH:MM:SS.DD) 000:00:00:00.00
 Total Computation  Time for this  Iteration  (DDD:HH:MM:SS.DD) 000:00:00:01.02
 Accum. mngr. proc. Time among all Iterations (DDD:HH:MM:SS.DD) 000:00:00:01.03
 Accumulated Load   Time among all Iterations (DDD:HH:MM:SS.DD) 000:00:00:00.14
 Accumulated Comp.  Time among all Iterations (DDD:HH:MM:SS.DD) 000:00:01:33.23
 Accumulated CPU    Time of present job       (DDD:HH:MM:SS.DD) 000:00:00:00.00
 
 ITERATION           29
 STARTING SUBJECTS          1 TO       34 ON MANAGER: OK
 STARTING SUBJECTS         35 TO       67 ON WORKER1: OK
 STARTING SUBJECTS         68 TO      100 ON WORKER2: OK
 COLLECTING SUBJECTS        1 TO       34 ON MANAGER
 COLLECTING SUBJECTS       68 TO      100 ON WORKER2
 COLLECTING SUBJECTS       35 TO       67 ON WORKER1
 Tot. mngr. proc.   Time for this  Iteration  (DDD:HH:MM:SS.DD) 000:00:00:00.02
 Total Load         Time for this  Iteration  (DDD:HH:MM:SS.DD) 000:00:00:00.00
 Total Computation  Time for this  Iteration  (DDD:HH:MM:SS.DD) 000:00:00:01.02
 Accum. mngr. proc. Time among all Iterations (DDD:HH:MM:SS.DD) 000:00:00:01.05
 Accumulated Load   Time among all Iterations (DDD:HH:MM:SS.DD) 000:00:00:00.14
 Accumulated Comp.  Time among all Iterations (DDD:HH:MM:SS.DD) 000:00:01:34.24
 Accumulated CPU    Time of present job       (DDD:HH:MM:SS.DD) 000:00:00:00.00
 
 ITERATION           30
 STARTING SUBJECTS          1 TO       34 ON MANAGER: OK
 STARTING SUBJECTS         35 TO       67 ON WORKER1: OK
 STARTING SUBJECTS         68 TO      100 ON WORKER2: OK
 COLLECTING SUBJECTS        1 TO       34 ON MANAGER
 COLLECTING SUBJECTS       35 TO       67 ON WORKER1
 COLLECTING SUBJECTS       68 TO      100 ON WORKER2
 Tot. mngr. proc.   Time for this  Iteration  (DDD:HH:MM:SS.DD) 000:00:00:00.00
 Total Load         Time for this  Iteration  (DDD:HH:MM:SS.DD) 000:00:00:00.00
 Total Computation  Time for this  Iteration  (DDD:HH:MM:SS.DD) 000:00:00:01.02
 Accum. mngr. proc. Time among all Iterations (DDD:HH:MM:SS.DD) 000:00:00:01.05
 Accumulated Load   Time among all Iterations (DDD:HH:MM:SS.DD) 000:00:00:00.14
 Accumulated Comp.  Time among all Iterations (DDD:HH:MM:SS.DD) 000:00:01:35.26
 Accumulated CPU    Time of present job       (DDD:HH:MM:SS.DD) 000:00:00:00.00
 
 ITERATION           31
 STARTING SUBJECTS          1 TO       34 ON MANAGER: OK
 STARTING SUBJECTS         35 TO       67 ON WORKER1: OK
 STARTING SUBJECTS         68 TO      100 ON WORKER2: OK
 COLLECTING SUBJECTS        1 TO       34 ON MANAGER
 COLLECTING SUBJECTS       68 TO      100 ON WORKER2
 COLLECTING SUBJECTS       35 TO       67 ON WORKER1
 Tot. mngr. proc.   Time for this  Iteration  (DDD:HH:MM:SS.DD) 000:00:00:00.00
 Total Load         Time for this  Iteration  (DDD:HH:MM:SS.DD) 000:00:00:00.00
 Total Computation  Time for this  Iteration  (DDD:HH:MM:SS.DD) 000:00:00:00.02
 Accum. mngr. proc. Time among all Iterations (DDD:HH:MM:SS.DD) 000:00:00:01.05
 Accumulated Load   Time among all Iterations (DDD:HH:MM:SS.DD) 000:00:00:00.14
 Accumulated Comp.  Time among all Iterations (DDD:HH:MM:SS.DD) 000:00:01:35.28
 Accumulated CPU    Time of present job       (DDD:HH:MM:SS.DD) 000:00:00:00.00
 
 ITERATION           32
 STARTING SUBJECTS          1 TO       34 ON MANAGER: OK
 STARTING SUBJECTS         35 TO       67 ON WORKER1: OK
 STARTING SUBJECTS         68 TO      100 ON WORKER2: OK
 COLLECTING SUBJECTS        1 TO       34 ON MANAGER
 COLLECTING SUBJECTS       68 TO      100 ON WORKER2
 COLLECTING SUBJECTS       35 TO       67 ON WORKER1
 Tot. mngr. proc.   Time for this  Iteration  (DDD:HH:MM:SS.DD) 000:00:00:00.00
 Total Load         Time for this  Iteration  (DDD:HH:MM:SS.DD) 000:00:00:00.00
 Total Computation  Time for this  Iteration  (DDD:HH:MM:SS.DD) 000:00:00:01.01
 Accum. mngr. proc. Time among all Iterations (DDD:HH:MM:SS.DD) 000:00:00:01.05
 Accumulated Load   Time among all Iterations (DDD:HH:MM:SS.DD) 000:00:00:00.14
 Accumulated Comp.  Time among all Iterations (DDD:HH:MM:SS.DD) 000:00:01:36.28
 Accumulated CPU    Time of present job       (DDD:HH:MM:SS.DD) 000:00:00:00.00
 
 ITERATION           33
 STARTING SUBJECTS          1 TO       34 ON MANAGER: OK
 STARTING SUBJECTS         35 TO       67 ON WORKER1: OK
 STARTING SUBJECTS         68 TO      100 ON WORKER2: OK
 COLLECTING SUBJECTS        1 TO       34 ON MANAGER
 COLLECTING SUBJECTS       35 TO       67 ON WORKER1
 COLLECTING SUBJECTS       68 TO      100 ON WORKER2
 Tot. mngr. proc.   Time for this  Iteration  (DDD:HH:MM:SS.DD) 000:00:00:00.00
 Total Load         Time for this  Iteration  (DDD:HH:MM:SS.DD) 000:00:00:00.00
 Total Computation  Time for this  Iteration  (DDD:HH:MM:SS.DD) 000:00:00:00.03
 Accum. mngr. proc. Time among all Iterations (DDD:HH:MM:SS.DD) 000:00:00:01.05
 Accumulated Load   Time among all Iterations (DDD:HH:MM:SS.DD) 000:00:00:00.14
 Accumulated Comp.  Time among all Iterations (DDD:HH:MM:SS.DD) 000:00:01:36.31
 Accumulated CPU    Time of present job       (DDD:HH:MM:SS.DD) 000:00:00:00.00
 
 ITERATION           34
 STARTING SUBJECTS          1 TO       34 ON MANAGER: OK
 STARTING SUBJECTS         35 TO       67 ON WORKER1: OK
 STARTING SUBJECTS         68 TO      100 ON WORKER2: OK
 COLLECTING SUBJECTS        1 TO       34 ON MANAGER
 COLLECTING SUBJECTS       68 TO      100 ON WORKER2
 COLLECTING SUBJECTS       35 TO       67 ON WORKER1
 Tot. mngr. proc.   Time for this  Iteration  (DDD:HH:MM:SS.DD) 000:00:00:00.00
 Total Load         Time for this  Iteration  (DDD:HH:MM:SS.DD) 000:00:00:00.00
 Total Computation  Time for this  Iteration  (DDD:HH:MM:SS.DD) 000:00:00:00.05
 Accum. mngr. proc. Time among all Iterations (DDD:HH:MM:SS.DD) 000:00:00:01.05
 Accumulated Load   Time among all Iterations (DDD:HH:MM:SS.DD) 000:00:00:00.14
 Accumulated Comp.  Time among all Iterations (DDD:HH:MM:SS.DD) 000:00:01:36.36
 Accumulated CPU    Time of present job       (DDD:HH:MM:SS.DD) 000:00:00:00.00
 
 ITERATION           35
 STARTING SUBJECTS          1 TO       34 ON MANAGER: OK
 STARTING SUBJECTS         35 TO       67 ON WORKER1: OK
 STARTING SUBJECTS         68 TO      100 ON WORKER2: OK
 COLLECTING SUBJECTS        1 TO       34 ON MANAGER
 COLLECTING SUBJECTS       35 TO       67 ON WORKER1
 COLLECTING SUBJECTS       68 TO      100 ON WORKER2
 Tot. mngr. proc.   Time for this  Iteration  (DDD:HH:MM:SS.DD) 000:00:00:00.00
 Total Load         Time for this  Iteration  (DDD:HH:MM:SS.DD) 000:00:00:00.00
 Total Computation  Time for this  Iteration  (DDD:HH:MM:SS.DD) 000:00:00:00.05
 Accum. mngr. proc. Time among all Iterations (DDD:HH:MM:SS.DD) 000:00:00:01.05
 Accumulated Load   Time among all Iterations (DDD:HH:MM:SS.DD) 000:00:00:00.14
 Accumulated Comp.  Time among all Iterations (DDD:HH:MM:SS.DD) 000:00:01:36.41
 Accumulated CPU    Time of present job       (DDD:HH:MM:SS.DD) 000:00:00:00.00
 
 ITERATION           36
 STARTING SUBJECTS          1 TO       34 ON MANAGER: OK
 STARTING SUBJECTS         35 TO       67 ON WORKER1: OK
 STARTING SUBJECTS         68 TO      100 ON WORKER2: OK
 COLLECTING SUBJECTS        1 TO       34 ON MANAGER
 COLLECTING SUBJECTS       68 TO      100 ON WORKER2
 COLLECTING SUBJECTS       35 TO       67 ON WORKER1
 Tot. mngr. proc.   Time for this  Iteration  (DDD:HH:MM:SS.DD) 000:00:00:00.00
 Total Load         Time for this  Iteration  (DDD:HH:MM:SS.DD) 000:00:00:00.00
 Total Computation  Time for this  Iteration  (DDD:HH:MM:SS.DD) 000:00:00:00.05
 Accum. mngr. proc. Time among all Iterations (DDD:HH:MM:SS.DD) 000:00:00:01.05
 Accumulated Load   Time among all Iterations (DDD:HH:MM:SS.DD) 000:00:00:00.14
 Accumulated Comp.  Time among all Iterations (DDD:HH:MM:SS.DD) 000:00:01:36.45
 Accumulated CPU    Time of present job       (DDD:HH:MM:SS.DD) 000:00:00:00.00
 
 ITERATION           37
 STARTING SUBJECTS          1 TO       34 ON MANAGER: OK
 STARTING SUBJECTS         35 TO       67 ON WORKER1: OK
 STARTING SUBJECTS         68 TO      100 ON WORKER2: OK
 COLLECTING SUBJECTS        1 TO       34 ON MANAGER
 COLLECTING SUBJECTS       68 TO      100 ON WORKER2
 COLLECTING SUBJECTS       35 TO       67 ON WORKER1
 Tot. mngr. proc.   Time for this  Iteration  (DDD:HH:MM:SS.DD) 000:00:00:00.00
 Total Load         Time for this  Iteration  (DDD:HH:MM:SS.DD) 000:00:00:00.00
 Total Computation  Time for this  Iteration  (DDD:HH:MM:SS.DD) 000:00:00:00.02
 Accum. mngr. proc. Time among all Iterations (DDD:HH:MM:SS.DD) 000:00:00:01.05
 Accumulated Load   Time among all Iterations (DDD:HH:MM:SS.DD) 000:00:00:00.14
 Accumulated Comp.  Time among all Iterations (DDD:HH:MM:SS.DD) 000:00:01:36.47
 Accumulated CPU    Time of present job       (DDD:HH:MM:SS.DD) 000:00:00:00.00
 
 ITERATION           38
 STARTING SUBJECTS          1 TO       34 ON MANAGER: OK
 STARTING SUBJECTS         35 TO       67 ON WORKER1: OK
 STARTING SUBJECTS         68 TO      100 ON WORKER2: OK
 COLLECTING SUBJECTS        1 TO       34 ON MANAGER
 COLLECTING SUBJECTS       68 TO      100 ON WORKER2
 COLLECTING SUBJECTS       35 TO       67 ON WORKER1
 Tot. mngr. proc.   Time for this  Iteration  (DDD:HH:MM:SS.DD) 000:00:00:00.00
 Total Load         Time for this  Iteration  (DDD:HH:MM:SS.DD) 000:00:00:00.00
 Total Computation  Time for this  Iteration  (DDD:HH:MM:SS.DD) 000:00:00:01.01
 Accum. mngr. proc. Time among all Iterations (DDD:HH:MM:SS.DD) 000:00:00:01.05
 Accumulated Load   Time among all Iterations (DDD:HH:MM:SS.DD) 000:00:00:00.14
 Accumulated Comp.  Time among all Iterations (DDD:HH:MM:SS.DD) 000:00:01:37.48
 Accumulated CPU    Time of present job       (DDD:HH:MM:SS.DD) 000:00:00:00.00
 
 ITERATION           39
 STARTING SUBJECTS          1 TO       34 ON MANAGER: OK
 STARTING SUBJECTS         35 TO       67 ON WORKER1: OK
 STARTING SUBJECTS         68 TO      100 ON WORKER2: OK
 COLLECTING SUBJECTS        1 TO       34 ON MANAGER
 COLLECTING SUBJECTS       68 TO      100 ON WORKER2
 COLLECTING SUBJECTS       35 TO       67 ON WORKER1
 Tot. mngr. proc.   Time for this  Iteration  (DDD:HH:MM:SS.DD) 000:00:00:00.00
 Total Load         Time for this  Iteration  (DDD:HH:MM:SS.DD) 000:00:00:00.00
 Total Computation  Time for this  Iteration  (DDD:HH:MM:SS.DD) 000:00:00:01.01
 Accum. mngr. proc. Time among all Iterations (DDD:HH:MM:SS.DD) 000:00:00:01.05
 Accumulated Load   Time among all Iterations (DDD:HH:MM:SS.DD) 000:00:00:00.14
 Accumulated Comp.  Time among all Iterations (DDD:HH:MM:SS.DD) 000:00:01:38.48
 Accumulated CPU    Time of present job       (DDD:HH:MM:SS.DD) 000:00:00:00.00
 
 ITERATION           40
 STARTING SUBJECTS          1 TO       34 ON MANAGER: OK
 STARTING SUBJECTS         35 TO       67 ON WORKER1: OK
 STARTING SUBJECTS         68 TO      100 ON WORKER2: OK
 COLLECTING SUBJECTS        1 TO       34 ON MANAGER
 COLLECTING SUBJECTS       68 TO      100 ON WORKER2
 COLLECTING SUBJECTS       35 TO       67 ON WORKER1
 Tot. mngr. proc.   Time for this  Iteration  (DDD:HH:MM:SS.DD) 000:00:00:00.00
 Total Load         Time for this  Iteration  (DDD:HH:MM:SS.DD) 000:00:00:00.00
 Total Computation  Time for this  Iteration  (DDD:HH:MM:SS.DD) 000:00:00:00.02
 Accum. mngr. proc. Time among all Iterations (DDD:HH:MM:SS.DD) 000:00:00:01.05
 Accumulated Load   Time among all Iterations (DDD:HH:MM:SS.DD) 000:00:00:00.14
 Accumulated Comp.  Time among all Iterations (DDD:HH:MM:SS.DD) 000:00:01:38.50
 Accumulated CPU    Time of present job       (DDD:HH:MM:SS.DD) 000:00:00:00.00
 
 ITERATION           41
 STARTING SUBJECTS          1 TO       34 ON MANAGER: OK
 STARTING SUBJECTS         35 TO       67 ON WORKER1: OK
 STARTING SUBJECTS         68 TO      100 ON WORKER2: OK
 COLLECTING SUBJECTS        1 TO       34 ON MANAGER
 COLLECTING SUBJECTS       68 TO      100 ON WORKER2
 COLLECTING SUBJECTS       35 TO       67 ON WORKER1
 Tot. mngr. proc.   Time for this  Iteration  (DDD:HH:MM:SS.DD) 000:00:00:00.00
 Total Load         Time for this  Iteration  (DDD:HH:MM:SS.DD) 000:00:00:00.00
 Total Computation  Time for this  Iteration  (DDD:HH:MM:SS.DD) 000:00:00:00.05
 Accum. mngr. proc. Time among all Iterations (DDD:HH:MM:SS.DD) 000:00:00:01.05
 Accumulated Load   Time among all Iterations (DDD:HH:MM:SS.DD) 000:00:00:00.14
 Accumulated Comp.  Time among all Iterations (DDD:HH:MM:SS.DD) 000:00:01:38.54
 Accumulated CPU    Time of present job       (DDD:HH:MM:SS.DD) 000:00:00:00.00
 
 ITERATION           42
 STARTING SUBJECTS          1 TO       34 ON MANAGER: OK
 STARTING SUBJECTS         35 TO       67 ON WORKER1: OK
 STARTING SUBJECTS         68 TO      100 ON WORKER2: OK
 COLLECTING SUBJECTS        1 TO       34 ON MANAGER
 COLLECTING SUBJECTS       35 TO       67 ON WORKER1
 COLLECTING SUBJECTS       68 TO      100 ON WORKER2
 Tot. mngr. proc.   Time for this  Iteration  (DDD:HH:MM:SS.DD) 000:00:00:00.00
 Total Load         Time for this  Iteration  (DDD:HH:MM:SS.DD) 000:00:00:00.00
 Total Computation  Time for this  Iteration  (DDD:HH:MM:SS.DD) 000:00:00:00.05
 Accum. mngr. proc. Time among all Iterations (DDD:HH:MM:SS.DD) 000:00:00:01.05
 Accumulated Load   Time among all Iterations (DDD:HH:MM:SS.DD) 000:00:00:00.14
 Accumulated Comp.  Time among all Iterations (DDD:HH:MM:SS.DD) 000:00:01:38.59
 Accumulated CPU    Time of present job       (DDD:HH:MM:SS.DD) 000:00:00:00.00
 
 ITERATION           43
 STARTING SUBJECTS          1 TO       34 ON MANAGER: OK
 STARTING SUBJECTS         35 TO       67 ON WORKER1: OK
 STARTING SUBJECTS         68 TO      100 ON WORKER2: OK
 COLLECTING SUBJECTS        1 TO       34 ON MANAGER
 COLLECTING SUBJECTS       68 TO      100 ON WORKER2
 COLLECTING SUBJECTS       35 TO       67 ON WORKER1
 Tot. mngr. proc.   Time for this  Iteration  (DDD:HH:MM:SS.DD) 000:00:00:00.00
 Total Load         Time for this  Iteration  (DDD:HH:MM:SS.DD) 000:00:00:00.00
 Total Computation  Time for this  Iteration  (DDD:HH:MM:SS.DD) 000:00:00:00.05
 Accum. mngr. proc. Time among all Iterations (DDD:HH:MM:SS.DD) 000:00:00:01.05
 Accumulated Load   Time among all Iterations (DDD:HH:MM:SS.DD) 000:00:00:00.14
 Accumulated Comp.  Time among all Iterations (DDD:HH:MM:SS.DD) 000:00:01:38.64
 Accumulated CPU    Time of present job       (DDD:HH:MM:SS.DD) 000:00:00:00.00
 
 ITERATION           44
 STARTING SUBJECTS          1 TO       34 ON MANAGER: OK
 STARTING SUBJECTS         35 TO       67 ON WORKER1: OK
 STARTING SUBJECTS         68 TO      100 ON WORKER2: OK
 COLLECTING SUBJECTS        1 TO       34 ON MANAGER
 COLLECTING SUBJECTS       35 TO       67 ON WORKER1
 COLLECTING SUBJECTS       68 TO      100 ON WORKER2
 Tot. mngr. proc.   Time for this  Iteration  (DDD:HH:MM:SS.DD) 000:00:00:00.00
 Total Load         Time for this  Iteration  (DDD:HH:MM:SS.DD) 000:00:00:00.00
 Total Computation  Time for this  Iteration  (DDD:HH:MM:SS.DD) 000:00:00:00.05
 Accum. mngr. proc. Time among all Iterations (DDD:HH:MM:SS.DD) 000:00:00:01.05
 Accumulated Load   Time among all Iterations (DDD:HH:MM:SS.DD) 000:00:00:00.14
 Accumulated Comp.  Time among all Iterations (DDD:HH:MM:SS.DD) 000:00:01:38.68
 Accumulated CPU    Time of present job       (DDD:HH:MM:SS.DD) 000:00:00:00.00
 
 ITERATION           45
 STARTING SUBJECTS          1 TO       34 ON MANAGER: OK
 STARTING SUBJECTS         35 TO       67 ON WORKER1: OK
 STARTING SUBJECTS         68 TO      100 ON WORKER2: OK
 COLLECTING SUBJECTS        1 TO       34 ON MANAGER
 COLLECTING SUBJECTS       68 TO      100 ON WORKER2
 COLLECTING SUBJECTS       35 TO       67 ON WORKER1
 Tot. mngr. proc.   Time for this  Iteration  (DDD:HH:MM:SS.DD) 000:00:00:00.00
 Total Load         Time for this  Iteration  (DDD:HH:MM:SS.DD) 000:00:00:00.00
 Total Computation  Time for this  Iteration  (DDD:HH:MM:SS.DD) 000:00:00:00.05
 Accum. mngr. proc. Time among all Iterations (DDD:HH:MM:SS.DD) 000:00:00:01.05
 Accumulated Load   Time among all Iterations (DDD:HH:MM:SS.DD) 000:00:00:00.14
 Accumulated Comp.  Time among all Iterations (DDD:HH:MM:SS.DD) 000:00:01:38.73
 Accumulated CPU    Time of present job       (DDD:HH:MM:SS.DD) 000:00:00:00.00
 
 ITERATION           46
 STARTING SUBJECTS          1 TO       34 ON MANAGER: OK
 STARTING SUBJECTS         35 TO       67 ON WORKER1: OK
 STARTING SUBJECTS         68 TO      100 ON WORKER2: OK
 COLLECTING SUBJECTS        1 TO       34 ON MANAGER
 COLLECTING SUBJECTS       68 TO      100 ON WORKER2
 COLLECTING SUBJECTS       35 TO       67 ON WORKER1
 Tot. mngr. proc.   Time for this  Iteration  (DDD:HH:MM:SS.DD) 000:00:00:00.00
 Total Load         Time for this  Iteration  (DDD:HH:MM:SS.DD) 000:00:00:00.00
 Total Computation  Time for this  Iteration  (DDD:HH:MM:SS.DD) 000:00:00:00.05
 Accum. mngr. proc. Time among all Iterations (DDD:HH:MM:SS.DD) 000:00:00:01.05
 Accumulated Load   Time among all Iterations (DDD:HH:MM:SS.DD) 000:00:00:00.14
 Accumulated Comp.  Time among all Iterations (DDD:HH:MM:SS.DD) 000:00:01:38.78
 Accumulated CPU    Time of present job       (DDD:HH:MM:SS.DD) 000:00:00:00.00
 
 ITERATION           47
 STARTING SUBJECTS          1 TO       34 ON MANAGER: OK
 STARTING SUBJECTS         35 TO       67 ON WORKER1: OK
 STARTING SUBJECTS         68 TO      100 ON WORKER2: OK
 COLLECTING SUBJECTS        1 TO       34 ON MANAGER
 COLLECTING SUBJECTS       35 TO       67 ON WORKER1
 COLLECTING SUBJECTS       68 TO      100 ON WORKER2
 Tot. mngr. proc.   Time for this  Iteration  (DDD:HH:MM:SS.DD) 000:00:00:00.00
 Total Load         Time for this  Iteration  (DDD:HH:MM:SS.DD) 000:00:00:00.00
 Total Computation  Time for this  Iteration  (DDD:HH:MM:SS.DD) 000:00:00:00.05
 Accum. mngr. proc. Time among all Iterations (DDD:HH:MM:SS.DD) 000:00:00:01.05
 Accumulated Load   Time among all Iterations (DDD:HH:MM:SS.DD) 000:00:00:00.14
 Accumulated Comp.  Time among all Iterations (DDD:HH:MM:SS.DD) 000:00:01:38.82
 Accumulated CPU    Time of present job       (DDD:HH:MM:SS.DD) 000:00:00:00.00
 
 ITERATION           48
 STARTING SUBJECTS          1 TO       34 ON MANAGER: OK
 STARTING SUBJECTS         35 TO       67 ON WORKER1: OK
 STARTING SUBJECTS         68 TO      100 ON WORKER2: OK
 COLLECTING SUBJECTS        1 TO       34 ON MANAGER
 COLLECTING SUBJECTS       68 TO      100 ON WORKER2
 COLLECTING SUBJECTS       35 TO       67 ON WORKER1
 Tot. mngr. proc.   Time for this  Iteration  (DDD:HH:MM:SS.DD) 000:00:00:00.02
 Total Load         Time for this  Iteration  (DDD:HH:MM:SS.DD) 000:00:00:00.00
 Total Computation  Time for this  Iteration  (DDD:HH:MM:SS.DD) 000:00:00:00.03
 Accum. mngr. proc. Time among all Iterations (DDD:HH:MM:SS.DD) 000:00:00:01.06
 Accumulated Load   Time among all Iterations (DDD:HH:MM:SS.DD) 000:00:00:00.14
 Accumulated Comp.  Time among all Iterations (DDD:HH:MM:SS.DD) 000:00:01:38.86
 Accumulated CPU    Time of present job       (DDD:HH:MM:SS.DD) 000:00:00:00.00
 
 ITERATION           49
 STARTING SUBJECTS          1 TO       34 ON MANAGER: OK
 STARTING SUBJECTS         35 TO       67 ON WORKER1: OK
 STARTING SUBJECTS         68 TO      100 ON WORKER2: OK
 COLLECTING SUBJECTS        1 TO       34 ON MANAGER
 COLLECTING SUBJECTS       68 TO      100 ON WORKER2
 COLLECTING SUBJECTS       35 TO       67 ON WORKER1
 Tot. mngr. proc.   Time for this  Iteration  (DDD:HH:MM:SS.DD) 000:00:00:00.02
 Total Load         Time for this  Iteration  (DDD:HH:MM:SS.DD) 000:00:00:00.00
 Total Computation  Time for this  Iteration  (DDD:HH:MM:SS.DD) 000:00:00:01.01
 Accum. mngr. proc. Time among all Iterations (DDD:HH:MM:SS.DD) 000:00:00:01.08
 Accumulated Load   Time among all Iterations (DDD:HH:MM:SS.DD) 000:00:00:00.14
 Accumulated Comp.  Time among all Iterations (DDD:HH:MM:SS.DD) 000:00:01:39.87
 Accumulated CPU    Time of present job       (DDD:HH:MM:SS.DD) 000:00:00:00.00
 
 ITERATION           50
 STARTING SUBJECTS          1 TO       34 ON MANAGER: OK
 STARTING SUBJECTS         35 TO       67 ON WORKER1: OK
 STARTING SUBJECTS         68 TO      100 ON WORKER2: OK
 COLLECTING SUBJECTS        1 TO       34 ON MANAGER
 COLLECTING SUBJECTS       68 TO      100 ON WORKER2
 COLLECTING SUBJECTS       35 TO       67 ON WORKER1
 Tot. mngr. proc.   Time for this  Iteration  (DDD:HH:MM:SS.DD) 000:00:00:00.00
 Total Load         Time for this  Iteration  (DDD:HH:MM:SS.DD) 000:00:00:00.00
 Total Computation  Time for this  Iteration  (DDD:HH:MM:SS.DD) 000:00:00:01.01
 Accum. mngr. proc. Time among all Iterations (DDD:HH:MM:SS.DD) 000:00:00:01.08
 Accumulated Load   Time among all Iterations (DDD:HH:MM:SS.DD) 000:00:00:00.14
 Accumulated Comp.  Time among all Iterations (DDD:HH:MM:SS.DD) 000:00:01:40.88
 Accumulated CPU    Time of present job       (DDD:HH:MM:SS.DD) 000:00:00:00.00
 
 ITERATION           51
 STARTING SUBJECTS          1 TO       34 ON MANAGER: OK
 STARTING SUBJECTS         35 TO       67 ON WORKER1: OK
 STARTING SUBJECTS         68 TO      100 ON WORKER2: OK
 COLLECTING SUBJECTS        1 TO       34 ON MANAGER
 COLLECTING SUBJECTS       68 TO      100 ON WORKER2
 COLLECTING SUBJECTS       35 TO       67 ON WORKER1
 Tot. mngr. proc.   Time for this  Iteration  (DDD:HH:MM:SS.DD) 000:00:00:00.02
 Total Load         Time for this  Iteration  (DDD:HH:MM:SS.DD) 000:00:00:00.02
 Total Computation  Time for this  Iteration  (DDD:HH:MM:SS.DD) 000:00:00:00.02
 Accum. mngr. proc. Time among all Iterations (DDD:HH:MM:SS.DD) 000:00:00:01.09
 Accumulated Load   Time among all Iterations (DDD:HH:MM:SS.DD) 000:00:00:00.16
 Accumulated Comp.  Time among all Iterations (DDD:HH:MM:SS.DD) 000:00:01:40.89
 Accumulated CPU    Time of present job       (DDD:HH:MM:SS.DD) 000:00:00:00.00
 
 ITERATION           52
 STARTING SUBJECTS          1 TO       34 ON MANAGER: OK
 STARTING SUBJECTS         35 TO       67 ON WORKER1: OK
 STARTING SUBJECTS         68 TO      100 ON WORKER2: OK
 COLLECTING SUBJECTS        1 TO       34 ON MANAGER
 COLLECTING SUBJECTS       68 TO      100 ON WORKER2
 COLLECTING SUBJECTS       35 TO       67 ON WORKER1
 Tot. mngr. proc.   Time for this  Iteration  (DDD:HH:MM:SS.DD) 000:00:00:00.02
 Total Load         Time for this  Iteration  (DDD:HH:MM:SS.DD) 000:00:00:00.00
 Total Computation  Time for this  Iteration  (DDD:HH:MM:SS.DD) 000:00:00:01.01
 Accum. mngr. proc. Time among all Iterations (DDD:HH:MM:SS.DD) 000:00:00:01.11
 Accumulated Load   Time among all Iterations (DDD:HH:MM:SS.DD) 000:00:00:00.16
 Accumulated Comp.  Time among all Iterations (DDD:HH:MM:SS.DD) 000:00:01:41.90
 Accumulated CPU    Time of present job       (DDD:HH:MM:SS.DD) 000:00:00:00.00
 
 ITERATION           53
 STARTING SUBJECTS          1 TO       34 ON MANAGER: OK
 STARTING SUBJECTS         35 TO       67 ON WORKER1: OK
 STARTING SUBJECTS         68 TO      100 ON WORKER2: OK
 COLLECTING SUBJECTS        1 TO       34 ON MANAGER
 COLLECTING SUBJECTS       68 TO      100 ON WORKER2
 COLLECTING SUBJECTS       35 TO       67 ON WORKER1
 Tot. mngr. proc.   Time for this  Iteration  (DDD:HH:MM:SS.DD) 000:00:00:00.00
 Total Load         Time for this  Iteration  (DDD:HH:MM:SS.DD) 000:00:00:00.00
 Total Computation  Time for this  Iteration  (DDD:HH:MM:SS.DD) 000:00:00:01.01
 Accum. mngr. proc. Time among all Iterations (DDD:HH:MM:SS.DD) 000:00:00:01.11
 Accumulated Load   Time among all Iterations (DDD:HH:MM:SS.DD) 000:00:00:00.16
 Accumulated Comp.  Time among all Iterations (DDD:HH:MM:SS.DD) 000:00:01:42.91
 Accumulated CPU    Time of present job       (DDD:HH:MM:SS.DD) 000:00:00:00.00
 
 ITERATION           54
 STARTING SUBJECTS          1 TO       34 ON MANAGER: OK
 STARTING SUBJECTS         35 TO       67 ON WORKER1: OK
 STARTING SUBJECTS         68 TO      100 ON WORKER2: OK
 COLLECTING SUBJECTS        1 TO       34 ON MANAGER
 COLLECTING SUBJECTS       68 TO      100 ON WORKER2
 COLLECTING SUBJECTS       35 TO       67 ON WORKER1
 Tot. mngr. proc.   Time for this  Iteration  (DDD:HH:MM:SS.DD) 000:00:00:00.02
 Total Load         Time for this  Iteration  (DDD:HH:MM:SS.DD) 000:00:00:00.02
 Total Computation  Time for this  Iteration  (DDD:HH:MM:SS.DD) 000:00:00:01.01
 Accum. mngr. proc. Time among all Iterations (DDD:HH:MM:SS.DD) 000:00:00:01.12
 Accumulated Load   Time among all Iterations (DDD:HH:MM:SS.DD) 000:00:00:00.17
 Accumulated Comp.  Time among all Iterations (DDD:HH:MM:SS.DD) 000:00:01:43.91
 Accumulated CPU    Time of present job       (DDD:HH:MM:SS.DD) 000:00:00:00.00
 
 ITERATION           55
 STARTING SUBJECTS          1 TO       34 ON MANAGER: OK
 STARTING SUBJECTS         35 TO       67 ON WORKER1: OK
 STARTING SUBJECTS         68 TO      100 ON WORKER2: OK
 COLLECTING SUBJECTS        1 TO       34 ON MANAGER
 COLLECTING SUBJECTS       68 TO      100 ON WORKER2
 COLLECTING SUBJECTS       35 TO       67 ON WORKER1
 Tot. mngr. proc.   Time for this  Iteration  (DDD:HH:MM:SS.DD) 000:00:00:00.00
 Total Load         Time for this  Iteration  (DDD:HH:MM:SS.DD) 000:00:00:00.00
 Total Computation  Time for this  Iteration  (DDD:HH:MM:SS.DD) 000:00:00:01.01
 Accum. mngr. proc. Time among all Iterations (DDD:HH:MM:SS.DD) 000:00:00:01.12
 Accumulated Load   Time among all Iterations (DDD:HH:MM:SS.DD) 000:00:00:00.17
 Accumulated Comp.  Time among all Iterations (DDD:HH:MM:SS.DD) 000:00:01:44.92
 Accumulated CPU    Time of present job       (DDD:HH:MM:SS.DD) 000:00:00:00.00
 
 ITERATION           56
 STARTING SUBJECTS          1 TO       34 ON MANAGER: OK
 STARTING SUBJECTS         35 TO       67 ON WORKER1: OK
 STARTING SUBJECTS         68 TO      100 ON WORKER2: OK
 COLLECTING SUBJECTS        1 TO       34 ON MANAGER
 COLLECTING SUBJECTS       68 TO      100 ON WORKER2
 COLLECTING SUBJECTS       35 TO       67 ON WORKER1
 Tot. mngr. proc.   Time for this  Iteration  (DDD:HH:MM:SS.DD) 000:00:00:00.00
 Total Load         Time for this  Iteration  (DDD:HH:MM:SS.DD) 000:00:00:00.00
 Total Computation  Time for this  Iteration  (DDD:HH:MM:SS.DD) 000:00:00:00.05
 Accum. mngr. proc. Time among all Iterations (DDD:HH:MM:SS.DD) 000:00:00:01.12
 Accumulated Load   Time among all Iterations (DDD:HH:MM:SS.DD) 000:00:00:00.17
 Accumulated Comp.  Time among all Iterations (DDD:HH:MM:SS.DD) 000:00:01:44.96
 Accumulated CPU    Time of present job       (DDD:HH:MM:SS.DD) 000:00:00:00.00
 
 ITERATION           57
 STARTING SUBJECTS          1 TO       34 ON MANAGER: OK
 STARTING SUBJECTS         35 TO       67 ON WORKER1: OK
 STARTING SUBJECTS         68 TO      100 ON WORKER2: OK
 COLLECTING SUBJECTS        1 TO       34 ON MANAGER
 COLLECTING SUBJECTS       35 TO       67 ON WORKER1
 COLLECTING SUBJECTS       68 TO      100 ON WORKER2
 Tot. mngr. proc.   Time for this  Iteration  (DDD:HH:MM:SS.DD) 000:00:00:00.00
 Total Load         Time for this  Iteration  (DDD:HH:MM:SS.DD) 000:00:00:00.00
 Total Computation  Time for this  Iteration  (DDD:HH:MM:SS.DD) 000:00:00:00.06
 Accum. mngr. proc. Time among all Iterations (DDD:HH:MM:SS.DD) 000:00:00:01.12
 Accumulated Load   Time among all Iterations (DDD:HH:MM:SS.DD) 000:00:00:00.17
 Accumulated Comp.  Time among all Iterations (DDD:HH:MM:SS.DD) 000:00:01:45.03
 Accumulated CPU    Time of present job       (DDD:HH:MM:SS.DD) 000:00:00:00.00
 
 ITERATION           58
 STARTING SUBJECTS          1 TO       33 ON MANAGER: OK
 STARTING SUBJECTS         34 TO       67 ON WORKER1: OK
 STARTING SUBJECTS         68 TO      100 ON WORKER2: OK
 COLLECTING SUBJECTS        1 TO       33 ON MANAGER
 COLLECTING SUBJECTS       68 TO      100 ON WORKER2
 COLLECTING SUBJECTS       34 TO       67 ON WORKER1
 Tot. mngr. proc.   Time for this  Iteration  (DDD:HH:MM:SS.DD) 000:00:00:00.00
 Total Load         Time for this  Iteration  (DDD:HH:MM:SS.DD) 000:00:00:00.00
 Total Computation  Time for this  Iteration  (DDD:HH:MM:SS.DD) 000:00:00:00.05
 Accum. mngr. proc. Time among all Iterations (DDD:HH:MM:SS.DD) 000:00:00:01.12
 Accumulated Load   Time among all Iterations (DDD:HH:MM:SS.DD) 000:00:00:00.17
 Accumulated Comp.  Time among all Iterations (DDD:HH:MM:SS.DD) 000:00:01:45.07
 Accumulated CPU    Time of present job       (DDD:HH:MM:SS.DD) 000:00:00:00.00
 
 ITERATION           59
 STARTING SUBJECTS          1 TO       34 ON MANAGER: OK
 STARTING SUBJECTS         35 TO       67 ON WORKER1: OK
 STARTING SUBJECTS         68 TO      100 ON WORKER2: OK
 COLLECTING SUBJECTS        1 TO       34 ON MANAGER
 COLLECTING SUBJECTS       68 TO      100 ON WORKER2
 COLLECTING SUBJECTS       35 TO       67 ON WORKER1
 Tot. mngr. proc.   Time for this  Iteration  (DDD:HH:MM:SS.DD) 000:00:00:00.00
 Total Load         Time for this  Iteration  (DDD:HH:MM:SS.DD) 000:00:00:00.00
 Total Computation  Time for this  Iteration  (DDD:HH:MM:SS.DD) 000:00:00:00.05
 Accum. mngr. proc. Time among all Iterations (DDD:HH:MM:SS.DD) 000:00:00:01.12
 Accumulated Load   Time among all Iterations (DDD:HH:MM:SS.DD) 000:00:00:00.17
 Accumulated Comp.  Time among all Iterations (DDD:HH:MM:SS.DD) 000:00:01:45.12
 Accumulated CPU    Time of present job       (DDD:HH:MM:SS.DD) 000:00:00:00.00
 
 ITERATION           60
 STARTING SUBJECTS          1 TO       34 ON MANAGER: OK
 STARTING SUBJECTS         35 TO       67 ON WORKER1: OK
 STARTING SUBJECTS         68 TO      100 ON WORKER2: OK
 COLLECTING SUBJECTS        1 TO       34 ON MANAGER
 COLLECTING SUBJECTS       35 TO       67 ON WORKER1
 COLLECTING SUBJECTS       68 TO      100 ON WORKER2
 Tot. mngr. proc.   Time for this  Iteration  (DDD:HH:MM:SS.DD) 000:00:00:00.00
 Total Load         Time for this  Iteration  (DDD:HH:MM:SS.DD) 000:00:00:00.00
 Total Computation  Time for this  Iteration  (DDD:HH:MM:SS.DD) 000:00:00:00.05
 Accum. mngr. proc. Time among all Iterations (DDD:HH:MM:SS.DD) 000:00:00:01.12
 Accumulated Load   Time among all Iterations (DDD:HH:MM:SS.DD) 000:00:00:00.17
 Accumulated Comp.  Time among all Iterations (DDD:HH:MM:SS.DD) 000:00:01:45.17
 Accumulated CPU    Time of present job       (DDD:HH:MM:SS.DD) 000:00:00:00.00
 
 ITERATION           61
 STARTING SUBJECTS          1 TO       34 ON MANAGER: OK
 STARTING SUBJECTS         35 TO       67 ON WORKER1: OK
 STARTING SUBJECTS         68 TO      100 ON WORKER2: OK
 COLLECTING SUBJECTS        1 TO       34 ON MANAGER
 COLLECTING SUBJECTS       35 TO       67 ON WORKER1
 COLLECTING SUBJECTS       68 TO      100 ON WORKER2
 Tot. mngr. proc.   Time for this  Iteration  (DDD:HH:MM:SS.DD) 000:00:00:00.00
 Total Load         Time for this  Iteration  (DDD:HH:MM:SS.DD) 000:00:00:00.00
 Total Computation  Time for this  Iteration  (DDD:HH:MM:SS.DD) 000:00:00:00.08
 Accum. mngr. proc. Time among all Iterations (DDD:HH:MM:SS.DD) 000:00:00:01.12
 Accumulated Load   Time among all Iterations (DDD:HH:MM:SS.DD) 000:00:00:00.17
 Accumulated Comp.  Time among all Iterations (DDD:HH:MM:SS.DD) 000:00:01:45.24
 Accumulated CPU    Time of present job       (DDD:HH:MM:SS.DD) 000:00:00:00.00
 
 ITERATION           62
 STARTING SUBJECTS          1 TO       34 ON MANAGER: OK
 STARTING SUBJECTS         35 TO       67 ON WORKER1: OK
 STARTING SUBJECTS         68 TO      100 ON WORKER2: OK
 COLLECTING SUBJECTS        1 TO       34 ON MANAGER
 COLLECTING SUBJECTS       35 TO       67 ON WORKER1
 COLLECTING SUBJECTS       68 TO      100 ON WORKER2
 Tot. mngr. proc.   Time for this  Iteration  (DDD:HH:MM:SS.DD) 000:00:00:00.02
 Total Load         Time for this  Iteration  (DDD:HH:MM:SS.DD) 000:00:00:00.00
 Total Computation  Time for this  Iteration  (DDD:HH:MM:SS.DD) 000:00:00:00.05
 Accum. mngr. proc. Time among all Iterations (DDD:HH:MM:SS.DD) 000:00:00:01.14
 Accumulated Load   Time among all Iterations (DDD:HH:MM:SS.DD) 000:00:00:00.17
 Accumulated Comp.  Time among all Iterations (DDD:HH:MM:SS.DD) 000:00:01:45.29
 Accumulated CPU    Time of present job       (DDD:HH:MM:SS.DD) 000:00:00:00.00
 
 ITERATION           63
 STARTING SUBJECTS          1 TO       34 ON MANAGER: OK
 STARTING SUBJECTS         35 TO       67 ON WORKER1: OK
 STARTING SUBJECTS         68 TO      100 ON WORKER2: OK
 COLLECTING SUBJECTS        1 TO       34 ON MANAGER
 COLLECTING SUBJECTS       68 TO      100 ON WORKER2
 COLLECTING SUBJECTS       35 TO       67 ON WORKER1
 Tot. mngr. proc.   Time for this  Iteration  (DDD:HH:MM:SS.DD) 000:00:00:00.00
 Total Load         Time for this  Iteration  (DDD:HH:MM:SS.DD) 000:00:00:00.00
 Total Computation  Time for this  Iteration  (DDD:HH:MM:SS.DD) 000:00:00:01.02
 Accum. mngr. proc. Time among all Iterations (DDD:HH:MM:SS.DD) 000:00:00:01.14
 Accumulated Load   Time among all Iterations (DDD:HH:MM:SS.DD) 000:00:00:00.17
 Accumulated Comp.  Time among all Iterations (DDD:HH:MM:SS.DD) 000:00:01:46.31
 Accumulated CPU    Time of present job       (DDD:HH:MM:SS.DD) 000:00:00:00.00
 
 ITERATION           64
 STARTING SUBJECTS          1 TO       34 ON MANAGER: OK
 STARTING SUBJECTS         35 TO       67 ON WORKER1: OK
 STARTING SUBJECTS         68 TO      100 ON WORKER2: OK
 COLLECTING SUBJECTS        1 TO       34 ON MANAGER
 COLLECTING SUBJECTS       68 TO      100 ON WORKER2
 COLLECTING SUBJECTS       35 TO       67 ON WORKER1
 Tot. mngr. proc.   Time for this  Iteration  (DDD:HH:MM:SS.DD) 000:00:00:00.02
 Total Load         Time for this  Iteration  (DDD:HH:MM:SS.DD) 000:00:00:00.00
 Total Computation  Time for this  Iteration  (DDD:HH:MM:SS.DD) 000:00:00:00.05
 Accum. mngr. proc. Time among all Iterations (DDD:HH:MM:SS.DD) 000:00:00:01.16
 Accumulated Load   Time among all Iterations (DDD:HH:MM:SS.DD) 000:00:00:00.17
 Accumulated Comp.  Time among all Iterations (DDD:HH:MM:SS.DD) 000:00:01:46.36
 Accumulated CPU    Time of present job       (DDD:HH:MM:SS.DD) 000:00:00:00.00
 
 ITERATION           65
 STARTING SUBJECTS          1 TO       34 ON MANAGER: OK
 STARTING SUBJECTS         35 TO       67 ON WORKER1: OK
 STARTING SUBJECTS         68 TO      100 ON WORKER2: OK
 COLLECTING SUBJECTS        1 TO       34 ON MANAGER
 COLLECTING SUBJECTS       35 TO       67 ON WORKER1
 COLLECTING SUBJECTS       68 TO      100 ON WORKER2
 Tot. mngr. proc.   Time for this  Iteration  (DDD:HH:MM:SS.DD) 000:00:00:00.00
 Total Load         Time for this  Iteration  (DDD:HH:MM:SS.DD) 000:00:00:00.00
 Total Computation  Time for this  Iteration  (DDD:HH:MM:SS.DD) 000:00:00:00.03
 Accum. mngr. proc. Time among all Iterations (DDD:HH:MM:SS.DD) 000:00:00:01.16
 Accumulated Load   Time among all Iterations (DDD:HH:MM:SS.DD) 000:00:00:00.17
 Accumulated Comp.  Time among all Iterations (DDD:HH:MM:SS.DD) 000:00:01:46.39
 Accumulated CPU    Time of present job       (DDD:HH:MM:SS.DD) 000:00:00:00.00
 
 ITERATION           66
 STARTING SUBJECTS          1 TO       34 ON MANAGER: OK
 STARTING SUBJECTS         35 TO       67 ON WORKER1: OK
 STARTING SUBJECTS         68 TO      100 ON WORKER2: OK
 COLLECTING SUBJECTS        1 TO       34 ON MANAGER
 COLLECTING SUBJECTS       68 TO      100 ON WORKER2
 COLLECTING SUBJECTS       35 TO       67 ON WORKER1
 Tot. mngr. proc.   Time for this  Iteration  (DDD:HH:MM:SS.DD) 000:00:00:00.00
 Total Load         Time for this  Iteration  (DDD:HH:MM:SS.DD) 000:00:00:00.00
 Total Computation  Time for this  Iteration  (DDD:HH:MM:SS.DD) 000:00:00:00.05
 Accum. mngr. proc. Time among all Iterations (DDD:HH:MM:SS.DD) 000:00:00:01.16
 Accumulated Load   Time among all Iterations (DDD:HH:MM:SS.DD) 000:00:00:00.17
 Accumulated Comp.  Time among all Iterations (DDD:HH:MM:SS.DD) 000:00:01:46.43
 Accumulated CPU    Time of present job       (DDD:HH:MM:SS.DD) 000:00:00:00.00
 
 ITERATION           67
 STARTING SUBJECTS          1 TO       34 ON MANAGER: OK
 STARTING SUBJECTS         35 TO       67 ON WORKER1: OK
 STARTING SUBJECTS         68 TO      100 ON WORKER2: OK
 COLLECTING SUBJECTS        1 TO       34 ON MANAGER
 COLLECTING SUBJECTS       68 TO      100 ON WORKER2
 COLLECTING SUBJECTS       35 TO       67 ON WORKER1
 Tot. mngr. proc.   Time for this  Iteration  (DDD:HH:MM:SS.DD) 000:00:00:00.00
 Total Load         Time for this  Iteration  (DDD:HH:MM:SS.DD) 000:00:00:00.00
 Total Computation  Time for this  Iteration  (DDD:HH:MM:SS.DD) 000:00:00:00.05
 Accum. mngr. proc. Time among all Iterations (DDD:HH:MM:SS.DD) 000:00:00:01.16
 Accumulated Load   Time among all Iterations (DDD:HH:MM:SS.DD) 000:00:00:00.17
 Accumulated Comp.  Time among all Iterations (DDD:HH:MM:SS.DD) 000:00:01:46.48
 Accumulated CPU    Time of present job       (DDD:HH:MM:SS.DD) 000:00:00:00.00
 
 ITERATION           68
 STARTING SUBJECTS          1 TO       34 ON MANAGER: OK
 STARTING SUBJECTS         35 TO       67 ON WORKER1: OK
 STARTING SUBJECTS         68 TO      100 ON WORKER2: OK
 COLLECTING SUBJECTS        1 TO       34 ON MANAGER
 COLLECTING SUBJECTS       68 TO      100 ON WORKER2
 COLLECTING SUBJECTS       35 TO       67 ON WORKER1
 Tot. mngr. proc.   Time for this  Iteration  (DDD:HH:MM:SS.DD) 000:00:00:00.00
 Total Load         Time for this  Iteration  (DDD:HH:MM:SS.DD) 000:00:00:00.00
 Total Computation  Time for this  Iteration  (DDD:HH:MM:SS.DD) 000:00:00:00.05
 Accum. mngr. proc. Time among all Iterations (DDD:HH:MM:SS.DD) 000:00:00:01.16
 Accumulated Load   Time among all Iterations (DDD:HH:MM:SS.DD) 000:00:00:00.17
 Accumulated Comp.  Time among all Iterations (DDD:HH:MM:SS.DD) 000:00:01:46.53
 Accumulated CPU    Time of present job       (DDD:HH:MM:SS.DD) 000:00:00:00.00
 
 ITERATION           69
 STARTING SUBJECTS          1 TO       34 ON MANAGER: OK
 STARTING SUBJECTS         35 TO       67 ON WORKER1: OK
 STARTING SUBJECTS         68 TO      100 ON WORKER2: OK
 COLLECTING SUBJECTS        1 TO       34 ON MANAGER
 COLLECTING SUBJECTS       68 TO      100 ON WORKER2
 COLLECTING SUBJECTS       35 TO       67 ON WORKER1
 Tot. mngr. proc.   Time for this  Iteration  (DDD:HH:MM:SS.DD) 000:00:00:00.00
 Total Load         Time for this  Iteration  (DDD:HH:MM:SS.DD) 000:00:00:00.00
 Total Computation  Time for this  Iteration  (DDD:HH:MM:SS.DD) 000:00:00:00.05
 Accum. mngr. proc. Time among all Iterations (DDD:HH:MM:SS.DD) 000:00:00:01.16
 Accumulated Load   Time among all Iterations (DDD:HH:MM:SS.DD) 000:00:00:00.17
 Accumulated Comp.  Time among all Iterations (DDD:HH:MM:SS.DD) 000:00:01:46.57
 Accumulated CPU    Time of present job       (DDD:HH:MM:SS.DD) 000:00:00:00.00
 
 ITERATION           70
 STARTING SUBJECTS          1 TO       34 ON MANAGER: OK
 STARTING SUBJECTS         35 TO       67 ON WORKER1: OK
 STARTING SUBJECTS         68 TO      100 ON WORKER2: OK
 COLLECTING SUBJECTS        1 TO       34 ON MANAGER
 COLLECTING SUBJECTS       68 TO      100 ON WORKER2
 COLLECTING SUBJECTS       35 TO       67 ON WORKER1
 Tot. mngr. proc.   Time for this  Iteration  (DDD:HH:MM:SS.DD) 000:00:00:00.00
 Total Load         Time for this  Iteration  (DDD:HH:MM:SS.DD) 000:00:00:00.00
 Total Computation  Time for this  Iteration  (DDD:HH:MM:SS.DD) 000:00:00:00.05
 Accum. mngr. proc. Time among all Iterations (DDD:HH:MM:SS.DD) 000:00:00:01.16
 Accumulated Load   Time among all Iterations (DDD:HH:MM:SS.DD) 000:00:00:00.17
 Accumulated Comp.  Time among all Iterations (DDD:HH:MM:SS.DD) 000:00:01:46.62
 Accumulated CPU    Time of present job       (DDD:HH:MM:SS.DD) 000:00:00:00.00
 
 ITERATION           71
 STARTING SUBJECTS          1 TO       34 ON MANAGER: OK
 STARTING SUBJECTS         35 TO       67 ON WORKER1: OK
 STARTING SUBJECTS         68 TO      100 ON WORKER2: OK
 COLLECTING SUBJECTS        1 TO       34 ON MANAGER
 COLLECTING SUBJECTS       68 TO      100 ON WORKER2
 COLLECTING SUBJECTS       35 TO       67 ON WORKER1
 Tot. mngr. proc.   Time for this  Iteration  (DDD:HH:MM:SS.DD) 000:00:00:00.00
 Total Load         Time for this  Iteration  (DDD:HH:MM:SS.DD) 000:00:00:00.00
 Total Computation  Time for this  Iteration  (DDD:HH:MM:SS.DD) 000:00:00:00.05
 Accum. mngr. proc. Time among all Iterations (DDD:HH:MM:SS.DD) 000:00:00:01.16
 Accumulated Load   Time among all Iterations (DDD:HH:MM:SS.DD) 000:00:00:00.17
 Accumulated Comp.  Time among all Iterations (DDD:HH:MM:SS.DD) 000:00:01:46.67
 Accumulated CPU    Time of present job       (DDD:HH:MM:SS.DD) 000:00:00:00.00
 
 ITERATION           72
 STARTING SUBJECTS          1 TO       34 ON MANAGER: OK
 STARTING SUBJECTS         35 TO       67 ON WORKER1: OK
 STARTING SUBJECTS         68 TO      100 ON WORKER2: OK
 COLLECTING SUBJECTS        1 TO       34 ON MANAGER
 COLLECTING SUBJECTS       68 TO      100 ON WORKER2
 COLLECTING SUBJECTS       35 TO       67 ON WORKER1
 Tot. mngr. proc.   Time for this  Iteration  (DDD:HH:MM:SS.DD) 000:00:00:00.00
 Total Load         Time for this  Iteration  (DDD:HH:MM:SS.DD) 000:00:00:00.00
 Total Computation  Time for this  Iteration  (DDD:HH:MM:SS.DD) 000:00:00:00.05
 Accum. mngr. proc. Time among all Iterations (DDD:HH:MM:SS.DD) 000:00:00:01.16
 Accumulated Load   Time among all Iterations (DDD:HH:MM:SS.DD) 000:00:00:00.17
 Accumulated Comp.  Time among all Iterations (DDD:HH:MM:SS.DD) 000:00:01:46.71
 Accumulated CPU    Time of present job       (DDD:HH:MM:SS.DD) 000:00:00:00.00
 
 ITERATION           73
 STARTING SUBJECTS          1 TO       34 ON MANAGER: OK
 STARTING SUBJECTS         35 TO       67 ON WORKER1: OK
 STARTING SUBJECTS         68 TO      100 ON WORKER2: OK
 COLLECTING SUBJECTS        1 TO       34 ON MANAGER
 COLLECTING SUBJECTS       35 TO       67 ON WORKER1
 COLLECTING SUBJECTS       68 TO      100 ON WORKER2
 Tot. mngr. proc.   Time for this  Iteration  (DDD:HH:MM:SS.DD) 000:00:00:00.00
 Total Load         Time for this  Iteration  (DDD:HH:MM:SS.DD) 000:00:00:00.00
 Total Computation  Time for this  Iteration  (DDD:HH:MM:SS.DD) 000:00:00:00.05
 Accum. mngr. proc. Time among all Iterations (DDD:HH:MM:SS.DD) 000:00:00:01.16
 Accumulated Load   Time among all Iterations (DDD:HH:MM:SS.DD) 000:00:00:00.17
 Accumulated Comp.  Time among all Iterations (DDD:HH:MM:SS.DD) 000:00:01:46.76
 Accumulated CPU    Time of present job       (DDD:HH:MM:SS.DD) 000:00:00:00.00
 
 ITERATION           74
 STARTING SUBJECTS          1 TO       34 ON MANAGER: OK
 STARTING SUBJECTS         35 TO       67 ON WORKER1: OK
 STARTING SUBJECTS         68 TO      100 ON WORKER2: OK
 COLLECTING SUBJECTS        1 TO       34 ON MANAGER
 COLLECTING SUBJECTS       68 TO      100 ON WORKER2
 COLLECTING SUBJECTS       35 TO       67 ON WORKER1
 Tot. mngr. proc.   Time for this  Iteration  (DDD:HH:MM:SS.DD) 000:00:00:00.02
 Total Load         Time for this  Iteration  (DDD:HH:MM:SS.DD) 000:00:00:00.00
 Total Computation  Time for this  Iteration  (DDD:HH:MM:SS.DD) 000:00:00:00.05
 Accum. mngr. proc. Time among all Iterations (DDD:HH:MM:SS.DD) 000:00:00:01.17
 Accumulated Load   Time among all Iterations (DDD:HH:MM:SS.DD) 000:00:00:00.17
 Accumulated Comp.  Time among all Iterations (DDD:HH:MM:SS.DD) 000:00:01:46.81
 Accumulated CPU    Time of present job       (DDD:HH:MM:SS.DD) 000:00:00:00.00
 
 ITERATION           75
 STARTING SUBJECTS          1 TO       34 ON MANAGER: OK
 STARTING SUBJECTS         35 TO       67 ON WORKER1: OK
 STARTING SUBJECTS         68 TO      100 ON WORKER2: OK
 COLLECTING SUBJECTS        1 TO       34 ON MANAGER
 COLLECTING SUBJECTS       68 TO      100 ON WORKER2
 COLLECTING SUBJECTS       35 TO       67 ON WORKER1
 Tot. mngr. proc.   Time for this  Iteration  (DDD:HH:MM:SS.DD) 000:00:00:00.02
 Total Load         Time for this  Iteration  (DDD:HH:MM:SS.DD) 000:00:00:00.00
 Total Computation  Time for this  Iteration  (DDD:HH:MM:SS.DD) 000:00:00:01.02
 Accum. mngr. proc. Time among all Iterations (DDD:HH:MM:SS.DD) 000:00:00:01.19
 Accumulated Load   Time among all Iterations (DDD:HH:MM:SS.DD) 000:00:00:00.17
 Accumulated Comp.  Time among all Iterations (DDD:HH:MM:SS.DD) 000:00:01:47.83
 Accumulated CPU    Time of present job       (DDD:HH:MM:SS.DD) 000:00:00:00.00
 
 ITERATION           76
 STARTING SUBJECTS          1 TO       34 ON MANAGER: OK
 STARTING SUBJECTS         35 TO       67 ON WORKER1: OK
 STARTING SUBJECTS         68 TO      100 ON WORKER2: OK
 COLLECTING SUBJECTS        1 TO       34 ON MANAGER
 COLLECTING SUBJECTS       68 TO      100 ON WORKER2
 COLLECTING SUBJECTS       35 TO       67 ON WORKER1
 Tot. mngr. proc.   Time for this  Iteration  (DDD:HH:MM:SS.DD) 000:00:00:00.02
 Total Load         Time for this  Iteration  (DDD:HH:MM:SS.DD) 000:00:00:00.00
 Total Computation  Time for this  Iteration  (DDD:HH:MM:SS.DD) 000:00:00:01.02
 Accum. mngr. proc. Time among all Iterations (DDD:HH:MM:SS.DD) 000:00:00:01.20
 Accumulated Load   Time among all Iterations (DDD:HH:MM:SS.DD) 000:00:00:00.17
 Accumulated Comp.  Time among all Iterations (DDD:HH:MM:SS.DD) 000:00:01:48.84
 Accumulated CPU    Time of present job       (DDD:HH:MM:SS.DD) 000:00:00:00.00
 
 ITERATION           77
 STARTING SUBJECTS          1 TO       34 ON MANAGER: OK
 STARTING SUBJECTS         35 TO       67 ON WORKER1: OK
 STARTING SUBJECTS         68 TO      100 ON WORKER2: OK
 COLLECTING SUBJECTS        1 TO       34 ON MANAGER
 COLLECTING SUBJECTS       35 TO       67 ON WORKER1
 COLLECTING SUBJECTS       68 TO      100 ON WORKER2
 Tot. mngr. proc.   Time for this  Iteration  (DDD:HH:MM:SS.DD) 000:00:00:00.00
 Total Load         Time for this  Iteration  (DDD:HH:MM:SS.DD) 000:00:00:00.00
 Total Computation  Time for this  Iteration  (DDD:HH:MM:SS.DD) 000:00:00:01.02
 Accum. mngr. proc. Time among all Iterations (DDD:HH:MM:SS.DD) 000:00:00:01.20
 Accumulated Load   Time among all Iterations (DDD:HH:MM:SS.DD) 000:00:00:00.17
 Accumulated Comp.  Time among all Iterations (DDD:HH:MM:SS.DD) 000:00:01:49.86
 Accumulated CPU    Time of present job       (DDD:HH:MM:SS.DD) 000:00:00:00.00
 
 ITERATION           78
 STARTING SUBJECTS          1 TO       34 ON MANAGER: OK
 STARTING SUBJECTS         35 TO       67 ON WORKER1: OK
 STARTING SUBJECTS         68 TO      100 ON WORKER2: OK
 COLLECTING SUBJECTS        1 TO       34 ON MANAGER
 COLLECTING SUBJECTS       68 TO      100 ON WORKER2
 COLLECTING SUBJECTS       35 TO       67 ON WORKER1
 Tot. mngr. proc.   Time for this  Iteration  (DDD:HH:MM:SS.DD) 000:00:00:00.00
 Total Load         Time for this  Iteration  (DDD:HH:MM:SS.DD) 000:00:00:00.00
 Total Computation  Time for this  Iteration  (DDD:HH:MM:SS.DD) 000:00:00:00.02
 Accum. mngr. proc. Time among all Iterations (DDD:HH:MM:SS.DD) 000:00:00:01.20
 Accumulated Load   Time among all Iterations (DDD:HH:MM:SS.DD) 000:00:00:00.17
 Accumulated Comp.  Time among all Iterations (DDD:HH:MM:SS.DD) 000:00:01:49.87
 Accumulated CPU    Time of present job       (DDD:HH:MM:SS.DD) 000:00:00:00.00
 
 ITERATION           79
 STARTING SUBJECTS          1 TO       34 ON MANAGER: OK
 STARTING SUBJECTS         35 TO       67 ON WORKER1: OK
 STARTING SUBJECTS         68 TO      100 ON WORKER2: OK
 COLLECTING SUBJECTS        1 TO       34 ON MANAGER
 COLLECTING SUBJECTS       68 TO      100 ON WORKER2
 COLLECTING SUBJECTS       35 TO       67 ON WORKER1
 Tot. mngr. proc.   Time for this  Iteration  (DDD:HH:MM:SS.DD) 000:00:00:00.00
 Total Load         Time for this  Iteration  (DDD:HH:MM:SS.DD) 000:00:00:00.00
 Total Computation  Time for this  Iteration  (DDD:HH:MM:SS.DD) 000:00:00:01.01
 Accum. mngr. proc. Time among all Iterations (DDD:HH:MM:SS.DD) 000:00:00:01.20
 Accumulated Load   Time among all Iterations (DDD:HH:MM:SS.DD) 000:00:00:00.17
 Accumulated Comp.  Time among all Iterations (DDD:HH:MM:SS.DD) 000:00:01:50.88
 Accumulated CPU    Time of present job       (DDD:HH:MM:SS.DD) 000:00:00:00.00
 
 ITERATION           80
 STARTING SUBJECTS          1 TO       34 ON MANAGER: OK
 STARTING SUBJECTS         35 TO       67 ON WORKER1: OK
 STARTING SUBJECTS         68 TO      100 ON WORKER2: OK
 COLLECTING SUBJECTS        1 TO       34 ON MANAGER
 COLLECTING SUBJECTS       68 TO      100 ON WORKER2
 COLLECTING SUBJECTS       35 TO       67 ON WORKER1
 Tot. mngr. proc.   Time for this  Iteration  (DDD:HH:MM:SS.DD) 000:00:00:00.00
 Total Load         Time for this  Iteration  (DDD:HH:MM:SS.DD) 000:00:00:00.00
 Total Computation  Time for this  Iteration  (DDD:HH:MM:SS.DD) 000:00:00:00.02
 Accum. mngr. proc. Time among all Iterations (DDD:HH:MM:SS.DD) 000:00:00:01.20
 Accumulated Load   Time among all Iterations (DDD:HH:MM:SS.DD) 000:00:00:00.17
 Accumulated Comp.  Time among all Iterations (DDD:HH:MM:SS.DD) 000:00:01:50.90
 Accumulated CPU    Time of present job       (DDD:HH:MM:SS.DD) 000:00:00:00.00
 
 ITERATION           81
 STARTING SUBJECTS          1 TO       34 ON MANAGER: OK
 STARTING SUBJECTS         35 TO       67 ON WORKER1: OK
 STARTING SUBJECTS         68 TO      100 ON WORKER2: OK
 COLLECTING SUBJECTS        1 TO       34 ON MANAGER
 COLLECTING SUBJECTS       68 TO      100 ON WORKER2
 COLLECTING SUBJECTS       35 TO       67 ON WORKER1
 Tot. mngr. proc.   Time for this  Iteration  (DDD:HH:MM:SS.DD) 000:00:00:00.00
 Total Load         Time for this  Iteration  (DDD:HH:MM:SS.DD) 000:00:00:00.00
 Total Computation  Time for this  Iteration  (DDD:HH:MM:SS.DD) 000:00:00:00.03
 Accum. mngr. proc. Time among all Iterations (DDD:HH:MM:SS.DD) 000:00:00:01.20
 Accumulated Load   Time among all Iterations (DDD:HH:MM:SS.DD) 000:00:00:00.17
 Accumulated Comp.  Time among all Iterations (DDD:HH:MM:SS.DD) 000:00:01:50.93
 Accumulated CPU    Time of present job       (DDD:HH:MM:SS.DD) 000:00:00:00.00
 
 ITERATION           82
 STARTING SUBJECTS          1 TO       34 ON MANAGER: OK
 STARTING SUBJECTS         35 TO       67 ON WORKER1: OK
 STARTING SUBJECTS         68 TO      100 ON WORKER2: OK
 COLLECTING SUBJECTS        1 TO       34 ON MANAGER
 COLLECTING SUBJECTS       68 TO      100 ON WORKER2
 COLLECTING SUBJECTS       35 TO       67 ON WORKER1
 Tot. mngr. proc.   Time for this  Iteration  (DDD:HH:MM:SS.DD) 000:00:00:00.00
 Total Load         Time for this  Iteration  (DDD:HH:MM:SS.DD) 000:00:00:00.00
 Total Computation  Time for this  Iteration  (DDD:HH:MM:SS.DD) 000:00:00:00.02
 Accum. mngr. proc. Time among all Iterations (DDD:HH:MM:SS.DD) 000:00:00:01.20
 Accumulated Load   Time among all Iterations (DDD:HH:MM:SS.DD) 000:00:00:00.17
 Accumulated Comp.  Time among all Iterations (DDD:HH:MM:SS.DD) 000:00:01:50.94
 Accumulated CPU    Time of present job       (DDD:HH:MM:SS.DD) 000:00:00:00.00
 
 ITERATION           83
 STARTING SUBJECTS          1 TO       34 ON MANAGER: OK
 STARTING SUBJECTS         35 TO       67 ON WORKER1: OK
 STARTING SUBJECTS         68 TO      100 ON WORKER2: OK
 COLLECTING SUBJECTS        1 TO       34 ON MANAGER
 COLLECTING SUBJECTS       68 TO      100 ON WORKER2
 COLLECTING SUBJECTS       35 TO       67 ON WORKER1
 Tot. mngr. proc.   Time for this  Iteration  (DDD:HH:MM:SS.DD) 000:00:00:00.00
 Total Load         Time for this  Iteration  (DDD:HH:MM:SS.DD) 000:00:00:00.00
 Total Computation  Time for this  Iteration  (DDD:HH:MM:SS.DD) 000:00:00:00.03
 Accum. mngr. proc. Time among all Iterations (DDD:HH:MM:SS.DD) 000:00:00:01.20
 Accumulated Load   Time among all Iterations (DDD:HH:MM:SS.DD) 000:00:00:00.17
 Accumulated Comp.  Time among all Iterations (DDD:HH:MM:SS.DD) 000:00:01:50.97
 Accumulated CPU    Time of present job       (DDD:HH:MM:SS.DD) 000:00:00:00.00
 
 ITERATION           84
 STARTING SUBJECTS          1 TO       34 ON MANAGER: OK
 STARTING SUBJECTS         35 TO       67 ON WORKER1: OK
 STARTING SUBJECTS         68 TO      100 ON WORKER2: OK
 COLLECTING SUBJECTS        1 TO       34 ON MANAGER
 COLLECTING SUBJECTS       68 TO      100 ON WORKER2
 COLLECTING SUBJECTS       35 TO       67 ON WORKER1
 Tot. mngr. proc.   Time for this  Iteration  (DDD:HH:MM:SS.DD) 000:00:00:00.00
 Total Load         Time for this  Iteration  (DDD:HH:MM:SS.DD) 000:00:00:00.00
 Total Computation  Time for this  Iteration  (DDD:HH:MM:SS.DD) 000:00:00:00.05
 Accum. mngr. proc. Time among all Iterations (DDD:HH:MM:SS.DD) 000:00:00:01.20
 Accumulated Load   Time among all Iterations (DDD:HH:MM:SS.DD) 000:00:00:00.17
 Accumulated Comp.  Time among all Iterations (DDD:HH:MM:SS.DD) 000:00:01:51.02
 Accumulated CPU    Time of present job       (DDD:HH:MM:SS.DD) 000:00:00:00.00
 
 ITERATION           85
 STARTING SUBJECTS          1 TO       34 ON MANAGER: OK
 STARTING SUBJECTS         35 TO       67 ON WORKER1: OK
 STARTING SUBJECTS         68 TO      100 ON WORKER2: OK
 COLLECTING SUBJECTS        1 TO       34 ON MANAGER
 COLLECTING SUBJECTS       35 TO       67 ON WORKER1
 COLLECTING SUBJECTS       68 TO      100 ON WORKER2
 Tot. mngr. proc.   Time for this  Iteration  (DDD:HH:MM:SS.DD) 000:00:00:00.00
 Total Load         Time for this  Iteration  (DDD:HH:MM:SS.DD) 000:00:00:00.00
 Total Computation  Time for this  Iteration  (DDD:HH:MM:SS.DD) 000:00:00:00.03
 Accum. mngr. proc. Time among all Iterations (DDD:HH:MM:SS.DD) 000:00:00:01.20
 Accumulated Load   Time among all Iterations (DDD:HH:MM:SS.DD) 000:00:00:00.17
 Accumulated Comp.  Time among all Iterations (DDD:HH:MM:SS.DD) 000:00:01:51.05
 Accumulated CPU    Time of present job       (DDD:HH:MM:SS.DD) 000:00:00:00.00
 
 ITERATION           86
 STARTING SUBJECTS          1 TO       34 ON MANAGER: OK
 STARTING SUBJECTS         35 TO       67 ON WORKER1: OK
 STARTING SUBJECTS         68 TO      100 ON WORKER2: OK
 COLLECTING SUBJECTS        1 TO       34 ON MANAGER
 COLLECTING SUBJECTS       68 TO      100 ON WORKER2
 COLLECTING SUBJECTS       35 TO       67 ON WORKER1
 Tot. mngr. proc.   Time for this  Iteration  (DDD:HH:MM:SS.DD) 000:00:00:00.00
 Total Load         Time for this  Iteration  (DDD:HH:MM:SS.DD) 000:00:00:00.00
 Total Computation  Time for this  Iteration  (DDD:HH:MM:SS.DD) 000:00:00:00.05
 Accum. mngr. proc. Time among all Iterations (DDD:HH:MM:SS.DD) 000:00:00:01.20
 Accumulated Load   Time among all Iterations (DDD:HH:MM:SS.DD) 000:00:00:00.17
 Accumulated Comp.  Time among all Iterations (DDD:HH:MM:SS.DD) 000:00:01:51.10
 Accumulated CPU    Time of present job       (DDD:HH:MM:SS.DD) 000:00:00:00.00
 
 ITERATION           87
 STARTING SUBJECTS          1 TO       34 ON MANAGER: OK
 STARTING SUBJECTS         35 TO       67 ON WORKER1: OK
 STARTING SUBJECTS         68 TO      100 ON WORKER2: OK
 COLLECTING SUBJECTS        1 TO       34 ON MANAGER
 COLLECTING SUBJECTS       68 TO      100 ON WORKER2
 COLLECTING SUBJECTS       35 TO       67 ON WORKER1
 Tot. mngr. proc.   Time for this  Iteration  (DDD:HH:MM:SS.DD) 000:00:00:00.00
 Total Load         Time for this  Iteration  (DDD:HH:MM:SS.DD) 000:00:00:00.00
 Total Computation  Time for this  Iteration  (DDD:HH:MM:SS.DD) 000:00:00:00.05
 Accum. mngr. proc. Time among all Iterations (DDD:HH:MM:SS.DD) 000:00:00:01.20
 Accumulated Load   Time among all Iterations (DDD:HH:MM:SS.DD) 000:00:00:00.17
 Accumulated Comp.  Time among all Iterations (DDD:HH:MM:SS.DD) 000:00:01:51.15
 Accumulated CPU    Time of present job       (DDD:HH:MM:SS.DD) 000:00:00:00.00
 
 ITERATION           88
 STARTING SUBJECTS          1 TO       34 ON MANAGER: OK
 STARTING SUBJECTS         35 TO       67 ON WORKER1: OK
 STARTING SUBJECTS         68 TO      100 ON WORKER2: OK
 COLLECTING SUBJECTS        1 TO       34 ON MANAGER
 COLLECTING SUBJECTS       68 TO      100 ON WORKER2
 COLLECTING SUBJECTS       35 TO       67 ON WORKER1
 Tot. mngr. proc.   Time for this  Iteration  (DDD:HH:MM:SS.DD) 000:00:00:00.00
 Total Load         Time for this  Iteration  (DDD:HH:MM:SS.DD) 000:00:00:00.00
 Total Computation  Time for this  Iteration  (DDD:HH:MM:SS.DD) 000:00:00:00.05
 Accum. mngr. proc. Time among all Iterations (DDD:HH:MM:SS.DD) 000:00:00:01.20
 Accumulated Load   Time among all Iterations (DDD:HH:MM:SS.DD) 000:00:00:00.17
 Accumulated Comp.  Time among all Iterations (DDD:HH:MM:SS.DD) 000:00:01:51.19
 Accumulated CPU    Time of present job       (DDD:HH:MM:SS.DD) 000:00:00:00.00
 
 ITERATION           89
 STARTING SUBJECTS          1 TO       34 ON MANAGER: OK
 STARTING SUBJECTS         35 TO       67 ON WORKER1: OK
 STARTING SUBJECTS         68 TO      100 ON WORKER2: OK
 COLLECTING SUBJECTS        1 TO       34 ON MANAGER
 COLLECTING SUBJECTS       68 TO      100 ON WORKER2
 COLLECTING SUBJECTS       35 TO       67 ON WORKER1
 Tot. mngr. proc.   Time for this  Iteration  (DDD:HH:MM:SS.DD) 000:00:00:00.00
 Total Load         Time for this  Iteration  (DDD:HH:MM:SS.DD) 000:00:00:00.00
 Total Computation  Time for this  Iteration  (DDD:HH:MM:SS.DD) 000:00:00:00.05
 Accum. mngr. proc. Time among all Iterations (DDD:HH:MM:SS.DD) 000:00:00:01.20
 Accumulated Load   Time among all Iterations (DDD:HH:MM:SS.DD) 000:00:00:00.17
 Accumulated Comp.  Time among all Iterations (DDD:HH:MM:SS.DD) 000:00:01:51.24
 Accumulated CPU    Time of present job       (DDD:HH:MM:SS.DD) 000:00:00:00.00
 
 ITERATION           90
 STARTING SUBJECTS          1 TO       34 ON MANAGER: OK
 STARTING SUBJECTS         35 TO       67 ON WORKER1: OK
 STARTING SUBJECTS         68 TO      100 ON WORKER2: OK
 COLLECTING SUBJECTS        1 TO       34 ON MANAGER
 COLLECTING SUBJECTS       68 TO      100 ON WORKER2
 COLLECTING SUBJECTS       35 TO       67 ON WORKER1
 Tot. mngr. proc.   Time for this  Iteration  (DDD:HH:MM:SS.DD) 000:00:00:00.00
 Total Load         Time for this  Iteration  (DDD:HH:MM:SS.DD) 000:00:00:00.00
 Total Computation  Time for this  Iteration  (DDD:HH:MM:SS.DD) 000:00:00:00.05
 Accum. mngr. proc. Time among all Iterations (DDD:HH:MM:SS.DD) 000:00:00:01.20
 Accumulated Load   Time among all Iterations (DDD:HH:MM:SS.DD) 000:00:00:00.17
 Accumulated Comp.  Time among all Iterations (DDD:HH:MM:SS.DD) 000:00:01:51.29
 Accumulated CPU    Time of present job       (DDD:HH:MM:SS.DD) 000:00:00:00.00
 
 ITERATION           91
 STARTING SUBJECTS          1 TO       34 ON MANAGER: OK
 STARTING SUBJECTS         35 TO       67 ON WORKER1: OK
 STARTING SUBJECTS         68 TO      100 ON WORKER2: OK
 COLLECTING SUBJECTS        1 TO       34 ON MANAGER
 COLLECTING SUBJECTS       68 TO      100 ON WORKER2
 COLLECTING SUBJECTS       35 TO       67 ON WORKER1
 Tot. mngr. proc.   Time for this  Iteration  (DDD:HH:MM:SS.DD) 000:00:00:00.00
 Total Load         Time for this  Iteration  (DDD:HH:MM:SS.DD) 000:00:00:00.00
 Total Computation  Time for this  Iteration  (DDD:HH:MM:SS.DD) 000:00:00:00.05
 Accum. mngr. proc. Time among all Iterations (DDD:HH:MM:SS.DD) 000:00:00:01.20
 Accumulated Load   Time among all Iterations (DDD:HH:MM:SS.DD) 000:00:00:00.17
 Accumulated Comp.  Time among all Iterations (DDD:HH:MM:SS.DD) 000:00:01:51.33
 Accumulated CPU    Time of present job       (DDD:HH:MM:SS.DD) 000:00:00:00.00
 
 ITERATION           92
 STARTING SUBJECTS          1 TO       34 ON MANAGER: OK
 STARTING SUBJECTS         35 TO       67 ON WORKER1: OK
 STARTING SUBJECTS         68 TO      100 ON WORKER2: OK
 COLLECTING SUBJECTS        1 TO       34 ON MANAGER
 COLLECTING SUBJECTS       68 TO      100 ON WORKER2
 COLLECTING SUBJECTS       35 TO       67 ON WORKER1
 Tot. mngr. proc.   Time for this  Iteration  (DDD:HH:MM:SS.DD) 000:00:00:00.00
 Total Load         Time for this  Iteration  (DDD:HH:MM:SS.DD) 000:00:00:00.00
 Total Computation  Time for this  Iteration  (DDD:HH:MM:SS.DD) 000:00:00:00.05
 Accum. mngr. proc. Time among all Iterations (DDD:HH:MM:SS.DD) 000:00:00:01.20
 Accumulated Load   Time among all Iterations (DDD:HH:MM:SS.DD) 000:00:00:00.17
 Accumulated Comp.  Time among all Iterations (DDD:HH:MM:SS.DD) 000:00:01:51.38
 Accumulated CPU    Time of present job       (DDD:HH:MM:SS.DD) 000:00:00:00.00
 
 ITERATION           93
 STARTING SUBJECTS          1 TO       34 ON MANAGER: OK
 STARTING SUBJECTS         35 TO       67 ON WORKER1: OK
 STARTING SUBJECTS         68 TO      100 ON WORKER2: OK
 COLLECTING SUBJECTS        1 TO       34 ON MANAGER
 COLLECTING SUBJECTS       35 TO       67 ON WORKER1
 COLLECTING SUBJECTS       68 TO      100 ON WORKER2
 Tot. mngr. proc.   Time for this  Iteration  (DDD:HH:MM:SS.DD) 000:00:00:00.00
 Total Load         Time for this  Iteration  (DDD:HH:MM:SS.DD) 000:00:00:00.00
 Total Computation  Time for this  Iteration  (DDD:HH:MM:SS.DD) 000:00:00:00.03
 Accum. mngr. proc. Time among all Iterations (DDD:HH:MM:SS.DD) 000:00:00:01.20
 Accumulated Load   Time among all Iterations (DDD:HH:MM:SS.DD) 000:00:00:00.17
 Accumulated Comp.  Time among all Iterations (DDD:HH:MM:SS.DD) 000:00:01:51.41
 Accumulated CPU    Time of present job       (DDD:HH:MM:SS.DD) 000:00:00:00.00
 
 ITERATION           94
 STARTING SUBJECTS          1 TO       34 ON MANAGER: OK
 STARTING SUBJECTS         35 TO       67 ON WORKER1: OK
 STARTING SUBJECTS         68 TO      100 ON WORKER2: OK
 COLLECTING SUBJECTS        1 TO       34 ON MANAGER
 COLLECTING SUBJECTS       68 TO      100 ON WORKER2
 COLLECTING SUBJECTS       35 TO       67 ON WORKER1
 Tot. mngr. proc.   Time for this  Iteration  (DDD:HH:MM:SS.DD) 000:00:00:00.00
 Total Load         Time for this  Iteration  (DDD:HH:MM:SS.DD) 000:00:00:00.00
 Total Computation  Time for this  Iteration  (DDD:HH:MM:SS.DD) 000:00:00:00.02
 Accum. mngr. proc. Time among all Iterations (DDD:HH:MM:SS.DD) 000:00:00:01.20
 Accumulated Load   Time among all Iterations (DDD:HH:MM:SS.DD) 000:00:00:00.17
 Accumulated Comp.  Time among all Iterations (DDD:HH:MM:SS.DD) 000:00:01:51.43
 Accumulated CPU    Time of present job       (DDD:HH:MM:SS.DD) 000:00:00:00.00
 
 ITERATION           95
 STARTING SUBJECTS          1 TO       34 ON MANAGER: OK
 STARTING SUBJECTS         35 TO       67 ON WORKER1: OK
 STARTING SUBJECTS         68 TO      100 ON WORKER2: OK
 COLLECTING SUBJECTS        1 TO       34 ON MANAGER
 COLLECTING SUBJECTS       68 TO      100 ON WORKER2
 COLLECTING SUBJECTS       35 TO       67 ON WORKER1
 Tot. mngr. proc.   Time for this  Iteration  (DDD:HH:MM:SS.DD) 000:00:00:00.00
 Total Load         Time for this  Iteration  (DDD:HH:MM:SS.DD) 000:00:00:00.00
 Total Computation  Time for this  Iteration  (DDD:HH:MM:SS.DD) 000:00:00:00.05
 Accum. mngr. proc. Time among all Iterations (DDD:HH:MM:SS.DD) 000:00:00:01.20
 Accumulated Load   Time among all Iterations (DDD:HH:MM:SS.DD) 000:00:00:00.17
 Accumulated Comp.  Time among all Iterations (DDD:HH:MM:SS.DD) 000:00:01:51.47
 Accumulated CPU    Time of present job       (DDD:HH:MM:SS.DD) 000:00:00:00.00
 
 ITERATION           96
 STARTING SUBJECTS          1 TO       34 ON MANAGER: OK
 STARTING SUBJECTS         35 TO       67 ON WORKER1: OK
 STARTING SUBJECTS         68 TO      100 ON WORKER2: OK
 COLLECTING SUBJECTS        1 TO       34 ON MANAGER
 COLLECTING SUBJECTS       68 TO      100 ON WORKER2
 COLLECTING SUBJECTS       35 TO       67 ON WORKER1
 Tot. mngr. proc.   Time for this  Iteration  (DDD:HH:MM:SS.DD) 000:00:00:00.00
 Total Load         Time for this  Iteration  (DDD:HH:MM:SS.DD) 000:00:00:00.00
 Total Computation  Time for this  Iteration  (DDD:HH:MM:SS.DD) 000:00:00:00.02
 Accum. mngr. proc. Time among all Iterations (DDD:HH:MM:SS.DD) 000:00:00:01.20
 Accumulated Load   Time among all Iterations (DDD:HH:MM:SS.DD) 000:00:00:00.17
 Accumulated Comp.  Time among all Iterations (DDD:HH:MM:SS.DD) 000:00:01:51.49
 Accumulated CPU    Time of present job       (DDD:HH:MM:SS.DD) 000:00:00:00.00
 
 ITERATION           97
 STARTING SUBJECTS          1 TO       34 ON MANAGER: OK
 STARTING SUBJECTS         35 TO       67 ON WORKER1: OK
 STARTING SUBJECTS         68 TO      100 ON WORKER2: OK
 COLLECTING SUBJECTS        1 TO       34 ON MANAGER
 COLLECTING SUBJECTS       68 TO      100 ON WORKER2
 COLLECTING SUBJECTS       35 TO       67 ON WORKER1
 Tot. mngr. proc.   Time for this  Iteration  (DDD:HH:MM:SS.DD) 000:00:00:00.00
 Total Load         Time for this  Iteration  (DDD:HH:MM:SS.DD) 000:00:00:00.00
 Total Computation  Time for this  Iteration  (DDD:HH:MM:SS.DD) 000:00:00:00.02
 Accum. mngr. proc. Time among all Iterations (DDD:HH:MM:SS.DD) 000:00:00:01.20
 Accumulated Load   Time among all Iterations (DDD:HH:MM:SS.DD) 000:00:00:00.17
 Accumulated Comp.  Time among all Iterations (DDD:HH:MM:SS.DD) 000:00:01:51.51
 Accumulated CPU    Time of present job       (DDD:HH:MM:SS.DD) 000:00:00:00.00
 
 ITERATION           98
 STARTING SUBJECTS          1 TO       34 ON MANAGER: OK
 STARTING SUBJECTS         35 TO       67 ON WORKER1: OK
 STARTING SUBJECTS         68 TO      100 ON WORKER2: OK
 COLLECTING SUBJECTS        1 TO       34 ON MANAGER
 COLLECTING SUBJECTS       68 TO      100 ON WORKER2
 COLLECTING SUBJECTS       35 TO       67 ON WORKER1
 Tot. mngr. proc.   Time for this  Iteration  (DDD:HH:MM:SS.DD) 000:00:00:00.00
 Total Load         Time for this  Iteration  (DDD:HH:MM:SS.DD) 000:00:00:00.00
 Total Computation  Time for this  Iteration  (DDD:HH:MM:SS.DD) 000:00:00:00.05
 Accum. mngr. proc. Time among all Iterations (DDD:HH:MM:SS.DD) 000:00:00:01.20
 Accumulated Load   Time among all Iterations (DDD:HH:MM:SS.DD) 000:00:00:00.17
 Accumulated Comp.  Time among all Iterations (DDD:HH:MM:SS.DD) 000:00:01:51.55
 Accumulated CPU    Time of present job       (DDD:HH:MM:SS.DD) 000:00:00:00.00
 
 ITERATION           99
 STARTING SUBJECTS          1 TO       34 ON MANAGER: OK
 STARTING SUBJECTS         35 TO       67 ON WORKER1: OK
 STARTING SUBJECTS         68 TO      100 ON WORKER2: OK
 COLLECTING SUBJECTS        1 TO       34 ON MANAGER
 COLLECTING SUBJECTS       68 TO      100 ON WORKER2
 COLLECTING SUBJECTS       35 TO       67 ON WORKER1
 Tot. mngr. proc.   Time for this  Iteration  (DDD:HH:MM:SS.DD) 000:00:00:00.00
 Total Load         Time for this  Iteration  (DDD:HH:MM:SS.DD) 000:00:00:00.00
 Total Computation  Time for this  Iteration  (DDD:HH:MM:SS.DD) 000:00:00:00.03
 Accum. mngr. proc. Time among all Iterations (DDD:HH:MM:SS.DD) 000:00:00:01.20
 Accumulated Load   Time among all Iterations (DDD:HH:MM:SS.DD) 000:00:00:00.17
 Accumulated Comp.  Time among all Iterations (DDD:HH:MM:SS.DD) 000:00:01:51.58
 Accumulated CPU    Time of present job       (DDD:HH:MM:SS.DD) 000:00:00:00.00
 
 ITERATION          100
 STARTING SUBJECTS          1 TO       34 ON MANAGER: OK
 STARTING SUBJECTS         35 TO       67 ON WORKER1: OK
 STARTING SUBJECTS         68 TO      100 ON WORKER2: OK
 COLLECTING SUBJECTS        1 TO       34 ON MANAGER
 COLLECTING SUBJECTS       68 TO      100 ON WORKER2
 COLLECTING SUBJECTS       35 TO       67 ON WORKER1
 Tot. mngr. proc.   Time for this  Iteration  (DDD:HH:MM:SS.DD) 000:00:00:00.00
 Total Load         Time for this  Iteration  (DDD:HH:MM:SS.DD) 000:00:00:00.00
 Total Computation  Time for this  Iteration  (DDD:HH:MM:SS.DD) 000:00:00:00.05
 Accum. mngr. proc. Time among all Iterations (DDD:HH:MM:SS.DD) 000:00:00:01.20
 Accumulated Load   Time among all Iterations (DDD:HH:MM:SS.DD) 000:00:00:00.17
 Accumulated Comp.  Time among all Iterations (DDD:HH:MM:SS.DD) 000:00:01:51.63
 Accumulated CPU    Time of present job       (DDD:HH:MM:SS.DD) 000:00:00:00.00
 
 ITERATION          101
 STARTING SUBJECTS          1 TO       34 ON MANAGER: OK
 STARTING SUBJECTS         35 TO       67 ON WORKER1: OK
 STARTING SUBJECTS         68 TO      100 ON WORKER2: OK
 COLLECTING SUBJECTS        1 TO       34 ON MANAGER
 COLLECTING SUBJECTS       68 TO      100 ON WORKER2
 COLLECTING SUBJECTS       35 TO       67 ON WORKER1
 Tot. mngr. proc.   Time for this  Iteration  (DDD:HH:MM:SS.DD) 000:00:00:00.00
 Total Load         Time for this  Iteration  (DDD:HH:MM:SS.DD) 000:00:00:00.00
 Total Computation  Time for this  Iteration  (DDD:HH:MM:SS.DD) 000:00:00:01.02
 Accum. mngr. proc. Time among all Iterations (DDD:HH:MM:SS.DD) 000:00:00:01.20
 Accumulated Load   Time among all Iterations (DDD:HH:MM:SS.DD) 000:00:00:00.17
 Accumulated Comp.  Time among all Iterations (DDD:HH:MM:SS.DD) 000:00:01:52.65
 Accumulated CPU    Time of present job       (DDD:HH:MM:SS.DD) 000:00:00:00.00
 
 ITERATION          102
 STARTING SUBJECTS          1 TO       34 ON MANAGER: OK
 STARTING SUBJECTS         35 TO       67 ON WORKER1: OK
 STARTING SUBJECTS         68 TO      100 ON WORKER2: OK
 COLLECTING SUBJECTS        1 TO       34 ON MANAGER
 COLLECTING SUBJECTS       35 TO       67 ON WORKER1
 COLLECTING SUBJECTS       68 TO      100 ON WORKER2
 Tot. mngr. proc.   Time for this  Iteration  (DDD:HH:MM:SS.DD) 000:00:00:00.00
 Total Load         Time for this  Iteration  (DDD:HH:MM:SS.DD) 000:00:00:00.00
 Total Computation  Time for this  Iteration  (DDD:HH:MM:SS.DD) 000:00:00:00.02
 Accum. mngr. proc. Time among all Iterations (DDD:HH:MM:SS.DD) 000:00:00:01.20
 Accumulated Load   Time among all Iterations (DDD:HH:MM:SS.DD) 000:00:00:00.17
 Accumulated Comp.  Time among all Iterations (DDD:HH:MM:SS.DD) 000:00:01:52.66
 Accumulated CPU    Time of present job       (DDD:HH:MM:SS.DD) 000:00:00:00.00
 
 ITERATION          103
 STARTING SUBJECTS          1 TO       33 ON MANAGER: OK
 STARTING SUBJECTS         34 TO       67 ON WORKER1: OK
 STARTING SUBJECTS         68 TO      100 ON WORKER2: OK
 COLLECTING SUBJECTS        1 TO       33 ON MANAGER
 COLLECTING SUBJECTS       34 TO       67 ON WORKER1
 COLLECTING SUBJECTS       68 TO      100 ON WORKER2
 Tot. mngr. proc.   Time for this  Iteration  (DDD:HH:MM:SS.DD) 000:00:00:00.00
 Total Load         Time for this  Iteration  (DDD:HH:MM:SS.DD) 000:00:00:00.00
 Total Computation  Time for this  Iteration  (DDD:HH:MM:SS.DD) 000:00:00:00.03
 Accum. mngr. proc. Time among all Iterations (DDD:HH:MM:SS.DD) 000:00:00:01.20
 Accumulated Load   Time among all Iterations (DDD:HH:MM:SS.DD) 000:00:00:00.17
 Accumulated Comp.  Time among all Iterations (DDD:HH:MM:SS.DD) 000:00:01:52.69
 Accumulated CPU    Time of present job       (DDD:HH:MM:SS.DD) 000:00:00:00.00
 
 ITERATION          104
 STARTING SUBJECTS          1 TO       34 ON MANAGER: OK
 STARTING SUBJECTS         35 TO       67 ON WORKER1: OK
 STARTING SUBJECTS         68 TO      100 ON WORKER2: OK
 COLLECTING SUBJECTS        1 TO       34 ON MANAGER
 COLLECTING SUBJECTS       35 TO       67 ON WORKER1
 COLLECTING SUBJECTS       68 TO      100 ON WORKER2
 Tot. mngr. proc.   Time for this  Iteration  (DDD:HH:MM:SS.DD) 000:00:00:00.00
 Total Load         Time for this  Iteration  (DDD:HH:MM:SS.DD) 000:00:00:00.00
 Total Computation  Time for this  Iteration  (DDD:HH:MM:SS.DD) 000:00:00:00.05
 Accum. mngr. proc. Time among all Iterations (DDD:HH:MM:SS.DD) 000:00:00:01.20
 Accumulated Load   Time among all Iterations (DDD:HH:MM:SS.DD) 000:00:00:00.17
 Accumulated Comp.  Time among all Iterations (DDD:HH:MM:SS.DD) 000:00:01:52.74
 Accumulated CPU    Time of present job       (DDD:HH:MM:SS.DD) 000:00:00:00.00
 
 ITERATION          105
 STARTING SUBJECTS          1 TO       34 ON MANAGER: OK
 STARTING SUBJECTS         35 TO       67 ON WORKER1: OK
 STARTING SUBJECTS         68 TO      100 ON WORKER2: OK
 COLLECTING SUBJECTS        1 TO       34 ON MANAGER
 COLLECTING SUBJECTS       68 TO      100 ON WORKER2
 COLLECTING SUBJECTS       35 TO       67 ON WORKER1
 Tot. mngr. proc.   Time for this  Iteration  (DDD:HH:MM:SS.DD) 000:00:00:00.00
 Total Load         Time for this  Iteration  (DDD:HH:MM:SS.DD) 000:00:00:00.00
 Total Computation  Time for this  Iteration  (DDD:HH:MM:SS.DD) 000:00:00:00.05
 Accum. mngr. proc. Time among all Iterations (DDD:HH:MM:SS.DD) 000:00:00:01.20
 Accumulated Load   Time among all Iterations (DDD:HH:MM:SS.DD) 000:00:00:00.17
 Accumulated Comp.  Time among all Iterations (DDD:HH:MM:SS.DD) 000:00:01:52.79
 Accumulated CPU    Time of present job       (DDD:HH:MM:SS.DD) 000:00:00:00.00
 
 ITERATION          106
 STARTING SUBJECTS          1 TO       34 ON MANAGER: OK
 STARTING SUBJECTS         35 TO       67 ON WORKER1: OK
 STARTING SUBJECTS         68 TO      100 ON WORKER2: OK
 COLLECTING SUBJECTS        1 TO       34 ON MANAGER
 COLLECTING SUBJECTS       68 TO      100 ON WORKER2
 COLLECTING SUBJECTS       35 TO       67 ON WORKER1
 Tot. mngr. proc.   Time for this  Iteration  (DDD:HH:MM:SS.DD) 000:00:00:00.00
 Total Load         Time for this  Iteration  (DDD:HH:MM:SS.DD) 000:00:00:00.00
 Total Computation  Time for this  Iteration  (DDD:HH:MM:SS.DD) 000:00:00:00.05
 Accum. mngr. proc. Time among all Iterations (DDD:HH:MM:SS.DD) 000:00:00:01.20
 Accumulated Load   Time among all Iterations (DDD:HH:MM:SS.DD) 000:00:00:00.17
 Accumulated Comp.  Time among all Iterations (DDD:HH:MM:SS.DD) 000:00:01:52.83
 Accumulated CPU    Time of present job       (DDD:HH:MM:SS.DD) 000:00:00:00.00
 
 ITERATION          107
 STARTING SUBJECTS          1 TO       34 ON MANAGER: OK
 STARTING SUBJECTS         35 TO       67 ON WORKER1: OK
 STARTING SUBJECTS         68 TO      100 ON WORKER2: OK
 COLLECTING SUBJECTS        1 TO       34 ON MANAGER
 COLLECTING SUBJECTS       68 TO      100 ON WORKER2
 COLLECTING SUBJECTS       35 TO       67 ON WORKER1
 Tot. mngr. proc.   Time for this  Iteration  (DDD:HH:MM:SS.DD) 000:00:00:00.00
 Total Load         Time for this  Iteration  (DDD:HH:MM:SS.DD) 000:00:00:00.00
 Total Computation  Time for this  Iteration  (DDD:HH:MM:SS.DD) 000:00:00:00.05
 Accum. mngr. proc. Time among all Iterations (DDD:HH:MM:SS.DD) 000:00:00:01.20
 Accumulated Load   Time among all Iterations (DDD:HH:MM:SS.DD) 000:00:00:00.17
 Accumulated Comp.  Time among all Iterations (DDD:HH:MM:SS.DD) 000:00:01:52.88
 Accumulated CPU    Time of present job       (DDD:HH:MM:SS.DD) 000:00:00:00.00
 
 ITERATION          108
 STARTING SUBJECTS          1 TO       34 ON MANAGER: OK
 STARTING SUBJECTS         35 TO       67 ON WORKER1: OK
 STARTING SUBJECTS         68 TO      100 ON WORKER2: OK
 COLLECTING SUBJECTS        1 TO       34 ON MANAGER
 COLLECTING SUBJECTS       68 TO      100 ON WORKER2
 COLLECTING SUBJECTS       35 TO       67 ON WORKER1
 Tot. mngr. proc.   Time for this  Iteration  (DDD:HH:MM:SS.DD) 000:00:00:00.00
 Total Load         Time for this  Iteration  (DDD:HH:MM:SS.DD) 000:00:00:00.00
 Total Computation  Time for this  Iteration  (DDD:HH:MM:SS.DD) 000:00:00:00.05
 Accum. mngr. proc. Time among all Iterations (DDD:HH:MM:SS.DD) 000:00:00:01.20
 Accumulated Load   Time among all Iterations (DDD:HH:MM:SS.DD) 000:00:00:00.17
 Accumulated Comp.  Time among all Iterations (DDD:HH:MM:SS.DD) 000:00:01:52.93
 Accumulated CPU    Time of present job       (DDD:HH:MM:SS.DD) 000:00:00:00.00
 
 ITERATION          109
 STARTING SUBJECTS          1 TO       34 ON MANAGER: OK
 STARTING SUBJECTS         35 TO       67 ON WORKER1: OK
 STARTING SUBJECTS         68 TO      100 ON WORKER2: OK
 COLLECTING SUBJECTS        1 TO       34 ON MANAGER
 COLLECTING SUBJECTS       68 TO      100 ON WORKER2
 COLLECTING SUBJECTS       35 TO       67 ON WORKER1
 Tot. mngr. proc.   Time for this  Iteration  (DDD:HH:MM:SS.DD) 000:00:00:00.00
 Total Load         Time for this  Iteration  (DDD:HH:MM:SS.DD) 000:00:00:00.00
 Total Computation  Time for this  Iteration  (DDD:HH:MM:SS.DD) 000:00:00:00.05
 Accum. mngr. proc. Time among all Iterations (DDD:HH:MM:SS.DD) 000:00:00:01.20
 Accumulated Load   Time among all Iterations (DDD:HH:MM:SS.DD) 000:00:00:00.17
 Accumulated Comp.  Time among all Iterations (DDD:HH:MM:SS.DD) 000:00:01:52.98
 Accumulated CPU    Time of present job       (DDD:HH:MM:SS.DD) 000:00:00:00.00
 
 ITERATION          110
 STARTING SUBJECTS          1 TO       34 ON MANAGER: OK
 STARTING SUBJECTS         35 TO       67 ON WORKER1: OK
 STARTING SUBJECTS         68 TO      100 ON WORKER2: OK
 COLLECTING SUBJECTS        1 TO       34 ON MANAGER
 COLLECTING SUBJECTS       68 TO      100 ON WORKER2
 COLLECTING SUBJECTS       35 TO       67 ON WORKER1
 Tot. mngr. proc.   Time for this  Iteration  (DDD:HH:MM:SS.DD) 000:00:00:00.02
 Total Load         Time for this  Iteration  (DDD:HH:MM:SS.DD) 000:00:00:00.02
 Total Computation  Time for this  Iteration  (DDD:HH:MM:SS.DD) 000:00:00:01.02
 Accum. mngr. proc. Time among all Iterations (DDD:HH:MM:SS.DD) 000:00:00:01.22
 Accumulated Load   Time among all Iterations (DDD:HH:MM:SS.DD) 000:00:00:00.19
 Accumulated Comp.  Time among all Iterations (DDD:HH:MM:SS.DD) 000:00:01:53.99
 Accumulated CPU    Time of present job       (DDD:HH:MM:SS.DD) 000:00:00:00.00
 
 ITERATION          111
 STARTING SUBJECTS          1 TO       34 ON MANAGER: OK
 STARTING SUBJECTS         35 TO       67 ON WORKER1: OK
 STARTING SUBJECTS         68 TO      100 ON WORKER2: OK
 COLLECTING SUBJECTS        1 TO       34 ON MANAGER
 COLLECTING SUBJECTS       68 TO      100 ON WORKER2
 COLLECTING SUBJECTS       35 TO       67 ON WORKER1
 Tot. mngr. proc.   Time for this  Iteration  (DDD:HH:MM:SS.DD) 000:00:00:00.02
 Total Load         Time for this  Iteration  (DDD:HH:MM:SS.DD) 000:00:00:00.00
 Total Computation  Time for this  Iteration  (DDD:HH:MM:SS.DD) 000:00:00:01.02
 Accum. mngr. proc. Time among all Iterations (DDD:HH:MM:SS.DD) 000:00:00:01.23
 Accumulated Load   Time among all Iterations (DDD:HH:MM:SS.DD) 000:00:00:00.19
 Accumulated Comp.  Time among all Iterations (DDD:HH:MM:SS.DD) 000:00:01:55.01
 Accumulated CPU    Time of present job       (DDD:HH:MM:SS.DD) 000:00:00:00.00
 
 ITERATION          112
 STARTING SUBJECTS          1 TO       34 ON MANAGER: OK
 STARTING SUBJECTS         35 TO       67 ON WORKER1: OK
 STARTING SUBJECTS         68 TO      100 ON WORKER2: OK
 COLLECTING SUBJECTS        1 TO       34 ON MANAGER
 COLLECTING SUBJECTS       68 TO      100 ON WORKER2
 COLLECTING SUBJECTS       35 TO       67 ON WORKER1
 Tot. mngr. proc.   Time for this  Iteration  (DDD:HH:MM:SS.DD) 000:00:00:00.02
 Total Load         Time for this  Iteration  (DDD:HH:MM:SS.DD) 000:00:00:00.00
 Total Computation  Time for this  Iteration  (DDD:HH:MM:SS.DD) 000:00:00:01.02
 Accum. mngr. proc. Time among all Iterations (DDD:HH:MM:SS.DD) 000:00:00:01.25
 Accumulated Load   Time among all Iterations (DDD:HH:MM:SS.DD) 000:00:00:00.19
 Accumulated Comp.  Time among all Iterations (DDD:HH:MM:SS.DD) 000:00:01:56.03
 Accumulated CPU    Time of present job       (DDD:HH:MM:SS.DD) 000:00:00:00.00
 
 ITERATION          113
 STARTING SUBJECTS          1 TO       34 ON MANAGER: OK
 STARTING SUBJECTS         35 TO       67 ON WORKER1: OK
 STARTING SUBJECTS         68 TO      100 ON WORKER2: OK
 COLLECTING SUBJECTS        1 TO       34 ON MANAGER
 COLLECTING SUBJECTS       68 TO      100 ON WORKER2
 COLLECTING SUBJECTS       35 TO       67 ON WORKER1
 Tot. mngr. proc.   Time for this  Iteration  (DDD:HH:MM:SS.DD) 000:00:00:00.02
 Total Load         Time for this  Iteration  (DDD:HH:MM:SS.DD) 000:00:00:00.00
 Total Computation  Time for this  Iteration  (DDD:HH:MM:SS.DD) 000:00:00:01.02
 Accum. mngr. proc. Time among all Iterations (DDD:HH:MM:SS.DD) 000:00:00:01.27
 Accumulated Load   Time among all Iterations (DDD:HH:MM:SS.DD) 000:00:00:00.19
 Accumulated Comp.  Time among all Iterations (DDD:HH:MM:SS.DD) 000:00:01:57.04
 Accumulated CPU    Time of present job       (DDD:HH:MM:SS.DD) 000:00:00:00.00
 
 ITERATION          114
 STARTING SUBJECTS          1 TO       34 ON MANAGER: OK
 STARTING SUBJECTS         35 TO       67 ON WORKER1: OK
 STARTING SUBJECTS         68 TO      100 ON WORKER2: OK
 COLLECTING SUBJECTS        1 TO       34 ON MANAGER
 COLLECTING SUBJECTS       68 TO      100 ON WORKER2
 COLLECTING SUBJECTS       35 TO       67 ON WORKER1
 Tot. mngr. proc.   Time for this  Iteration  (DDD:HH:MM:SS.DD) 000:00:00:00.02
 Total Load         Time for this  Iteration  (DDD:HH:MM:SS.DD) 000:00:00:00.00
 Total Computation  Time for this  Iteration  (DDD:HH:MM:SS.DD) 000:00:00:01.02
 Accum. mngr. proc. Time among all Iterations (DDD:HH:MM:SS.DD) 000:00:00:01.28
 Accumulated Load   Time among all Iterations (DDD:HH:MM:SS.DD) 000:00:00:00.19
 Accumulated Comp.  Time among all Iterations (DDD:HH:MM:SS.DD) 000:00:01:58.06
 Accumulated CPU    Time of present job       (DDD:HH:MM:SS.DD) 000:00:00:00.00
 
 ITERATION          115
 STARTING SUBJECTS          1 TO       34 ON MANAGER: OK
 STARTING SUBJECTS         35 TO       67 ON WORKER1: OK
 STARTING SUBJECTS         68 TO      100 ON WORKER2: OK
 COLLECTING SUBJECTS        1 TO       34 ON MANAGER
 COLLECTING SUBJECTS       68 TO      100 ON WORKER2
 COLLECTING SUBJECTS       35 TO       67 ON WORKER1
 Tot. mngr. proc.   Time for this  Iteration  (DDD:HH:MM:SS.DD) 000:00:00:00.02
 Total Load         Time for this  Iteration  (DDD:HH:MM:SS.DD) 000:00:00:00.00
 Total Computation  Time for this  Iteration  (DDD:HH:MM:SS.DD) 000:00:00:01.02
 Accum. mngr. proc. Time among all Iterations (DDD:HH:MM:SS.DD) 000:00:00:01.30
 Accumulated Load   Time among all Iterations (DDD:HH:MM:SS.DD) 000:00:00:00.19
 Accumulated Comp.  Time among all Iterations (DDD:HH:MM:SS.DD) 000:00:01:59.08
 Accumulated CPU    Time of present job       (DDD:HH:MM:SS.DD) 000:00:00:00.00
 
 ITERATION          116
 STARTING SUBJECTS          1 TO       34 ON MANAGER: OK
 STARTING SUBJECTS         35 TO       67 ON WORKER1: OK
 STARTING SUBJECTS         68 TO      100 ON WORKER2: OK
 COLLECTING SUBJECTS        1 TO       34 ON MANAGER
 COLLECTING SUBJECTS       68 TO      100 ON WORKER2
 COLLECTING SUBJECTS       35 TO       67 ON WORKER1
 Tot. mngr. proc.   Time for this  Iteration  (DDD:HH:MM:SS.DD) 000:00:00:00.02
 Total Load         Time for this  Iteration  (DDD:HH:MM:SS.DD) 000:00:00:00.00
 Total Computation  Time for this  Iteration  (DDD:HH:MM:SS.DD) 000:00:00:01.02
 Accum. mngr. proc. Time among all Iterations (DDD:HH:MM:SS.DD) 000:00:00:01.31
 Accumulated Load   Time among all Iterations (DDD:HH:MM:SS.DD) 000:00:00:00.19
 Accumulated Comp.  Time among all Iterations (DDD:HH:MM:SS.DD) 000:00:02:00.09
 Accumulated CPU    Time of present job       (DDD:HH:MM:SS.DD) 000:00:00:00.00
 
 ITERATION          117
 STARTING SUBJECTS          1 TO       34 ON MANAGER: OK
 STARTING SUBJECTS         35 TO       67 ON WORKER1: OK
 STARTING SUBJECTS         68 TO      100 ON WORKER2: OK
 COLLECTING SUBJECTS        1 TO       34 ON MANAGER
 COLLECTING SUBJECTS       68 TO      100 ON WORKER2
 COLLECTING SUBJECTS       35 TO       67 ON WORKER1
 Tot. mngr. proc.   Time for this  Iteration  (DDD:HH:MM:SS.DD) 000:00:00:00.02
 Total Load         Time for this  Iteration  (DDD:HH:MM:SS.DD) 000:00:00:00.00
 Total Computation  Time for this  Iteration  (DDD:HH:MM:SS.DD) 000:00:00:01.02
 Accum. mngr. proc. Time among all Iterations (DDD:HH:MM:SS.DD) 000:00:00:01.33
 Accumulated Load   Time among all Iterations (DDD:HH:MM:SS.DD) 000:00:00:00.19
 Accumulated Comp.  Time among all Iterations (DDD:HH:MM:SS.DD) 000:00:02:01.11
 Accumulated CPU    Time of present job       (DDD:HH:MM:SS.DD) 000:00:00:00.00
 
 ITERATION          118
 STARTING SUBJECTS          1 TO       34 ON MANAGER: OK
 STARTING SUBJECTS         35 TO       67 ON WORKER1: OK
 STARTING SUBJECTS         68 TO      100 ON WORKER2: OK
 COLLECTING SUBJECTS        1 TO       34 ON MANAGER
 COLLECTING SUBJECTS       68 TO      100 ON WORKER2
 COLLECTING SUBJECTS       35 TO       67 ON WORKER1
 Tot. mngr. proc.   Time for this  Iteration  (DDD:HH:MM:SS.DD) 000:00:00:00.02
 Total Load         Time for this  Iteration  (DDD:HH:MM:SS.DD) 000:00:00:00.00
 Total Computation  Time for this  Iteration  (DDD:HH:MM:SS.DD) 000:00:00:01.02
 Accum. mngr. proc. Time among all Iterations (DDD:HH:MM:SS.DD) 000:00:00:01.34
 Accumulated Load   Time among all Iterations (DDD:HH:MM:SS.DD) 000:00:00:00.19
 Accumulated Comp.  Time among all Iterations (DDD:HH:MM:SS.DD) 000:00:02:02.13
 Accumulated CPU    Time of present job       (DDD:HH:MM:SS.DD) 000:00:00:00.00
 
 ITERATION          119
 STARTING SUBJECTS          1 TO       34 ON MANAGER: OK
 STARTING SUBJECTS         35 TO       67 ON WORKER1: OK
 STARTING SUBJECTS         68 TO      100 ON WORKER2: OK
 COLLECTING SUBJECTS        1 TO       34 ON MANAGER
 COLLECTING SUBJECTS       68 TO      100 ON WORKER2
 COLLECTING SUBJECTS       35 TO       67 ON WORKER1
 Tot. mngr. proc.   Time for this  Iteration  (DDD:HH:MM:SS.DD) 000:00:00:00.02
 Total Load         Time for this  Iteration  (DDD:HH:MM:SS.DD) 000:00:00:00.00
 Total Computation  Time for this  Iteration  (DDD:HH:MM:SS.DD) 000:00:00:01.02
 Accum. mngr. proc. Time among all Iterations (DDD:HH:MM:SS.DD) 000:00:00:01.36
 Accumulated Load   Time among all Iterations (DDD:HH:MM:SS.DD) 000:00:00:00.19
 Accumulated Comp.  Time among all Iterations (DDD:HH:MM:SS.DD) 000:00:02:03.14
 Accumulated CPU    Time of present job       (DDD:HH:MM:SS.DD) 000:00:00:00.00
 
 ITERATION          120
 STARTING SUBJECTS          1 TO       34 ON MANAGER: OK
 STARTING SUBJECTS         35 TO       67 ON WORKER1: OK
 STARTING SUBJECTS         68 TO      100 ON WORKER2: OK
 COLLECTING SUBJECTS        1 TO       34 ON MANAGER
 COLLECTING SUBJECTS       68 TO      100 ON WORKER2
 COLLECTING SUBJECTS       35 TO       67 ON WORKER1
 Tot. mngr. proc.   Time for this  Iteration  (DDD:HH:MM:SS.DD) 000:00:00:00.00
 Total Load         Time for this  Iteration  (DDD:HH:MM:SS.DD) 000:00:00:00.00
 Total Computation  Time for this  Iteration  (DDD:HH:MM:SS.DD) 000:00:00:01.02
 Accum. mngr. proc. Time among all Iterations (DDD:HH:MM:SS.DD) 000:00:00:01.36
 Accumulated Load   Time among all Iterations (DDD:HH:MM:SS.DD) 000:00:00:00.19
 Accumulated Comp.  Time among all Iterations (DDD:HH:MM:SS.DD) 000:00:02:04.16
 Accumulated CPU    Time of present job       (DDD:HH:MM:SS.DD) 000:00:00:00.00
 
 ITERATION          121
 STARTING SUBJECTS          1 TO       34 ON MANAGER: OK
 STARTING SUBJECTS         35 TO       67 ON WORKER1: OK
 STARTING SUBJECTS         68 TO      100 ON WORKER2: OK
 COLLECTING SUBJECTS        1 TO       34 ON MANAGER
 COLLECTING SUBJECTS       68 TO      100 ON WORKER2
 COLLECTING SUBJECTS       35 TO       67 ON WORKER1
 Tot. mngr. proc.   Time for this  Iteration  (DDD:HH:MM:SS.DD) 000:00:00:00.02
 Total Load         Time for this  Iteration  (DDD:HH:MM:SS.DD) 000:00:00:00.02
 Total Computation  Time for this  Iteration  (DDD:HH:MM:SS.DD) 000:00:00:01.02
 Accum. mngr. proc. Time among all Iterations (DDD:HH:MM:SS.DD) 000:00:00:01.38
 Accumulated Load   Time among all Iterations (DDD:HH:MM:SS.DD) 000:00:00:00.20
 Accumulated Comp.  Time among all Iterations (DDD:HH:MM:SS.DD) 000:00:02:05.18
 Accumulated CPU    Time of present job       (DDD:HH:MM:SS.DD) 000:00:00:00.00
 
 ITERATION          122
 STARTING SUBJECTS          1 TO       34 ON MANAGER: OK
 STARTING SUBJECTS         35 TO       67 ON WORKER1: OK
 STARTING SUBJECTS         68 TO      100 ON WORKER2: OK
 COLLECTING SUBJECTS        1 TO       34 ON MANAGER
 COLLECTING SUBJECTS       35 TO       67 ON WORKER1
 COLLECTING SUBJECTS       68 TO      100 ON WORKER2
 Tot. mngr. proc.   Time for this  Iteration  (DDD:HH:MM:SS.DD) 000:00:00:00.00
 Total Load         Time for this  Iteration  (DDD:HH:MM:SS.DD) 000:00:00:00.00
 Total Computation  Time for this  Iteration  (DDD:HH:MM:SS.DD) 000:00:00:01.02
 Accum. mngr. proc. Time among all Iterations (DDD:HH:MM:SS.DD) 000:00:00:01.38
 Accumulated Load   Time among all Iterations (DDD:HH:MM:SS.DD) 000:00:00:00.20
 Accumulated Comp.  Time among all Iterations (DDD:HH:MM:SS.DD) 000:00:02:06.19
 Accumulated CPU    Time of present job       (DDD:HH:MM:SS.DD) 000:00:00:00.00
 
 ITERATION          123
 STARTING SUBJECTS          1 TO       34 ON MANAGER: OK
 STARTING SUBJECTS         35 TO       67 ON WORKER1: OK
 STARTING SUBJECTS         68 TO      100 ON WORKER2: OK
 COLLECTING SUBJECTS        1 TO       34 ON MANAGER
 COLLECTING SUBJECTS       35 TO       67 ON WORKER1
 COLLECTING SUBJECTS       68 TO      100 ON WORKER2
 Tot. mngr. proc.   Time for this  Iteration  (DDD:HH:MM:SS.DD) 000:00:00:00.00
 Total Load         Time for this  Iteration  (DDD:HH:MM:SS.DD) 000:00:00:00.00
 Total Computation  Time for this  Iteration  (DDD:HH:MM:SS.DD) 000:00:00:00.05
 Accum. mngr. proc. Time among all Iterations (DDD:HH:MM:SS.DD) 000:00:00:01.38
 Accumulated Load   Time among all Iterations (DDD:HH:MM:SS.DD) 000:00:00:00.20
 Accumulated Comp.  Time among all Iterations (DDD:HH:MM:SS.DD) 000:00:02:06.24
 Accumulated CPU    Time of present job       (DDD:HH:MM:SS.DD) 000:00:00:00.00
 
 ITERATION          124
 STARTING SUBJECTS          1 TO       34 ON MANAGER: OK
 STARTING SUBJECTS         35 TO       67 ON WORKER1: OK
 STARTING SUBJECTS         68 TO      100 ON WORKER2: OK
 COLLECTING SUBJECTS        1 TO       34 ON MANAGER
 COLLECTING SUBJECTS       35 TO       67 ON WORKER1
 COLLECTING SUBJECTS       68 TO      100 ON WORKER2
 Tot. mngr. proc.   Time for this  Iteration  (DDD:HH:MM:SS.DD) 000:00:00:00.02
 Total Load         Time for this  Iteration  (DDD:HH:MM:SS.DD) 000:00:00:00.00
 Total Computation  Time for this  Iteration  (DDD:HH:MM:SS.DD) 000:00:00:00.05
 Accum. mngr. proc. Time among all Iterations (DDD:HH:MM:SS.DD) 000:00:00:01.39
 Accumulated Load   Time among all Iterations (DDD:HH:MM:SS.DD) 000:00:00:00.20
 Accumulated Comp.  Time among all Iterations (DDD:HH:MM:SS.DD) 000:00:02:06.29
 Accumulated CPU    Time of present job       (DDD:HH:MM:SS.DD) 000:00:00:00.00
 
 ITERATION          125
 STARTING SUBJECTS          1 TO       34 ON MANAGER: OK
 STARTING SUBJECTS         35 TO       67 ON WORKER1: OK
 STARTING SUBJECTS         68 TO      100 ON WORKER2: OK
 COLLECTING SUBJECTS        1 TO       34 ON MANAGER
 COLLECTING SUBJECTS       35 TO       67 ON WORKER1
 COLLECTING SUBJECTS       68 TO      100 ON WORKER2
 Tot. mngr. proc.   Time for this  Iteration  (DDD:HH:MM:SS.DD) 000:00:00:00.00
 Total Load         Time for this  Iteration  (DDD:HH:MM:SS.DD) 000:00:00:00.00
 Total Computation  Time for this  Iteration  (DDD:HH:MM:SS.DD) 000:00:00:01.02
 Accum. mngr. proc. Time among all Iterations (DDD:HH:MM:SS.DD) 000:00:00:01.39
 Accumulated Load   Time among all Iterations (DDD:HH:MM:SS.DD) 000:00:00:00.20
 Accumulated Comp.  Time among all Iterations (DDD:HH:MM:SS.DD) 000:00:02:07.31
 Accumulated CPU    Time of present job       (DDD:HH:MM:SS.DD) 000:00:00:00.00
 
 ITERATION          126
 STARTING SUBJECTS          1 TO       34 ON MANAGER: OK
 STARTING SUBJECTS         35 TO       67 ON WORKER1: OK
 STARTING SUBJECTS         68 TO      100 ON WORKER2: OK
 COLLECTING SUBJECTS        1 TO       34 ON MANAGER
 COLLECTING SUBJECTS       68 TO      100 ON WORKER2
 COLLECTING SUBJECTS       35 TO       67 ON WORKER1
 Tot. mngr. proc.   Time for this  Iteration  (DDD:HH:MM:SS.DD) 000:00:00:00.02
 Total Load         Time for this  Iteration  (DDD:HH:MM:SS.DD) 000:00:00:00.02
 Total Computation  Time for this  Iteration  (DDD:HH:MM:SS.DD) 000:00:00:01.02
 Accum. mngr. proc. Time among all Iterations (DDD:HH:MM:SS.DD) 000:00:00:01.41
 Accumulated Load   Time among all Iterations (DDD:HH:MM:SS.DD) 000:00:00:00.22
 Accumulated Comp.  Time among all Iterations (DDD:HH:MM:SS.DD) 000:00:02:08.32
 Accumulated CPU    Time of present job       (DDD:HH:MM:SS.DD) 000:00:00:00.00
 
 ITERATION          127
 STARTING SUBJECTS          1 TO       34 ON MANAGER: OK
 STARTING SUBJECTS         35 TO       67 ON WORKER1: OK
 STARTING SUBJECTS         68 TO      100 ON WORKER2: OK
 COLLECTING SUBJECTS        1 TO       34 ON MANAGER
 COLLECTING SUBJECTS       68 TO      100 ON WORKER2
 COLLECTING SUBJECTS       35 TO       67 ON WORKER1
 Tot. mngr. proc.   Time for this  Iteration  (DDD:HH:MM:SS.DD) 000:00:00:00.00
 Total Load         Time for this  Iteration  (DDD:HH:MM:SS.DD) 000:00:00:00.00
 Total Computation  Time for this  Iteration  (DDD:HH:MM:SS.DD) 000:00:00:01.02
 Accum. mngr. proc. Time among all Iterations (DDD:HH:MM:SS.DD) 000:00:00:01.41
 Accumulated Load   Time among all Iterations (DDD:HH:MM:SS.DD) 000:00:00:00.22
 Accumulated Comp.  Time among all Iterations (DDD:HH:MM:SS.DD) 000:00:02:09.34
 Accumulated CPU    Time of present job       (DDD:HH:MM:SS.DD) 000:00:00:00.00
 
 ITERATION          128
 STARTING SUBJECTS          1 TO       34 ON MANAGER: OK
 STARTING SUBJECTS         35 TO       67 ON WORKER1: OK
 STARTING SUBJECTS         68 TO      100 ON WORKER2: OK
 COLLECTING SUBJECTS        1 TO       34 ON MANAGER
 COLLECTING SUBJECTS       68 TO      100 ON WORKER2
 COLLECTING SUBJECTS       35 TO       67 ON WORKER1
 Tot. mngr. proc.   Time for this  Iteration  (DDD:HH:MM:SS.DD) 000:00:00:00.00
 Total Load         Time for this  Iteration  (DDD:HH:MM:SS.DD) 000:00:00:00.02
 Total Computation  Time for this  Iteration  (DDD:HH:MM:SS.DD) 000:00:00:01.02
 Accum. mngr. proc. Time among all Iterations (DDD:HH:MM:SS.DD) 000:00:00:01.41
 Accumulated Load   Time among all Iterations (DDD:HH:MM:SS.DD) 000:00:00:00.23
 Accumulated Comp.  Time among all Iterations (DDD:HH:MM:SS.DD) 000:00:02:10.36
 Accumulated CPU    Time of present job       (DDD:HH:MM:SS.DD) 000:00:00:00.00
 
 ITERATION          129
 STARTING SUBJECTS          1 TO       34 ON MANAGER: OK
 STARTING SUBJECTS         35 TO       67 ON WORKER1: OK
 STARTING SUBJECTS         68 TO      100 ON WORKER2: OK
 COLLECTING SUBJECTS        1 TO       34 ON MANAGER
 COLLECTING SUBJECTS       68 TO      100 ON WORKER2
 COLLECTING SUBJECTS       35 TO       67 ON WORKER1
 Tot. mngr. proc.   Time for this  Iteration  (DDD:HH:MM:SS.DD) 000:00:00:00.02
 Total Load         Time for this  Iteration  (DDD:HH:MM:SS.DD) 000:00:00:00.02
 Total Computation  Time for this  Iteration  (DDD:HH:MM:SS.DD) 000:00:00:01.02
 Accum. mngr. proc. Time among all Iterations (DDD:HH:MM:SS.DD) 000:00:00:01.42
 Accumulated Load   Time among all Iterations (DDD:HH:MM:SS.DD) 000:00:00:00.25
 Accumulated Comp.  Time among all Iterations (DDD:HH:MM:SS.DD) 000:00:02:11.37
 Accumulated CPU    Time of present job       (DDD:HH:MM:SS.DD) 000:00:00:00.00
 
 ITERATION          130
 STARTING SUBJECTS          1 TO       34 ON MANAGER: OK
 STARTING SUBJECTS         35 TO       67 ON WORKER1: OK
 STARTING SUBJECTS         68 TO      100 ON WORKER2: OK
 COLLECTING SUBJECTS        1 TO       34 ON MANAGER
 COLLECTING SUBJECTS       68 TO      100 ON WORKER2
 COLLECTING SUBJECTS       35 TO       67 ON WORKER1
 Tot. mngr. proc.   Time for this  Iteration  (DDD:HH:MM:SS.DD) 000:00:00:00.00
 Total Load         Time for this  Iteration  (DDD:HH:MM:SS.DD) 000:00:00:00.00
 Total Computation  Time for this  Iteration  (DDD:HH:MM:SS.DD) 000:00:00:00.03
 Accum. mngr. proc. Time among all Iterations (DDD:HH:MM:SS.DD) 000:00:00:01.42
 Accumulated Load   Time among all Iterations (DDD:HH:MM:SS.DD) 000:00:00:00.25
 Accumulated Comp.  Time among all Iterations (DDD:HH:MM:SS.DD) 000:00:02:11.40
 Accumulated CPU    Time of present job       (DDD:HH:MM:SS.DD) 000:00:00:00.00
 
 ITERATION          131
 STARTING SUBJECTS          1 TO       34 ON MANAGER: OK
 STARTING SUBJECTS         35 TO       67 ON WORKER1: OK
 STARTING SUBJECTS         68 TO      100 ON WORKER2: OK
 COLLECTING SUBJECTS        1 TO       34 ON MANAGER
 COLLECTING SUBJECTS       35 TO       67 ON WORKER1
 COLLECTING SUBJECTS       68 TO      100 ON WORKER2
 Tot. mngr. proc.   Time for this  Iteration  (DDD:HH:MM:SS.DD) 000:00:00:00.00
 Total Load         Time for this  Iteration  (DDD:HH:MM:SS.DD) 000:00:00:00.00
 Total Computation  Time for this  Iteration  (DDD:HH:MM:SS.DD) 000:00:00:00.05
 Accum. mngr. proc. Time among all Iterations (DDD:HH:MM:SS.DD) 000:00:00:01.42
 Accumulated Load   Time among all Iterations (DDD:HH:MM:SS.DD) 000:00:00:00.25
 Accumulated Comp.  Time among all Iterations (DDD:HH:MM:SS.DD) 000:00:02:11.45
 Accumulated CPU    Time of present job       (DDD:HH:MM:SS.DD) 000:00:00:00.00
 
 ITERATION          132
 STARTING SUBJECTS          1 TO       34 ON MANAGER: OK
 STARTING SUBJECTS         35 TO       67 ON WORKER1: OK
 STARTING SUBJECTS         68 TO      100 ON WORKER2: OK
 COLLECTING SUBJECTS        1 TO       34 ON MANAGER
 COLLECTING SUBJECTS       68 TO      100 ON WORKER2
 COLLECTING SUBJECTS       35 TO       67 ON WORKER1
 Tot. mngr. proc.   Time for this  Iteration  (DDD:HH:MM:SS.DD) 000:00:00:00.00
 Total Load         Time for this  Iteration  (DDD:HH:MM:SS.DD) 000:00:00:00.00
 Total Computation  Time for this  Iteration  (DDD:HH:MM:SS.DD) 000:00:00:00.05
 Accum. mngr. proc. Time among all Iterations (DDD:HH:MM:SS.DD) 000:00:00:01.42
 Accumulated Load   Time among all Iterations (DDD:HH:MM:SS.DD) 000:00:00:00.25
 Accumulated Comp.  Time among all Iterations (DDD:HH:MM:SS.DD) 000:00:02:11.50
 Accumulated CPU    Time of present job       (DDD:HH:MM:SS.DD) 000:00:00:00.00
 
 ITERATION          133
 STARTING SUBJECTS          1 TO       34 ON MANAGER: OK
 STARTING SUBJECTS         35 TO       67 ON WORKER1: OK
 STARTING SUBJECTS         68 TO      100 ON WORKER2: OK
 COLLECTING SUBJECTS        1 TO       34 ON MANAGER
 COLLECTING SUBJECTS       35 TO       67 ON WORKER1
 COLLECTING SUBJECTS       68 TO      100 ON WORKER2
 Tot. mngr. proc.   Time for this  Iteration  (DDD:HH:MM:SS.DD) 000:00:00:00.02
 Total Load         Time for this  Iteration  (DDD:HH:MM:SS.DD) 000:00:00:00.00
 Total Computation  Time for this  Iteration  (DDD:HH:MM:SS.DD) 000:00:00:00.05
 Accum. mngr. proc. Time among all Iterations (DDD:HH:MM:SS.DD) 000:00:00:01.44
 Accumulated Load   Time among all Iterations (DDD:HH:MM:SS.DD) 000:00:00:00.25
 Accumulated Comp.  Time among all Iterations (DDD:HH:MM:SS.DD) 000:00:02:11.54
 Accumulated CPU    Time of present job       (DDD:HH:MM:SS.DD) 000:00:00:00.00
 
 ITERATION          134
 STARTING SUBJECTS          1 TO       34 ON MANAGER: OK
 STARTING SUBJECTS         35 TO       67 ON WORKER1: OK
 STARTING SUBJECTS         68 TO      100 ON WORKER2: OK
 COLLECTING SUBJECTS        1 TO       34 ON MANAGER
 COLLECTING SUBJECTS       68 TO      100 ON WORKER2
 COLLECTING SUBJECTS       35 TO       67 ON WORKER1
 Tot. mngr. proc.   Time for this  Iteration  (DDD:HH:MM:SS.DD) 000:00:00:00.02
 Total Load         Time for this  Iteration  (DDD:HH:MM:SS.DD) 000:00:00:00.00
 Total Computation  Time for this  Iteration  (DDD:HH:MM:SS.DD) 000:00:00:01.02
 Accum. mngr. proc. Time among all Iterations (DDD:HH:MM:SS.DD) 000:00:00:01.45
 Accumulated Load   Time among all Iterations (DDD:HH:MM:SS.DD) 000:00:00:00.25
 Accumulated Comp.  Time among all Iterations (DDD:HH:MM:SS.DD) 000:00:02:12.56
 Accumulated CPU    Time of present job       (DDD:HH:MM:SS.DD) 000:00:00:00.00
 
 ITERATION          135
 STARTING SUBJECTS          1 TO       34 ON MANAGER: OK
 STARTING SUBJECTS         35 TO       67 ON WORKER1: OK
 STARTING SUBJECTS         68 TO      100 ON WORKER2: OK
 COLLECTING SUBJECTS        1 TO       34 ON MANAGER
 COLLECTING SUBJECTS       68 TO      100 ON WORKER2
 COLLECTING SUBJECTS       35 TO       67 ON WORKER1
 Tot. mngr. proc.   Time for this  Iteration  (DDD:HH:MM:SS.DD) 000:00:00:00.02
 Total Load         Time for this  Iteration  (DDD:HH:MM:SS.DD) 000:00:00:00.00
 Total Computation  Time for this  Iteration  (DDD:HH:MM:SS.DD) 000:00:00:01.02
 Accum. mngr. proc. Time among all Iterations (DDD:HH:MM:SS.DD) 000:00:00:01.47
 Accumulated Load   Time among all Iterations (DDD:HH:MM:SS.DD) 000:00:00:00.25
 Accumulated Comp.  Time among all Iterations (DDD:HH:MM:SS.DD) 000:00:02:13.58
 Accumulated CPU    Time of present job       (DDD:HH:MM:SS.DD) 000:00:00:00.00
 
 ITERATION          136
 STARTING SUBJECTS          1 TO       34 ON MANAGER: OK
 STARTING SUBJECTS         35 TO       67 ON WORKER1: OK
 STARTING SUBJECTS         68 TO      100 ON WORKER2: OK
 COLLECTING SUBJECTS        1 TO       34 ON MANAGER
 COLLECTING SUBJECTS       68 TO      100 ON WORKER2
 COLLECTING SUBJECTS       35 TO       67 ON WORKER1
 Tot. mngr. proc.   Time for this  Iteration  (DDD:HH:MM:SS.DD) 000:00:00:00.02
 Total Load         Time for this  Iteration  (DDD:HH:MM:SS.DD) 000:00:00:00.00
 Total Computation  Time for this  Iteration  (DDD:HH:MM:SS.DD) 000:00:00:01.02
 Accum. mngr. proc. Time among all Iterations (DDD:HH:MM:SS.DD) 000:00:00:01.48
 Accumulated Load   Time among all Iterations (DDD:HH:MM:SS.DD) 000:00:00:00.25
 Accumulated Comp.  Time among all Iterations (DDD:HH:MM:SS.DD) 000:00:02:14.60
 Accumulated CPU    Time of present job       (DDD:HH:MM:SS.DD) 000:00:00:00.00
 
 ITERATION          137
 STARTING SUBJECTS          1 TO       34 ON MANAGER: OK
 STARTING SUBJECTS         35 TO       67 ON WORKER1: OK
 STARTING SUBJECTS         68 TO      100 ON WORKER2: OK
 COLLECTING SUBJECTS        1 TO       34 ON MANAGER
 COLLECTING SUBJECTS       68 TO      100 ON WORKER2
 COLLECTING SUBJECTS       35 TO       67 ON WORKER1
 Tot. mngr. proc.   Time for this  Iteration  (DDD:HH:MM:SS.DD) 000:00:00:00.02
 Total Load         Time for this  Iteration  (DDD:HH:MM:SS.DD) 000:00:00:00.00
 Total Computation  Time for this  Iteration  (DDD:HH:MM:SS.DD) 000:00:00:01.02
 Accum. mngr. proc. Time among all Iterations (DDD:HH:MM:SS.DD) 000:00:00:01.50
 Accumulated Load   Time among all Iterations (DDD:HH:MM:SS.DD) 000:00:00:00.25
 Accumulated Comp.  Time among all Iterations (DDD:HH:MM:SS.DD) 000:00:02:15.61
 Accumulated CPU    Time of present job       (DDD:HH:MM:SS.DD) 000:00:00:00.00
 
 ITERATION          138
 STARTING SUBJECTS          1 TO       34 ON MANAGER: OK
 STARTING SUBJECTS         35 TO       67 ON WORKER1: OK
 STARTING SUBJECTS         68 TO      100 ON WORKER2: OK
 COLLECTING SUBJECTS        1 TO       34 ON MANAGER
 COLLECTING SUBJECTS       68 TO      100 ON WORKER2
 COLLECTING SUBJECTS       35 TO       67 ON WORKER1
 Tot. mngr. proc.   Time for this  Iteration  (DDD:HH:MM:SS.DD) 000:00:00:00.02
 Total Load         Time for this  Iteration  (DDD:HH:MM:SS.DD) 000:00:00:00.00
 Total Computation  Time for this  Iteration  (DDD:HH:MM:SS.DD) 000:00:00:01.02
 Accum. mngr. proc. Time among all Iterations (DDD:HH:MM:SS.DD) 000:00:00:01.52
 Accumulated Load   Time among all Iterations (DDD:HH:MM:SS.DD) 000:00:00:00.25
 Accumulated Comp.  Time among all Iterations (DDD:HH:MM:SS.DD) 000:00:02:16.63
 Accumulated CPU    Time of present job       (DDD:HH:MM:SS.DD) 000:00:00:00.00
 
 ITERATION          139
 STARTING SUBJECTS          1 TO       34 ON MANAGER: OK
 STARTING SUBJECTS         35 TO       67 ON WORKER1: OK
 STARTING SUBJECTS         68 TO      100 ON WORKER2: OK
 COLLECTING SUBJECTS        1 TO       34 ON MANAGER
 COLLECTING SUBJECTS       68 TO      100 ON WORKER2
 COLLECTING SUBJECTS       35 TO       67 ON WORKER1
 Tot. mngr. proc.   Time for this  Iteration  (DDD:HH:MM:SS.DD) 000:00:00:00.02
 Total Load         Time for this  Iteration  (DDD:HH:MM:SS.DD) 000:00:00:00.00
 Total Computation  Time for this  Iteration  (DDD:HH:MM:SS.DD) 000:00:00:01.02
 Accum. mngr. proc. Time among all Iterations (DDD:HH:MM:SS.DD) 000:00:00:01.53
 Accumulated Load   Time among all Iterations (DDD:HH:MM:SS.DD) 000:00:00:00.25
 Accumulated Comp.  Time among all Iterations (DDD:HH:MM:SS.DD) 000:00:02:17.65
 Accumulated CPU    Time of present job       (DDD:HH:MM:SS.DD) 000:00:00:00.00
 
 ITERATION          140
 STARTING SUBJECTS          1 TO       34 ON MANAGER: OK
 STARTING SUBJECTS         35 TO       67 ON WORKER1: OK
 STARTING SUBJECTS         68 TO      100 ON WORKER2: OK
 COLLECTING SUBJECTS        1 TO       34 ON MANAGER
 COLLECTING SUBJECTS       68 TO      100 ON WORKER2
 COLLECTING SUBJECTS       35 TO       67 ON WORKER1
 Tot. mngr. proc.   Time for this  Iteration  (DDD:HH:MM:SS.DD) 000:00:00:00.02
 Total Load         Time for this  Iteration  (DDD:HH:MM:SS.DD) 000:00:00:00.00
 Total Computation  Time for this  Iteration  (DDD:HH:MM:SS.DD) 000:00:00:01.02
 Accum. mngr. proc. Time among all Iterations (DDD:HH:MM:SS.DD) 000:00:00:01.55
 Accumulated Load   Time among all Iterations (DDD:HH:MM:SS.DD) 000:00:00:00.25
 Accumulated Comp.  Time among all Iterations (DDD:HH:MM:SS.DD) 000:00:02:18.66
 Accumulated CPU    Time of present job       (DDD:HH:MM:SS.DD) 000:00:00:00.00
 
 ITERATION          141
 STARTING SUBJECTS          1 TO       34 ON MANAGER: OK
 STARTING SUBJECTS         35 TO       67 ON WORKER1: OK
 STARTING SUBJECTS         68 TO      100 ON WORKER2: OK
 COLLECTING SUBJECTS        1 TO       34 ON MANAGER
 COLLECTING SUBJECTS       35 TO       67 ON WORKER1
 COLLECTING SUBJECTS       68 TO      100 ON WORKER2
 Tot. mngr. proc.   Time for this  Iteration  (DDD:HH:MM:SS.DD) 000:00:00:00.00
 Total Load         Time for this  Iteration  (DDD:HH:MM:SS.DD) 000:00:00:00.00
 Total Computation  Time for this  Iteration  (DDD:HH:MM:SS.DD) 000:00:00:00.03
 Accum. mngr. proc. Time among all Iterations (DDD:HH:MM:SS.DD) 000:00:00:01.55
 Accumulated Load   Time among all Iterations (DDD:HH:MM:SS.DD) 000:00:00:00.25
 Accumulated Comp.  Time among all Iterations (DDD:HH:MM:SS.DD) 000:00:02:18.69
 Accumulated CPU    Time of present job       (DDD:HH:MM:SS.DD) 000:00:00:00.00
 
 ITERATION          142
 STARTING SUBJECTS          1 TO       34 ON MANAGER: OK
 STARTING SUBJECTS         35 TO       67 ON WORKER1: OK
 STARTING SUBJECTS         68 TO      100 ON WORKER2: OK
 COLLECTING SUBJECTS        1 TO       34 ON MANAGER
 COLLECTING SUBJECTS       35 TO       67 ON WORKER1
 COLLECTING SUBJECTS       68 TO      100 ON WORKER2
 Tot. mngr. proc.   Time for this  Iteration  (DDD:HH:MM:SS.DD) 000:00:00:00.00
 Total Load         Time for this  Iteration  (DDD:HH:MM:SS.DD) 000:00:00:00.00
 Total Computation  Time for this  Iteration  (DDD:HH:MM:SS.DD) 000:00:00:00.05
 Accum. mngr. proc. Time among all Iterations (DDD:HH:MM:SS.DD) 000:00:00:01.55
 Accumulated Load   Time among all Iterations (DDD:HH:MM:SS.DD) 000:00:00:00.25
 Accumulated Comp.  Time among all Iterations (DDD:HH:MM:SS.DD) 000:00:02:18.74
 Accumulated CPU    Time of present job       (DDD:HH:MM:SS.DD) 000:00:00:00.00
 
 ITERATION          143
 STARTING SUBJECTS          1 TO       34 ON MANAGER: OK
 STARTING SUBJECTS         35 TO       67 ON WORKER1: OK
 STARTING SUBJECTS         68 TO      100 ON WORKER2: OK
 COLLECTING SUBJECTS        1 TO       34 ON MANAGER
 COLLECTING SUBJECTS       35 TO       67 ON WORKER1
 COLLECTING SUBJECTS       68 TO      100 ON WORKER2
 Tot. mngr. proc.   Time for this  Iteration  (DDD:HH:MM:SS.DD) 000:00:00:00.00
 Total Load         Time for this  Iteration  (DDD:HH:MM:SS.DD) 000:00:00:00.00
 Total Computation  Time for this  Iteration  (DDD:HH:MM:SS.DD) 000:00:00:00.05
 Accum. mngr. proc. Time among all Iterations (DDD:HH:MM:SS.DD) 000:00:00:01.55
 Accumulated Load   Time among all Iterations (DDD:HH:MM:SS.DD) 000:00:00:00.25
 Accumulated Comp.  Time among all Iterations (DDD:HH:MM:SS.DD) 000:00:02:18.79
 Accumulated CPU    Time of present job       (DDD:HH:MM:SS.DD) 000:00:00:00.00
 
 ITERATION          144
 STARTING SUBJECTS          1 TO       34 ON MANAGER: OK
 STARTING SUBJECTS         35 TO       67 ON WORKER1: OK
 STARTING SUBJECTS         68 TO      100 ON WORKER2: OK
 COLLECTING SUBJECTS        1 TO       34 ON MANAGER
 COLLECTING SUBJECTS       68 TO      100 ON WORKER2
 COLLECTING SUBJECTS       35 TO       67 ON WORKER1
 Tot. mngr. proc.   Time for this  Iteration  (DDD:HH:MM:SS.DD) 000:00:00:00.00
 Total Load         Time for this  Iteration  (DDD:HH:MM:SS.DD) 000:00:00:00.00
 Total Computation  Time for this  Iteration  (DDD:HH:MM:SS.DD) 000:00:00:00.05
 Accum. mngr. proc. Time among all Iterations (DDD:HH:MM:SS.DD) 000:00:00:01.55
 Accumulated Load   Time among all Iterations (DDD:HH:MM:SS.DD) 000:00:00:00.25
 Accumulated Comp.  Time among all Iterations (DDD:HH:MM:SS.DD) 000:00:02:18.83
 Accumulated CPU    Time of present job       (DDD:HH:MM:SS.DD) 000:00:00:00.00
 
 ITERATION          145
 STARTING SUBJECTS          1 TO       34 ON MANAGER: OK
 STARTING SUBJECTS         35 TO       67 ON WORKER1: OK
 STARTING SUBJECTS         68 TO      100 ON WORKER2: OK
 COLLECTING SUBJECTS        1 TO       34 ON MANAGER
 COLLECTING SUBJECTS       68 TO      100 ON WORKER2
 COLLECTING SUBJECTS       35 TO       67 ON WORKER1
 Tot. mngr. proc.   Time for this  Iteration  (DDD:HH:MM:SS.DD) 000:00:00:00.00
 Total Load         Time for this  Iteration  (DDD:HH:MM:SS.DD) 000:00:00:00.00
 Total Computation  Time for this  Iteration  (DDD:HH:MM:SS.DD) 000:00:00:00.05
 Accum. mngr. proc. Time among all Iterations (DDD:HH:MM:SS.DD) 000:00:00:01.55
 Accumulated Load   Time among all Iterations (DDD:HH:MM:SS.DD) 000:00:00:00.25
 Accumulated Comp.  Time among all Iterations (DDD:HH:MM:SS.DD) 000:00:02:18.88
 Accumulated CPU    Time of present job       (DDD:HH:MM:SS.DD) 000:00:00:00.00
 
 ITERATION          146
 STARTING SUBJECTS          1 TO       34 ON MANAGER: OK
 STARTING SUBJECTS         35 TO       67 ON WORKER1: OK
 STARTING SUBJECTS         68 TO      100 ON WORKER2: OK
 COLLECTING SUBJECTS        1 TO       34 ON MANAGER
 COLLECTING SUBJECTS       68 TO      100 ON WORKER2
 COLLECTING SUBJECTS       35 TO       67 ON WORKER1
 Tot. mngr. proc.   Time for this  Iteration  (DDD:HH:MM:SS.DD) 000:00:00:00.00
 Total Load         Time for this  Iteration  (DDD:HH:MM:SS.DD) 000:00:00:00.00
 Total Computation  Time for this  Iteration  (DDD:HH:MM:SS.DD) 000:00:00:00.05
 Accum. mngr. proc. Time among all Iterations (DDD:HH:MM:SS.DD) 000:00:00:01.55
 Accumulated Load   Time among all Iterations (DDD:HH:MM:SS.DD) 000:00:00:00.25
 Accumulated Comp.  Time among all Iterations (DDD:HH:MM:SS.DD) 000:00:02:18.93
 Accumulated CPU    Time of present job       (DDD:HH:MM:SS.DD) 000:00:00:00.00
 
 ITERATION          147
 STARTING SUBJECTS          1 TO       34 ON MANAGER: OK
 STARTING SUBJECTS         35 TO       67 ON WORKER1: OK
 STARTING SUBJECTS         68 TO      100 ON WORKER2: OK
 COLLECTING SUBJECTS        1 TO       34 ON MANAGER
 COLLECTING SUBJECTS       68 TO      100 ON WORKER2
 COLLECTING SUBJECTS       35 TO       67 ON WORKER1
 Tot. mngr. proc.   Time for this  Iteration  (DDD:HH:MM:SS.DD) 000:00:00:00.00
 Total Load         Time for this  Iteration  (DDD:HH:MM:SS.DD) 000:00:00:00.00
 Total Computation  Time for this  Iteration  (DDD:HH:MM:SS.DD) 000:00:00:00.05
 Accum. mngr. proc. Time among all Iterations (DDD:HH:MM:SS.DD) 000:00:00:01.55
 Accumulated Load   Time among all Iterations (DDD:HH:MM:SS.DD) 000:00:00:00.25
 Accumulated Comp.  Time among all Iterations (DDD:HH:MM:SS.DD) 000:00:02:18.98
 Accumulated CPU    Time of present job       (DDD:HH:MM:SS.DD) 000:00:00:00.00
 
 ITERATION          148
 STARTING SUBJECTS          1 TO       34 ON MANAGER: OK
 STARTING SUBJECTS         35 TO       67 ON WORKER1: OK
 STARTING SUBJECTS         68 TO      100 ON WORKER2: OK
 COLLECTING SUBJECTS        1 TO       34 ON MANAGER
 COLLECTING SUBJECTS       35 TO       67 ON WORKER1
 COLLECTING SUBJECTS       68 TO      100 ON WORKER2
 Tot. mngr. proc.   Time for this  Iteration  (DDD:HH:MM:SS.DD) 000:00:00:00.00
 Total Load         Time for this  Iteration  (DDD:HH:MM:SS.DD) 000:00:00:00.00
 Total Computation  Time for this  Iteration  (DDD:HH:MM:SS.DD) 000:00:00:00.06
 Accum. mngr. proc. Time among all Iterations (DDD:HH:MM:SS.DD) 000:00:00:01.55
 Accumulated Load   Time among all Iterations (DDD:HH:MM:SS.DD) 000:00:00:00.25
 Accumulated Comp.  Time among all Iterations (DDD:HH:MM:SS.DD) 000:00:02:19.04
 Accumulated CPU    Time of present job       (DDD:HH:MM:SS.DD) 000:00:00:00.00
 
 ITERATION          149
 STARTING SUBJECTS          1 TO       34 ON MANAGER: OK
 STARTING SUBJECTS         35 TO       67 ON WORKER1: OK
 STARTING SUBJECTS         68 TO      100 ON WORKER2: OK
 COLLECTING SUBJECTS        1 TO       34 ON MANAGER
 COLLECTING SUBJECTS       68 TO      100 ON WORKER2
 COLLECTING SUBJECTS       35 TO       67 ON WORKER1
 Tot. mngr. proc.   Time for this  Iteration  (DDD:HH:MM:SS.DD) 000:00:00:00.00
 Total Load         Time for this  Iteration  (DDD:HH:MM:SS.DD) 000:00:00:00.00
 Total Computation  Time for this  Iteration  (DDD:HH:MM:SS.DD) 000:00:00:00.05
 Accum. mngr. proc. Time among all Iterations (DDD:HH:MM:SS.DD) 000:00:00:01.55
 Accumulated Load   Time among all Iterations (DDD:HH:MM:SS.DD) 000:00:00:00.25
 Accumulated Comp.  Time among all Iterations (DDD:HH:MM:SS.DD) 000:00:02:19.08
 Accumulated CPU    Time of present job       (DDD:HH:MM:SS.DD) 000:00:00:00.00
 
 ITERATION          150
 STARTING SUBJECTS          1 TO       34 ON MANAGER: OK
 STARTING SUBJECTS         35 TO       67 ON WORKER1: OK
 STARTING SUBJECTS         68 TO      100 ON WORKER2: OK
 COLLECTING SUBJECTS        1 TO       34 ON MANAGER
 COLLECTING SUBJECTS       68 TO      100 ON WORKER2
 COLLECTING SUBJECTS       35 TO       67 ON WORKER1
 Tot. mngr. proc.   Time for this  Iteration  (DDD:HH:MM:SS.DD) 000:00:00:00.00
 Total Load         Time for this  Iteration  (DDD:HH:MM:SS.DD) 000:00:00:00.00
 Total Computation  Time for this  Iteration  (DDD:HH:MM:SS.DD) 000:00:00:01.02
 Accum. mngr. proc. Time among all Iterations (DDD:HH:MM:SS.DD) 000:00:00:01.55
 Accumulated Load   Time among all Iterations (DDD:HH:MM:SS.DD) 000:00:00:00.25
 Accumulated Comp.  Time among all Iterations (DDD:HH:MM:SS.DD) 000:00:02:20.10
 Accumulated CPU    Time of present job       (DDD:HH:MM:SS.DD) 000:00:00:00.00
 
 ITERATION          151
 STARTING SUBJECTS          1 TO       34 ON MANAGER: OK
 STARTING SUBJECTS         35 TO       67 ON WORKER1: OK
 STARTING SUBJECTS         68 TO      100 ON WORKER2: OK
 COLLECTING SUBJECTS        1 TO       34 ON MANAGER
 COLLECTING SUBJECTS       68 TO      100 ON WORKER2
 COLLECTING SUBJECTS       35 TO       67 ON WORKER1
 Tot. mngr. proc.   Time for this  Iteration  (DDD:HH:MM:SS.DD) 000:00:00:00.00
 Total Load         Time for this  Iteration  (DDD:HH:MM:SS.DD) 000:00:00:00.00
 Total Computation  Time for this  Iteration  (DDD:HH:MM:SS.DD) 000:00:00:00.02
 Accum. mngr. proc. Time among all Iterations (DDD:HH:MM:SS.DD) 000:00:00:01.55
 Accumulated Load   Time among all Iterations (DDD:HH:MM:SS.DD) 000:00:00:00.25
 Accumulated Comp.  Time among all Iterations (DDD:HH:MM:SS.DD) 000:00:02:20.12
 Accumulated CPU    Time of present job       (DDD:HH:MM:SS.DD) 000:00:00:00.00
 
 ITERATION          152
 STARTING SUBJECTS          1 TO       33 ON MANAGER: OK
 STARTING SUBJECTS         34 TO       67 ON WORKER1: OK
 STARTING SUBJECTS         68 TO      100 ON WORKER2: OK
 COLLECTING SUBJECTS        1 TO       33 ON MANAGER
 COLLECTING SUBJECTS       68 TO      100 ON WORKER2
 COLLECTING SUBJECTS       34 TO       67 ON WORKER1
 Tot. mngr. proc.   Time for this  Iteration  (DDD:HH:MM:SS.DD) 000:00:00:00.00
 Total Load         Time for this  Iteration  (DDD:HH:MM:SS.DD) 000:00:00:00.00
 Total Computation  Time for this  Iteration  (DDD:HH:MM:SS.DD) 000:00:00:00.05
 Accum. mngr. proc. Time among all Iterations (DDD:HH:MM:SS.DD) 000:00:00:01.55
 Accumulated Load   Time among all Iterations (DDD:HH:MM:SS.DD) 000:00:00:00.25
 Accumulated Comp.  Time among all Iterations (DDD:HH:MM:SS.DD) 000:00:02:20.16
 Accumulated CPU    Time of present job       (DDD:HH:MM:SS.DD) 000:00:00:00.00
 
 ITERATION          153
 STARTING SUBJECTS          1 TO       34 ON MANAGER: OK
 STARTING SUBJECTS         35 TO       67 ON WORKER1: OK
 STARTING SUBJECTS         68 TO      100 ON WORKER2: OK
 COLLECTING SUBJECTS        1 TO       34 ON MANAGER
 COLLECTING SUBJECTS       35 TO       67 ON WORKER1
 COLLECTING SUBJECTS       68 TO      100 ON WORKER2
 Tot. mngr. proc.   Time for this  Iteration  (DDD:HH:MM:SS.DD) 000:00:00:00.00
 Total Load         Time for this  Iteration  (DDD:HH:MM:SS.DD) 000:00:00:00.00
 Total Computation  Time for this  Iteration  (DDD:HH:MM:SS.DD) 000:00:00:00.03
 Accum. mngr. proc. Time among all Iterations (DDD:HH:MM:SS.DD) 000:00:00:01.55
 Accumulated Load   Time among all Iterations (DDD:HH:MM:SS.DD) 000:00:00:00.25
 Accumulated Comp.  Time among all Iterations (DDD:HH:MM:SS.DD) 000:00:02:20.20
 Accumulated CPU    Time of present job       (DDD:HH:MM:SS.DD) 000:00:00:00.00
 
 ITERATION          154
 STARTING SUBJECTS          1 TO       34 ON MANAGER: OK
 STARTING SUBJECTS         35 TO       67 ON WORKER1: OK
 STARTING SUBJECTS         68 TO      100 ON WORKER2: OK
 COLLECTING SUBJECTS        1 TO       34 ON MANAGER
 COLLECTING SUBJECTS       68 TO      100 ON WORKER2
 COLLECTING SUBJECTS       35 TO       67 ON WORKER1
 Tot. mngr. proc.   Time for this  Iteration  (DDD:HH:MM:SS.DD) 000:00:00:00.00
 Total Load         Time for this  Iteration  (DDD:HH:MM:SS.DD) 000:00:00:00.00
 Total Computation  Time for this  Iteration  (DDD:HH:MM:SS.DD) 000:00:00:00.05
 Accum. mngr. proc. Time among all Iterations (DDD:HH:MM:SS.DD) 000:00:00:01.55
 Accumulated Load   Time among all Iterations (DDD:HH:MM:SS.DD) 000:00:00:00.25
 Accumulated Comp.  Time among all Iterations (DDD:HH:MM:SS.DD) 000:00:02:20.24
 Accumulated CPU    Time of present job       (DDD:HH:MM:SS.DD) 000:00:00:00.00
 
 ITERATION          155
 STARTING SUBJECTS          1 TO       34 ON MANAGER: OK
 STARTING SUBJECTS         35 TO       67 ON WORKER1: OK
 STARTING SUBJECTS         68 TO      100 ON WORKER2: OK
 COLLECTING SUBJECTS        1 TO       34 ON MANAGER
 COLLECTING SUBJECTS       35 TO       67 ON WORKER1
 COLLECTING SUBJECTS       68 TO      100 ON WORKER2
 Tot. mngr. proc.   Time for this  Iteration  (DDD:HH:MM:SS.DD) 000:00:00:00.02
 Total Load         Time for this  Iteration  (DDD:HH:MM:SS.DD) 000:00:00:00.00
 Total Computation  Time for this  Iteration  (DDD:HH:MM:SS.DD) 000:00:00:00.05
 Accum. mngr. proc. Time among all Iterations (DDD:HH:MM:SS.DD) 000:00:00:01.56
 Accumulated Load   Time among all Iterations (DDD:HH:MM:SS.DD) 000:00:00:00.25
 Accumulated Comp.  Time among all Iterations (DDD:HH:MM:SS.DD) 000:00:02:20.29
 Accumulated CPU    Time of present job       (DDD:HH:MM:SS.DD) 000:00:00:00.00
 
 ITERATION          156
 STARTING SUBJECTS          1 TO       34 ON MANAGER: OK
 STARTING SUBJECTS         35 TO       67 ON WORKER1: OK
 STARTING SUBJECTS         68 TO      100 ON WORKER2: OK
 COLLECTING SUBJECTS        1 TO       34 ON MANAGER
 COLLECTING SUBJECTS       68 TO      100 ON WORKER2
 COLLECTING SUBJECTS       35 TO       67 ON WORKER1
 Tot. mngr. proc.   Time for this  Iteration  (DDD:HH:MM:SS.DD) 000:00:00:00.02
 Total Load         Time for this  Iteration  (DDD:HH:MM:SS.DD) 000:00:00:00.00
 Total Computation  Time for this  Iteration  (DDD:HH:MM:SS.DD) 000:00:00:01.02
 Accum. mngr. proc. Time among all Iterations (DDD:HH:MM:SS.DD) 000:00:00:01.58
 Accumulated Load   Time among all Iterations (DDD:HH:MM:SS.DD) 000:00:00:00.25
 Accumulated Comp.  Time among all Iterations (DDD:HH:MM:SS.DD) 000:00:02:21.31
 Accumulated CPU    Time of present job       (DDD:HH:MM:SS.DD) 000:00:00:00.00
 
 ITERATION          157
 STARTING SUBJECTS          1 TO       34 ON MANAGER: OK
 STARTING SUBJECTS         35 TO       67 ON WORKER1: OK
 STARTING SUBJECTS         68 TO      100 ON WORKER2: OK
 COLLECTING SUBJECTS        1 TO       34 ON MANAGER
 COLLECTING SUBJECTS       68 TO      100 ON WORKER2
 COLLECTING SUBJECTS       35 TO       67 ON WORKER1
 Tot. mngr. proc.   Time for this  Iteration  (DDD:HH:MM:SS.DD) 000:00:00:00.02
 Total Load         Time for this  Iteration  (DDD:HH:MM:SS.DD) 000:00:00:00.00
 Total Computation  Time for this  Iteration  (DDD:HH:MM:SS.DD) 000:00:00:01.02
 Accum. mngr. proc. Time among all Iterations (DDD:HH:MM:SS.DD) 000:00:00:01.59
 Accumulated Load   Time among all Iterations (DDD:HH:MM:SS.DD) 000:00:00:00.25
 Accumulated Comp.  Time among all Iterations (DDD:HH:MM:SS.DD) 000:00:02:22.32
 Accumulated CPU    Time of present job       (DDD:HH:MM:SS.DD) 000:00:00:00.00
 
 ITERATION          158
 STARTING SUBJECTS          1 TO       34 ON MANAGER: OK
 STARTING SUBJECTS         35 TO       67 ON WORKER1: OK
 STARTING SUBJECTS         68 TO      100 ON WORKER2: OK
 COLLECTING SUBJECTS        1 TO       34 ON MANAGER
 COLLECTING SUBJECTS       68 TO      100 ON WORKER2
 COLLECTING SUBJECTS       35 TO       67 ON WORKER1
 Tot. mngr. proc.   Time for this  Iteration  (DDD:HH:MM:SS.DD) 000:00:00:00.00
 Total Load         Time for this  Iteration  (DDD:HH:MM:SS.DD) 000:00:00:00.00
 Total Computation  Time for this  Iteration  (DDD:HH:MM:SS.DD) 000:00:00:00.03
 Accum. mngr. proc. Time among all Iterations (DDD:HH:MM:SS.DD) 000:00:00:01.59
 Accumulated Load   Time among all Iterations (DDD:HH:MM:SS.DD) 000:00:00:00.25
 Accumulated Comp.  Time among all Iterations (DDD:HH:MM:SS.DD) 000:00:02:22.35
 Accumulated CPU    Time of present job       (DDD:HH:MM:SS.DD) 000:00:00:00.00
 
 ITERATION          159
 STARTING SUBJECTS          1 TO       34 ON MANAGER: OK
 STARTING SUBJECTS         35 TO       67 ON WORKER1: OK
 STARTING SUBJECTS         68 TO      100 ON WORKER2: OK
 COLLECTING SUBJECTS        1 TO       34 ON MANAGER
 COLLECTING SUBJECTS       68 TO      100 ON WORKER2
 COLLECTING SUBJECTS       35 TO       67 ON WORKER1
 Tot. mngr. proc.   Time for this  Iteration  (DDD:HH:MM:SS.DD) 000:00:00:00.00
 Total Load         Time for this  Iteration  (DDD:HH:MM:SS.DD) 000:00:00:00.00
 Total Computation  Time for this  Iteration  (DDD:HH:MM:SS.DD) 000:00:00:00.05
 Accum. mngr. proc. Time among all Iterations (DDD:HH:MM:SS.DD) 000:00:00:01.59
 Accumulated Load   Time among all Iterations (DDD:HH:MM:SS.DD) 000:00:00:00.25
 Accumulated Comp.  Time among all Iterations (DDD:HH:MM:SS.DD) 000:00:02:22.40
 Accumulated CPU    Time of present job       (DDD:HH:MM:SS.DD) 000:00:00:00.00
 
 ITERATION          160
 STARTING SUBJECTS          1 TO       34 ON MANAGER: OK
 STARTING SUBJECTS         35 TO       67 ON WORKER1: OK
 STARTING SUBJECTS         68 TO      100 ON WORKER2: OK
 COLLECTING SUBJECTS        1 TO       34 ON MANAGER
 COLLECTING SUBJECTS       35 TO       67 ON WORKER1
 COLLECTING SUBJECTS       68 TO      100 ON WORKER2
 Tot. mngr. proc.   Time for this  Iteration  (DDD:HH:MM:SS.DD) 000:00:00:00.00
 Total Load         Time for this  Iteration  (DDD:HH:MM:SS.DD) 000:00:00:00.00
 Total Computation  Time for this  Iteration  (DDD:HH:MM:SS.DD) 000:00:00:00.03
 Accum. mngr. proc. Time among all Iterations (DDD:HH:MM:SS.DD) 000:00:00:01.59
 Accumulated Load   Time among all Iterations (DDD:HH:MM:SS.DD) 000:00:00:00.25
 Accumulated Comp.  Time among all Iterations (DDD:HH:MM:SS.DD) 000:00:02:22.43
 Accumulated CPU    Time of present job       (DDD:HH:MM:SS.DD) 000:00:00:00.00
 
 ITERATION          161
 STARTING SUBJECTS          1 TO       34 ON MANAGER: OK
 STARTING SUBJECTS         35 TO       67 ON WORKER1: OK
 STARTING SUBJECTS         68 TO      100 ON WORKER2: OK
 COLLECTING SUBJECTS        1 TO       34 ON MANAGER
 COLLECTING SUBJECTS       68 TO      100 ON WORKER2
 COLLECTING SUBJECTS       35 TO       67 ON WORKER1
 Tot. mngr. proc.   Time for this  Iteration  (DDD:HH:MM:SS.DD) 000:00:00:00.00
 Total Load         Time for this  Iteration  (DDD:HH:MM:SS.DD) 000:00:00:00.00
 Total Computation  Time for this  Iteration  (DDD:HH:MM:SS.DD) 000:00:00:00.05
 Accum. mngr. proc. Time among all Iterations (DDD:HH:MM:SS.DD) 000:00:00:01.59
 Accumulated Load   Time among all Iterations (DDD:HH:MM:SS.DD) 000:00:00:00.25
 Accumulated Comp.  Time among all Iterations (DDD:HH:MM:SS.DD) 000:00:02:22.48
 Accumulated CPU    Time of present job       (DDD:HH:MM:SS.DD) 000:00:00:00.00
 
 ITERATION          162
 STARTING SUBJECTS          1 TO       34 ON MANAGER: OK
 STARTING SUBJECTS         35 TO       67 ON WORKER1: OK
 STARTING SUBJECTS         68 TO      100 ON WORKER2: OK
 COLLECTING SUBJECTS        1 TO       34 ON MANAGER
 COLLECTING SUBJECTS       35 TO       67 ON WORKER1
 COLLECTING SUBJECTS       68 TO      100 ON WORKER2
 Tot. mngr. proc.   Time for this  Iteration  (DDD:HH:MM:SS.DD) 000:00:00:00.02
 Total Load         Time for this  Iteration  (DDD:HH:MM:SS.DD) 000:00:00:00.00
 Total Computation  Time for this  Iteration  (DDD:HH:MM:SS.DD) 000:00:00:00.05
 Accum. mngr. proc. Time among all Iterations (DDD:HH:MM:SS.DD) 000:00:00:01.61
 Accumulated Load   Time among all Iterations (DDD:HH:MM:SS.DD) 000:00:00:00.25
 Accumulated Comp.  Time among all Iterations (DDD:HH:MM:SS.DD) 000:00:02:22.53
 Accumulated CPU    Time of present job       (DDD:HH:MM:SS.DD) 000:00:00:00.00
 
 ITERATION          163
 STARTING SUBJECTS          1 TO       34 ON MANAGER: OK
 STARTING SUBJECTS         35 TO       67 ON WORKER1: OK
 STARTING SUBJECTS         68 TO      100 ON WORKER2: OK
 COLLECTING SUBJECTS        1 TO       34 ON MANAGER
 COLLECTING SUBJECTS       68 TO      100 ON WORKER2
 COLLECTING SUBJECTS       35 TO       67 ON WORKER1
 Tot. mngr. proc.   Time for this  Iteration  (DDD:HH:MM:SS.DD) 000:00:00:00.00
 Total Load         Time for this  Iteration  (DDD:HH:MM:SS.DD) 000:00:00:00.00
 Total Computation  Time for this  Iteration  (DDD:HH:MM:SS.DD) 000:00:00:00.03
 Accum. mngr. proc. Time among all Iterations (DDD:HH:MM:SS.DD) 000:00:00:01.61
 Accumulated Load   Time among all Iterations (DDD:HH:MM:SS.DD) 000:00:00:00.25
 Accumulated Comp.  Time among all Iterations (DDD:HH:MM:SS.DD) 000:00:02:22.56
 Accumulated CPU    Time of present job       (DDD:HH:MM:SS.DD) 000:00:00:00.00
 
 ITERATION          164
 STARTING SUBJECTS          1 TO       34 ON MANAGER: OK
 STARTING SUBJECTS         35 TO       67 ON WORKER1: OK
 STARTING SUBJECTS         68 TO      100 ON WORKER2: OK
 COLLECTING SUBJECTS        1 TO       34 ON MANAGER
 COLLECTING SUBJECTS       35 TO       67 ON WORKER1
 COLLECTING SUBJECTS       68 TO      100 ON WORKER2
 Tot. mngr. proc.   Time for this  Iteration  (DDD:HH:MM:SS.DD) 000:00:00:00.00
 Total Load         Time for this  Iteration  (DDD:HH:MM:SS.DD) 000:00:00:00.00
 Total Computation  Time for this  Iteration  (DDD:HH:MM:SS.DD) 000:00:00:00.05
 Accum. mngr. proc. Time among all Iterations (DDD:HH:MM:SS.DD) 000:00:00:01.61
 Accumulated Load   Time among all Iterations (DDD:HH:MM:SS.DD) 000:00:00:00.25
 Accumulated Comp.  Time among all Iterations (DDD:HH:MM:SS.DD) 000:00:02:22.60
 Accumulated CPU    Time of present job       (DDD:HH:MM:SS.DD) 000:00:00:00.00
 
 ITERATION          165
 STARTING SUBJECTS          1 TO       34 ON MANAGER: OK
 STARTING SUBJECTS         35 TO       67 ON WORKER1: OK
 STARTING SUBJECTS         68 TO      100 ON WORKER2: OK
 COLLECTING SUBJECTS        1 TO       34 ON MANAGER
 COLLECTING SUBJECTS       35 TO       67 ON WORKER1
 COLLECTING SUBJECTS       68 TO      100 ON WORKER2
 Tot. mngr. proc.   Time for this  Iteration  (DDD:HH:MM:SS.DD) 000:00:00:00.00
 Total Load         Time for this  Iteration  (DDD:HH:MM:SS.DD) 000:00:00:00.00
 Total Computation  Time for this  Iteration  (DDD:HH:MM:SS.DD) 000:00:00:00.05
 Accum. mngr. proc. Time among all Iterations (DDD:HH:MM:SS.DD) 000:00:00:01.61
 Accumulated Load   Time among all Iterations (DDD:HH:MM:SS.DD) 000:00:00:00.25
 Accumulated Comp.  Time among all Iterations (DDD:HH:MM:SS.DD) 000:00:02:22.65
 Accumulated CPU    Time of present job       (DDD:HH:MM:SS.DD) 000:00:00:00.00
 
 ITERATION          166
 STARTING SUBJECTS          1 TO       34 ON MANAGER: OK
 STARTING SUBJECTS         35 TO       67 ON WORKER1: OK
 STARTING SUBJECTS         68 TO      100 ON WORKER2: OK
 COLLECTING SUBJECTS        1 TO       34 ON MANAGER
 COLLECTING SUBJECTS       68 TO      100 ON WORKER2
 COLLECTING SUBJECTS       35 TO       67 ON WORKER1
 Tot. mngr. proc.   Time for this  Iteration  (DDD:HH:MM:SS.DD) 000:00:00:00.00
 Total Load         Time for this  Iteration  (DDD:HH:MM:SS.DD) 000:00:00:00.00
 Total Computation  Time for this  Iteration  (DDD:HH:MM:SS.DD) 000:00:00:00.05
 Accum. mngr. proc. Time among all Iterations (DDD:HH:MM:SS.DD) 000:00:00:01.61
 Accumulated Load   Time among all Iterations (DDD:HH:MM:SS.DD) 000:00:00:00.25
 Accumulated Comp.  Time among all Iterations (DDD:HH:MM:SS.DD) 000:00:02:22.70
 Accumulated CPU    Time of present job       (DDD:HH:MM:SS.DD) 000:00:00:00.00
 
 ITERATION          167
 STARTING SUBJECTS          1 TO       34 ON MANAGER: OK
 STARTING SUBJECTS         35 TO       67 ON WORKER1: OK
 STARTING SUBJECTS         68 TO      100 ON WORKER2: OK
 COLLECTING SUBJECTS        1 TO       34 ON MANAGER
 COLLECTING SUBJECTS       68 TO      100 ON WORKER2
 COLLECTING SUBJECTS       35 TO       67 ON WORKER1
 Tot. mngr. proc.   Time for this  Iteration  (DDD:HH:MM:SS.DD) 000:00:00:00.00
 Total Load         Time for this  Iteration  (DDD:HH:MM:SS.DD) 000:00:00:00.00
 Total Computation  Time for this  Iteration  (DDD:HH:MM:SS.DD) 000:00:00:00.05
 Accum. mngr. proc. Time among all Iterations (DDD:HH:MM:SS.DD) 000:00:00:01.61
 Accumulated Load   Time among all Iterations (DDD:HH:MM:SS.DD) 000:00:00:00.25
 Accumulated Comp.  Time among all Iterations (DDD:HH:MM:SS.DD) 000:00:02:22.74
 Accumulated CPU    Time of present job       (DDD:HH:MM:SS.DD) 000:00:00:00.00
 
 ITERATION          168
 STARTING SUBJECTS          1 TO       34 ON MANAGER: OK
 STARTING SUBJECTS         35 TO       67 ON WORKER1: OK
 STARTING SUBJECTS         68 TO      100 ON WORKER2: OK
 COLLECTING SUBJECTS        1 TO       34 ON MANAGER
 COLLECTING SUBJECTS       68 TO      100 ON WORKER2
 COLLECTING SUBJECTS       35 TO       67 ON WORKER1
 Tot. mngr. proc.   Time for this  Iteration  (DDD:HH:MM:SS.DD) 000:00:00:00.00
 Total Load         Time for this  Iteration  (DDD:HH:MM:SS.DD) 000:00:00:00.00
 Total Computation  Time for this  Iteration  (DDD:HH:MM:SS.DD) 000:00:00:00.05
 Accum. mngr. proc. Time among all Iterations (DDD:HH:MM:SS.DD) 000:00:00:01.61
 Accumulated Load   Time among all Iterations (DDD:HH:MM:SS.DD) 000:00:00:00.25
 Accumulated Comp.  Time among all Iterations (DDD:HH:MM:SS.DD) 000:00:02:22.79
 Accumulated CPU    Time of present job       (DDD:HH:MM:SS.DD) 000:00:00:00.00
 
 ITERATION          169
 STARTING SUBJECTS          1 TO       34 ON MANAGER: OK
 STARTING SUBJECTS         35 TO       67 ON WORKER1: OK
 STARTING SUBJECTS         68 TO      100 ON WORKER2: OK
 COLLECTING SUBJECTS        1 TO       34 ON MANAGER
 COLLECTING SUBJECTS       35 TO       67 ON WORKER1
 COLLECTING SUBJECTS       68 TO      100 ON WORKER2
 Tot. mngr. proc.   Time for this  Iteration  (DDD:HH:MM:SS.DD) 000:00:00:00.02
 Total Load         Time for this  Iteration  (DDD:HH:MM:SS.DD) 000:00:00:00.00
 Total Computation  Time for this  Iteration  (DDD:HH:MM:SS.DD) 000:00:00:00.05
 Accum. mngr. proc. Time among all Iterations (DDD:HH:MM:SS.DD) 000:00:00:01.62
 Accumulated Load   Time among all Iterations (DDD:HH:MM:SS.DD) 000:00:00:00.25
 Accumulated Comp.  Time among all Iterations (DDD:HH:MM:SS.DD) 000:00:02:22.84
 Accumulated CPU    Time of present job       (DDD:HH:MM:SS.DD) 000:00:00:00.00
 
 ITERATION          170
 STARTING SUBJECTS          1 TO       34 ON MANAGER: OK
 STARTING SUBJECTS         35 TO       67 ON WORKER1: OK
 STARTING SUBJECTS         68 TO      100 ON WORKER2: OK
 COLLECTING SUBJECTS        1 TO       34 ON MANAGER
 COLLECTING SUBJECTS       68 TO      100 ON WORKER2
 COLLECTING SUBJECTS       35 TO       67 ON WORKER1
 Tot. mngr. proc.   Time for this  Iteration  (DDD:HH:MM:SS.DD) 000:00:00:00.00
 Total Load         Time for this  Iteration  (DDD:HH:MM:SS.DD) 000:00:00:00.00
 Total Computation  Time for this  Iteration  (DDD:HH:MM:SS.DD) 000:00:00:01.02
 Accum. mngr. proc. Time among all Iterations (DDD:HH:MM:SS.DD) 000:00:00:01.62
 Accumulated Load   Time among all Iterations (DDD:HH:MM:SS.DD) 000:00:00:00.25
 Accumulated Comp.  Time among all Iterations (DDD:HH:MM:SS.DD) 000:00:02:23.86
 Accumulated CPU    Time of present job       (DDD:HH:MM:SS.DD) 000:00:00:00.00
 
 ITERATION          171
 STARTING SUBJECTS          1 TO       34 ON MANAGER: OK
 STARTING SUBJECTS         35 TO       67 ON WORKER1: OK
 STARTING SUBJECTS         68 TO      100 ON WORKER2: OK
 COLLECTING SUBJECTS        1 TO       34 ON MANAGER
 COLLECTING SUBJECTS       68 TO      100 ON WORKER2
 COLLECTING SUBJECTS       35 TO       67 ON WORKER1
 Tot. mngr. proc.   Time for this  Iteration  (DDD:HH:MM:SS.DD) 000:00:00:00.02
 Total Load         Time for this  Iteration  (DDD:HH:MM:SS.DD) 000:00:00:00.02
 Total Computation  Time for this  Iteration  (DDD:HH:MM:SS.DD) 000:00:00:00.02
 Accum. mngr. proc. Time among all Iterations (DDD:HH:MM:SS.DD) 000:00:00:01.64
 Accumulated Load   Time among all Iterations (DDD:HH:MM:SS.DD) 000:00:00:00.27
 Accumulated Comp.  Time among all Iterations (DDD:HH:MM:SS.DD) 000:00:02:23.87
 Accumulated CPU    Time of present job       (DDD:HH:MM:SS.DD) 000:00:00:00.00
 
 ITERATION          172
 STARTING SUBJECTS          1 TO       34 ON MANAGER: OK
 STARTING SUBJECTS         35 TO       67 ON WORKER1: OK
 STARTING SUBJECTS         68 TO      100 ON WORKER2: OK
 COLLECTING SUBJECTS        1 TO       34 ON MANAGER
 COLLECTING SUBJECTS       68 TO      100 ON WORKER2
 COLLECTING SUBJECTS       35 TO       67 ON WORKER1
 Tot. mngr. proc.   Time for this  Iteration  (DDD:HH:MM:SS.DD) 000:00:00:00.02
 Total Load         Time for this  Iteration  (DDD:HH:MM:SS.DD) 000:00:00:00.00
 Total Computation  Time for this  Iteration  (DDD:HH:MM:SS.DD) 000:00:00:01.01
 Accum. mngr. proc. Time among all Iterations (DDD:HH:MM:SS.DD) 000:00:00:01.66
 Accumulated Load   Time among all Iterations (DDD:HH:MM:SS.DD) 000:00:00:00.27
 Accumulated Comp.  Time among all Iterations (DDD:HH:MM:SS.DD) 000:00:02:24.88
 Accumulated CPU    Time of present job       (DDD:HH:MM:SS.DD) 000:00:00:00.00
 
 ITERATION          173
 STARTING SUBJECTS          1 TO       34 ON MANAGER: OK
 STARTING SUBJECTS         35 TO       67 ON WORKER1: OK
 STARTING SUBJECTS         68 TO      100 ON WORKER2: OK
 COLLECTING SUBJECTS        1 TO       34 ON MANAGER
 COLLECTING SUBJECTS       68 TO      100 ON WORKER2
 COLLECTING SUBJECTS       35 TO       67 ON WORKER1
 Tot. mngr. proc.   Time for this  Iteration  (DDD:HH:MM:SS.DD) 000:00:00:00.00
 Total Load         Time for this  Iteration  (DDD:HH:MM:SS.DD) 000:00:00:00.00
 Total Computation  Time for this  Iteration  (DDD:HH:MM:SS.DD) 000:00:00:01.01
 Accum. mngr. proc. Time among all Iterations (DDD:HH:MM:SS.DD) 000:00:00:01.66
 Accumulated Load   Time among all Iterations (DDD:HH:MM:SS.DD) 000:00:00:00.27
 Accumulated Comp.  Time among all Iterations (DDD:HH:MM:SS.DD) 000:00:02:25.88
 Accumulated CPU    Time of present job       (DDD:HH:MM:SS.DD) 000:00:00:00.00
 
 ITERATION          174
 STARTING SUBJECTS          1 TO       34 ON MANAGER: OK
 STARTING SUBJECTS         35 TO       67 ON WORKER1: OK
 STARTING SUBJECTS         68 TO      100 ON WORKER2: OK
 COLLECTING SUBJECTS        1 TO       34 ON MANAGER
 COLLECTING SUBJECTS       68 TO      100 ON WORKER2
 COLLECTING SUBJECTS       35 TO       67 ON WORKER1
 Tot. mngr. proc.   Time for this  Iteration  (DDD:HH:MM:SS.DD) 000:00:00:00.02
 Total Load         Time for this  Iteration  (DDD:HH:MM:SS.DD) 000:00:00:00.02
 Total Computation  Time for this  Iteration  (DDD:HH:MM:SS.DD) 000:00:00:00.02
 Accum. mngr. proc. Time among all Iterations (DDD:HH:MM:SS.DD) 000:00:00:01.67
 Accumulated Load   Time among all Iterations (DDD:HH:MM:SS.DD) 000:00:00:00.28
 Accumulated Comp.  Time among all Iterations (DDD:HH:MM:SS.DD) 000:00:02:25.90
 Accumulated CPU    Time of present job       (DDD:HH:MM:SS.DD) 000:00:00:00.00
 
 ITERATION          175
 STARTING SUBJECTS          1 TO       34 ON MANAGER: OK
 STARTING SUBJECTS         35 TO       67 ON WORKER1: OK
 STARTING SUBJECTS         68 TO      100 ON WORKER2: OK
 COLLECTING SUBJECTS        1 TO       34 ON MANAGER
 COLLECTING SUBJECTS       35 TO       67 ON WORKER1
 COLLECTING SUBJECTS       68 TO      100 ON WORKER2
 Tot. mngr. proc.   Time for this  Iteration  (DDD:HH:MM:SS.DD) 000:00:00:00.00
 Total Load         Time for this  Iteration  (DDD:HH:MM:SS.DD) 000:00:00:00.00
 Total Computation  Time for this  Iteration  (DDD:HH:MM:SS.DD) 000:00:00:01.01
 Accum. mngr. proc. Time among all Iterations (DDD:HH:MM:SS.DD) 000:00:00:01.67
 Accumulated Load   Time among all Iterations (DDD:HH:MM:SS.DD) 000:00:00:00.28
 Accumulated Comp.  Time among all Iterations (DDD:HH:MM:SS.DD) 000:00:02:26.90
 Accumulated CPU    Time of present job       (DDD:HH:MM:SS.DD) 000:00:00:00.00
 
 ITERATION          176
 STARTING SUBJECTS          1 TO       34 ON MANAGER: OK
 STARTING SUBJECTS         35 TO       67 ON WORKER1: OK
 STARTING SUBJECTS         68 TO      100 ON WORKER2: OK
 COLLECTING SUBJECTS        1 TO       34 ON MANAGER
 COLLECTING SUBJECTS       35 TO       67 ON WORKER1
 COLLECTING SUBJECTS       68 TO      100 ON WORKER2
 Tot. mngr. proc.   Time for this  Iteration  (DDD:HH:MM:SS.DD) 000:00:00:00.00
 Total Load         Time for this  Iteration  (DDD:HH:MM:SS.DD) 000:00:00:00.00
 Total Computation  Time for this  Iteration  (DDD:HH:MM:SS.DD) 000:00:00:00.03
 Accum. mngr. proc. Time among all Iterations (DDD:HH:MM:SS.DD) 000:00:00:01.67
 Accumulated Load   Time among all Iterations (DDD:HH:MM:SS.DD) 000:00:00:00.28
 Accumulated Comp.  Time among all Iterations (DDD:HH:MM:SS.DD) 000:00:02:26.93
 Accumulated CPU    Time of present job       (DDD:HH:MM:SS.DD) 000:00:00:00.00
 
 ITERATION          177
 STARTING SUBJECTS          1 TO       34 ON MANAGER: OK
 STARTING SUBJECTS         35 TO       67 ON WORKER1: OK
 STARTING SUBJECTS         68 TO      100 ON WORKER2: OK
 COLLECTING SUBJECTS        1 TO       34 ON MANAGER
 COLLECTING SUBJECTS       68 TO      100 ON WORKER2
 COLLECTING SUBJECTS       35 TO       67 ON WORKER1
 Tot. mngr. proc.   Time for this  Iteration  (DDD:HH:MM:SS.DD) 000:00:00:00.00
 Total Load         Time for this  Iteration  (DDD:HH:MM:SS.DD) 000:00:00:00.00
 Total Computation  Time for this  Iteration  (DDD:HH:MM:SS.DD) 000:00:00:00.05
 Accum. mngr. proc. Time among all Iterations (DDD:HH:MM:SS.DD) 000:00:00:01.67
 Accumulated Load   Time among all Iterations (DDD:HH:MM:SS.DD) 000:00:00:00.28
 Accumulated Comp.  Time among all Iterations (DDD:HH:MM:SS.DD) 000:00:02:26.98
 Accumulated CPU    Time of present job       (DDD:HH:MM:SS.DD) 000:00:00:00.00
 
 ITERATION          178
 STARTING SUBJECTS          1 TO       34 ON MANAGER: OK
 STARTING SUBJECTS         35 TO       67 ON WORKER1: OK
 STARTING SUBJECTS         68 TO      100 ON WORKER2: OK
 COLLECTING SUBJECTS        1 TO       34 ON MANAGER
 COLLECTING SUBJECTS       68 TO      100 ON WORKER2
 COLLECTING SUBJECTS       35 TO       67 ON WORKER1
 Tot. mngr. proc.   Time for this  Iteration  (DDD:HH:MM:SS.DD) 000:00:00:00.02
 Total Load         Time for this  Iteration  (DDD:HH:MM:SS.DD) 000:00:00:00.00
 Total Computation  Time for this  Iteration  (DDD:HH:MM:SS.DD) 000:00:00:00.03
 Accum. mngr. proc. Time among all Iterations (DDD:HH:MM:SS.DD) 000:00:00:01.69
 Accumulated Load   Time among all Iterations (DDD:HH:MM:SS.DD) 000:00:00:00.28
 Accumulated Comp.  Time among all Iterations (DDD:HH:MM:SS.DD) 000:00:02:27.01
 Accumulated CPU    Time of present job       (DDD:HH:MM:SS.DD) 000:00:00:00.00
 
 ITERATION          179
 STARTING SUBJECTS          1 TO       34 ON MANAGER: OK
 STARTING SUBJECTS         35 TO       67 ON WORKER1: OK
 STARTING SUBJECTS         68 TO      100 ON WORKER2: OK
 COLLECTING SUBJECTS        1 TO       34 ON MANAGER
 COLLECTING SUBJECTS       68 TO      100 ON WORKER2
 COLLECTING SUBJECTS       35 TO       67 ON WORKER1
 Tot. mngr. proc.   Time for this  Iteration  (DDD:HH:MM:SS.DD) 000:00:00:00.02
 Total Load         Time for this  Iteration  (DDD:HH:MM:SS.DD) 000:00:00:00.00
 Total Computation  Time for this  Iteration  (DDD:HH:MM:SS.DD) 000:00:00:01.01
 Accum. mngr. proc. Time among all Iterations (DDD:HH:MM:SS.DD) 000:00:00:01.70
 Accumulated Load   Time among all Iterations (DDD:HH:MM:SS.DD) 000:00:00:00.28
 Accumulated Comp.  Time among all Iterations (DDD:HH:MM:SS.DD) 000:00:02:28.02
 Accumulated CPU    Time of present job       (DDD:HH:MM:SS.DD) 000:00:00:00.00
 
 ITERATION          180
 STARTING SUBJECTS          1 TO       34 ON MANAGER: OK
 STARTING SUBJECTS         35 TO       67 ON WORKER1: OK
 STARTING SUBJECTS         68 TO      100 ON WORKER2: OK
 COLLECTING SUBJECTS        1 TO       34 ON MANAGER
 COLLECTING SUBJECTS       68 TO      100 ON WORKER2
 COLLECTING SUBJECTS       35 TO       67 ON WORKER1
 Tot. mngr. proc.   Time for this  Iteration  (DDD:HH:MM:SS.DD) 000:00:00:00.02
 Total Load         Time for this  Iteration  (DDD:HH:MM:SS.DD) 000:00:00:00.00
 Total Computation  Time for this  Iteration  (DDD:HH:MM:SS.DD) 000:00:00:01.01
 Accum. mngr. proc. Time among all Iterations (DDD:HH:MM:SS.DD) 000:00:00:01.72
 Accumulated Load   Time among all Iterations (DDD:HH:MM:SS.DD) 000:00:00:00.28
 Accumulated Comp.  Time among all Iterations (DDD:HH:MM:SS.DD) 000:00:02:29.04
 Accumulated CPU    Time of present job       (DDD:HH:MM:SS.DD) 000:00:00:00.00
 
 ITERATION          181
 STARTING SUBJECTS          1 TO       34 ON MANAGER: OK
 STARTING SUBJECTS         35 TO       67 ON WORKER1: OK
 STARTING SUBJECTS         68 TO      100 ON WORKER2: OK
 COLLECTING SUBJECTS        1 TO       34 ON MANAGER
 COLLECTING SUBJECTS       35 TO       67 ON WORKER1
 COLLECTING SUBJECTS       68 TO      100 ON WORKER2
 Tot. mngr. proc.   Time for this  Iteration  (DDD:HH:MM:SS.DD) 000:00:00:00.02
 Total Load         Time for this  Iteration  (DDD:HH:MM:SS.DD) 000:00:00:00.00
 Total Computation  Time for this  Iteration  (DDD:HH:MM:SS.DD) 000:00:00:01.01
 Accum. mngr. proc. Time among all Iterations (DDD:HH:MM:SS.DD) 000:00:00:01.73
 Accumulated Load   Time among all Iterations (DDD:HH:MM:SS.DD) 000:00:00:00.28
 Accumulated Comp.  Time among all Iterations (DDD:HH:MM:SS.DD) 000:00:02:30.05
 Accumulated CPU    Time of present job       (DDD:HH:MM:SS.DD) 000:00:00:00.00
 
 ITERATION          182
 STARTING SUBJECTS          1 TO       34 ON MANAGER: OK
 STARTING SUBJECTS         35 TO       67 ON WORKER1: OK
 STARTING SUBJECTS         68 TO      100 ON WORKER2: OK
 COLLECTING SUBJECTS        1 TO       34 ON MANAGER
 COLLECTING SUBJECTS       35 TO       67 ON WORKER1
 COLLECTING SUBJECTS       68 TO      100 ON WORKER2
 Tot. mngr. proc.   Time for this  Iteration  (DDD:HH:MM:SS.DD) 000:00:00:00.00
 Total Load         Time for this  Iteration  (DDD:HH:MM:SS.DD) 000:00:00:00.00
 Total Computation  Time for this  Iteration  (DDD:HH:MM:SS.DD) 000:00:00:00.02
 Accum. mngr. proc. Time among all Iterations (DDD:HH:MM:SS.DD) 000:00:00:01.73
 Accumulated Load   Time among all Iterations (DDD:HH:MM:SS.DD) 000:00:00:00.28
 Accumulated Comp.  Time among all Iterations (DDD:HH:MM:SS.DD) 000:00:02:30.06
 Accumulated CPU    Time of present job       (DDD:HH:MM:SS.DD) 000:00:00:00.00
 
 ITERATION          183
 STARTING SUBJECTS          1 TO       34 ON MANAGER: OK
 STARTING SUBJECTS         35 TO       68 ON WORKER1: OK
 STARTING SUBJECTS         69 TO      100 ON WORKER2: OK
 COLLECTING SUBJECTS        1 TO       34 ON MANAGER
 COLLECTING SUBJECTS       35 TO       68 ON WORKER1
 COLLECTING SUBJECTS       69 TO      100 ON WORKER2
 Tot. mngr. proc.   Time for this  Iteration  (DDD:HH:MM:SS.DD) 000:00:00:00.00
 Total Load         Time for this  Iteration  (DDD:HH:MM:SS.DD) 000:00:00:00.00
 Total Computation  Time for this  Iteration  (DDD:HH:MM:SS.DD) 000:00:00:00.05
 Accum. mngr. proc. Time among all Iterations (DDD:HH:MM:SS.DD) 000:00:00:01.73
 Accumulated Load   Time among all Iterations (DDD:HH:MM:SS.DD) 000:00:00:00.28
 Accumulated Comp.  Time among all Iterations (DDD:HH:MM:SS.DD) 000:00:02:30.11
 Accumulated CPU    Time of present job       (DDD:HH:MM:SS.DD) 000:00:00:00.00
 
 ITERATION          184
 STARTING SUBJECTS          1 TO       34 ON MANAGER: OK
 STARTING SUBJECTS         35 TO       67 ON WORKER1: OK
 STARTING SUBJECTS         68 TO      100 ON WORKER2: OK
 COLLECTING SUBJECTS        1 TO       34 ON MANAGER
 COLLECTING SUBJECTS       35 TO       67 ON WORKER1
 COLLECTING SUBJECTS       68 TO      100 ON WORKER2
 Tot. mngr. proc.   Time for this  Iteration  (DDD:HH:MM:SS.DD) 000:00:00:00.00
 Total Load         Time for this  Iteration  (DDD:HH:MM:SS.DD) 000:00:00:00.00
 Total Computation  Time for this  Iteration  (DDD:HH:MM:SS.DD) 000:00:00:00.05
 Accum. mngr. proc. Time among all Iterations (DDD:HH:MM:SS.DD) 000:00:00:01.73
 Accumulated Load   Time among all Iterations (DDD:HH:MM:SS.DD) 000:00:00:00.28
 Accumulated Comp.  Time among all Iterations (DDD:HH:MM:SS.DD) 000:00:02:30.16
 Accumulated CPU    Time of present job       (DDD:HH:MM:SS.DD) 000:00:00:00.00
 
 ITERATION          185
 STARTING SUBJECTS          1 TO       34 ON MANAGER: OK
 STARTING SUBJECTS         35 TO       67 ON WORKER1: OK
 STARTING SUBJECTS         68 TO      100 ON WORKER2: OK
 COLLECTING SUBJECTS        1 TO       34 ON MANAGER
 COLLECTING SUBJECTS       68 TO      100 ON WORKER2
 COLLECTING SUBJECTS       35 TO       67 ON WORKER1
 Tot. mngr. proc.   Time for this  Iteration  (DDD:HH:MM:SS.DD) 000:00:00:00.00
 Total Load         Time for this  Iteration  (DDD:HH:MM:SS.DD) 000:00:00:00.00
 Total Computation  Time for this  Iteration  (DDD:HH:MM:SS.DD) 000:00:00:00.05
 Accum. mngr. proc. Time among all Iterations (DDD:HH:MM:SS.DD) 000:00:00:01.73
 Accumulated Load   Time among all Iterations (DDD:HH:MM:SS.DD) 000:00:00:00.28
 Accumulated Comp.  Time among all Iterations (DDD:HH:MM:SS.DD) 000:00:02:30.20
 Accumulated CPU    Time of present job       (DDD:HH:MM:SS.DD) 000:00:00:00.00
 
 ITERATION          186
 STARTING SUBJECTS          1 TO       34 ON MANAGER: OK
 STARTING SUBJECTS         35 TO       67 ON WORKER1: OK
 STARTING SUBJECTS         68 TO      100 ON WORKER2: OK
 COLLECTING SUBJECTS        1 TO       34 ON MANAGER
 COLLECTING SUBJECTS       68 TO      100 ON WORKER2
 COLLECTING SUBJECTS       35 TO       67 ON WORKER1
 Tot. mngr. proc.   Time for this  Iteration  (DDD:HH:MM:SS.DD) 000:00:00:00.00
 Total Load         Time for this  Iteration  (DDD:HH:MM:SS.DD) 000:00:00:00.00
 Total Computation  Time for this  Iteration  (DDD:HH:MM:SS.DD) 000:00:00:00.05
 Accum. mngr. proc. Time among all Iterations (DDD:HH:MM:SS.DD) 000:00:00:01.73
 Accumulated Load   Time among all Iterations (DDD:HH:MM:SS.DD) 000:00:00:00.28
 Accumulated Comp.  Time among all Iterations (DDD:HH:MM:SS.DD) 000:00:02:30.25
 Accumulated CPU    Time of present job       (DDD:HH:MM:SS.DD) 000:00:00:00.00
 
 ITERATION          187
 STARTING SUBJECTS          1 TO       34 ON MANAGER: OK
 STARTING SUBJECTS         35 TO       67 ON WORKER1: OK
 STARTING SUBJECTS         68 TO      100 ON WORKER2: OK
 COLLECTING SUBJECTS        1 TO       34 ON MANAGER
 COLLECTING SUBJECTS       68 TO      100 ON WORKER2
 COLLECTING SUBJECTS       35 TO       67 ON WORKER1
 Tot. mngr. proc.   Time for this  Iteration  (DDD:HH:MM:SS.DD) 000:00:00:00.00
 Total Load         Time for this  Iteration  (DDD:HH:MM:SS.DD) 000:00:00:00.00
 Total Computation  Time for this  Iteration  (DDD:HH:MM:SS.DD) 000:00:00:00.05
 Accum. mngr. proc. Time among all Iterations (DDD:HH:MM:SS.DD) 000:00:00:01.73
 Accumulated Load   Time among all Iterations (DDD:HH:MM:SS.DD) 000:00:00:00.28
 Accumulated Comp.  Time among all Iterations (DDD:HH:MM:SS.DD) 000:00:02:30.30
 Accumulated CPU    Time of present job       (DDD:HH:MM:SS.DD) 000:00:00:00.00
 
 ITERATION          188
 STARTING SUBJECTS          1 TO       34 ON MANAGER: OK
 STARTING SUBJECTS         35 TO       67 ON WORKER1: OK
 STARTING SUBJECTS         68 TO      100 ON WORKER2: OK
 COLLECTING SUBJECTS        1 TO       34 ON MANAGER
 COLLECTING SUBJECTS       68 TO      100 ON WORKER2
 COLLECTING SUBJECTS       35 TO       67 ON WORKER1
 Tot. mngr. proc.   Time for this  Iteration  (DDD:HH:MM:SS.DD) 000:00:00:00.00
 Total Load         Time for this  Iteration  (DDD:HH:MM:SS.DD) 000:00:00:00.00
 Total Computation  Time for this  Iteration  (DDD:HH:MM:SS.DD) 000:00:00:00.05
 Accum. mngr. proc. Time among all Iterations (DDD:HH:MM:SS.DD) 000:00:00:01.73
 Accumulated Load   Time among all Iterations (DDD:HH:MM:SS.DD) 000:00:00:00.28
 Accumulated Comp.  Time among all Iterations (DDD:HH:MM:SS.DD) 000:00:02:30.34
 Accumulated CPU    Time of present job       (DDD:HH:MM:SS.DD) 000:00:00:00.00
 
 ITERATION          189
 STARTING SUBJECTS          1 TO       34 ON MANAGER: OK
 STARTING SUBJECTS         35 TO       67 ON WORKER1: OK
 STARTING SUBJECTS         68 TO      100 ON WORKER2: OK
 COLLECTING SUBJECTS        1 TO       34 ON MANAGER
 COLLECTING SUBJECTS       68 TO      100 ON WORKER2
 COLLECTING SUBJECTS       35 TO       67 ON WORKER1
 Tot. mngr. proc.   Time for this  Iteration  (DDD:HH:MM:SS.DD) 000:00:00:00.00
 Total Load         Time for this  Iteration  (DDD:HH:MM:SS.DD) 000:00:00:00.00
 Total Computation  Time for this  Iteration  (DDD:HH:MM:SS.DD) 000:00:00:00.05
 Accum. mngr. proc. Time among all Iterations (DDD:HH:MM:SS.DD) 000:00:00:01.73
 Accumulated Load   Time among all Iterations (DDD:HH:MM:SS.DD) 000:00:00:00.28
 Accumulated Comp.  Time among all Iterations (DDD:HH:MM:SS.DD) 000:00:02:30.39
 Accumulated CPU    Time of present job       (DDD:HH:MM:SS.DD) 000:00:00:00.00
 
 ITERATION          190
 STARTING SUBJECTS          1 TO       34 ON MANAGER: OK
 STARTING SUBJECTS         35 TO       67 ON WORKER1: OK
 STARTING SUBJECTS         68 TO      100 ON WORKER2: OK
 COLLECTING SUBJECTS        1 TO       34 ON MANAGER
 COLLECTING SUBJECTS       68 TO      100 ON WORKER2
 COLLECTING SUBJECTS       35 TO       67 ON WORKER1
 Tot. mngr. proc.   Time for this  Iteration  (DDD:HH:MM:SS.DD) 000:00:00:00.00
 Total Load         Time for this  Iteration  (DDD:HH:MM:SS.DD) 000:00:00:00.00
 Total Computation  Time for this  Iteration  (DDD:HH:MM:SS.DD) 000:00:00:00.05
 Accum. mngr. proc. Time among all Iterations (DDD:HH:MM:SS.DD) 000:00:00:01.73
 Accumulated Load   Time among all Iterations (DDD:HH:MM:SS.DD) 000:00:00:00.28
 Accumulated Comp.  Time among all Iterations (DDD:HH:MM:SS.DD) 000:00:02:30.44
 Accumulated CPU    Time of present job       (DDD:HH:MM:SS.DD) 000:00:00:00.00
 
 ITERATION          191
 STARTING SUBJECTS          1 TO       34 ON MANAGER: OK
 STARTING SUBJECTS         35 TO       67 ON WORKER1: OK
 STARTING SUBJECTS         68 TO      100 ON WORKER2: OK
 COLLECTING SUBJECTS        1 TO       34 ON MANAGER
 COLLECTING SUBJECTS       68 TO      100 ON WORKER2
 COLLECTING SUBJECTS       35 TO       67 ON WORKER1
 Tot. mngr. proc.   Time for this  Iteration  (DDD:HH:MM:SS.DD) 000:00:00:00.00
 Total Load         Time for this  Iteration  (DDD:HH:MM:SS.DD) 000:00:00:00.00
 Total Computation  Time for this  Iteration  (DDD:HH:MM:SS.DD) 000:00:00:00.05
 Accum. mngr. proc. Time among all Iterations (DDD:HH:MM:SS.DD) 000:00:00:01.73
 Accumulated Load   Time among all Iterations (DDD:HH:MM:SS.DD) 000:00:00:00.28
 Accumulated Comp.  Time among all Iterations (DDD:HH:MM:SS.DD) 000:00:02:30.48
 Accumulated CPU    Time of present job       (DDD:HH:MM:SS.DD) 000:00:00:00.00
 
 ITERATION          192
 STARTING SUBJECTS          1 TO       34 ON MANAGER: OK
 STARTING SUBJECTS         35 TO       67 ON WORKER1: OK
 STARTING SUBJECTS         68 TO      100 ON WORKER2: OK
 COLLECTING SUBJECTS        1 TO       34 ON MANAGER
 COLLECTING SUBJECTS       68 TO      100 ON WORKER2
 COLLECTING SUBJECTS       35 TO       67 ON WORKER1
 Tot. mngr. proc.   Time for this  Iteration  (DDD:HH:MM:SS.DD) 000:00:00:00.00
 Total Load         Time for this  Iteration  (DDD:HH:MM:SS.DD) 000:00:00:00.00
 Total Computation  Time for this  Iteration  (DDD:HH:MM:SS.DD) 000:00:00:00.02
 Accum. mngr. proc. Time among all Iterations (DDD:HH:MM:SS.DD) 000:00:00:01.73
 Accumulated Load   Time among all Iterations (DDD:HH:MM:SS.DD) 000:00:00:00.28
 Accumulated Comp.  Time among all Iterations (DDD:HH:MM:SS.DD) 000:00:02:30.50
 Accumulated CPU    Time of present job       (DDD:HH:MM:SS.DD) 000:00:00:00.00
 
 ITERATION          193
 STARTING SUBJECTS          1 TO       34 ON MANAGER: OK
 STARTING SUBJECTS         35 TO       67 ON WORKER1: OK
 STARTING SUBJECTS         68 TO      100 ON WORKER2: OK
 COLLECTING SUBJECTS        1 TO       34 ON MANAGER
 COLLECTING SUBJECTS       68 TO      100 ON WORKER2
 COLLECTING SUBJECTS       35 TO       67 ON WORKER1
 Tot. mngr. proc.   Time for this  Iteration  (DDD:HH:MM:SS.DD) 000:00:00:00.00
 Total Load         Time for this  Iteration  (DDD:HH:MM:SS.DD) 000:00:00:00.00
 Total Computation  Time for this  Iteration  (DDD:HH:MM:SS.DD) 000:00:00:00.02
 Accum. mngr. proc. Time among all Iterations (DDD:HH:MM:SS.DD) 000:00:00:01.73
 Accumulated Load   Time among all Iterations (DDD:HH:MM:SS.DD) 000:00:00:00.28
 Accumulated Comp.  Time among all Iterations (DDD:HH:MM:SS.DD) 000:00:02:30.52
 Accumulated CPU    Time of present job       (DDD:HH:MM:SS.DD) 000:00:00:00.00
 
 ITERATION          194
 STARTING SUBJECTS          1 TO       33 ON MANAGER: OK
 STARTING SUBJECTS         34 TO       67 ON WORKER1: OK
 STARTING SUBJECTS         68 TO      100 ON WORKER2: OK
 COLLECTING SUBJECTS        1 TO       33 ON MANAGER
 COLLECTING SUBJECTS       68 TO      100 ON WORKER2
 COLLECTING SUBJECTS       34 TO       67 ON WORKER1
 Tot. mngr. proc.   Time for this  Iteration  (DDD:HH:MM:SS.DD) 000:00:00:00.00
 Total Load         Time for this  Iteration  (DDD:HH:MM:SS.DD) 000:00:00:00.00
 Total Computation  Time for this  Iteration  (DDD:HH:MM:SS.DD) 000:00:00:00.03
 Accum. mngr. proc. Time among all Iterations (DDD:HH:MM:SS.DD) 000:00:00:01.73
 Accumulated Load   Time among all Iterations (DDD:HH:MM:SS.DD) 000:00:00:00.28
 Accumulated Comp.  Time among all Iterations (DDD:HH:MM:SS.DD) 000:00:02:30.55
 Accumulated CPU    Time of present job       (DDD:HH:MM:SS.DD) 000:00:00:00.00
 
 ITERATION          195
 STARTING SUBJECTS          1 TO       34 ON MANAGER: OK
 STARTING SUBJECTS         35 TO       67 ON WORKER1: OK
 STARTING SUBJECTS         68 TO      100 ON WORKER2: OK
 COLLECTING SUBJECTS        1 TO       34 ON MANAGER
 COLLECTING SUBJECTS       35 TO       67 ON WORKER1
 COLLECTING SUBJECTS       68 TO      100 ON WORKER2
 Tot. mngr. proc.   Time for this  Iteration  (DDD:HH:MM:SS.DD) 000:00:00:00.00
 Total Load         Time for this  Iteration  (DDD:HH:MM:SS.DD) 000:00:00:00.00
 Total Computation  Time for this  Iteration  (DDD:HH:MM:SS.DD) 000:00:00:00.03
 Accum. mngr. proc. Time among all Iterations (DDD:HH:MM:SS.DD) 000:00:00:01.73
 Accumulated Load   Time among all Iterations (DDD:HH:MM:SS.DD) 000:00:00:00.28
 Accumulated Comp.  Time among all Iterations (DDD:HH:MM:SS.DD) 000:00:02:30.58
 Accumulated CPU    Time of present job       (DDD:HH:MM:SS.DD) 000:00:00:00.00
 
 ITERATION          196
 STARTING SUBJECTS          1 TO       34 ON MANAGER: OK
 STARTING SUBJECTS         35 TO       67 ON WORKER1: OK
 STARTING SUBJECTS         68 TO      100 ON WORKER2: OK
 COLLECTING SUBJECTS        1 TO       34 ON MANAGER
 COLLECTING SUBJECTS       68 TO      100 ON WORKER2
 COLLECTING SUBJECTS       35 TO       67 ON WORKER1
 Tot. mngr. proc.   Time for this  Iteration  (DDD:HH:MM:SS.DD) 000:00:00:00.00
 Total Load         Time for this  Iteration  (DDD:HH:MM:SS.DD) 000:00:00:00.00
 Total Computation  Time for this  Iteration  (DDD:HH:MM:SS.DD) 000:00:00:00.05
 Accum. mngr. proc. Time among all Iterations (DDD:HH:MM:SS.DD) 000:00:00:01.73
 Accumulated Load   Time among all Iterations (DDD:HH:MM:SS.DD) 000:00:00:00.28
 Accumulated Comp.  Time among all Iterations (DDD:HH:MM:SS.DD) 000:00:02:30.62
 Accumulated CPU    Time of present job       (DDD:HH:MM:SS.DD) 000:00:00:00.00
 
 ITERATION          197
 STARTING SUBJECTS          1 TO       34 ON MANAGER: OK
 STARTING SUBJECTS         35 TO       67 ON WORKER1: OK
 STARTING SUBJECTS         68 TO      100 ON WORKER2: OK
 COLLECTING SUBJECTS        1 TO       34 ON MANAGER
 COLLECTING SUBJECTS       68 TO      100 ON WORKER2
 COLLECTING SUBJECTS       35 TO       67 ON WORKER1
 Tot. mngr. proc.   Time for this  Iteration  (DDD:HH:MM:SS.DD) 000:00:00:00.00
 Total Load         Time for this  Iteration  (DDD:HH:MM:SS.DD) 000:00:00:00.00
 Total Computation  Time for this  Iteration  (DDD:HH:MM:SS.DD) 000:00:00:00.05
 Accum. mngr. proc. Time among all Iterations (DDD:HH:MM:SS.DD) 000:00:00:01.73
 Accumulated Load   Time among all Iterations (DDD:HH:MM:SS.DD) 000:00:00:00.28
 Accumulated Comp.  Time among all Iterations (DDD:HH:MM:SS.DD) 000:00:02:30.67
 Accumulated CPU    Time of present job       (DDD:HH:MM:SS.DD) 000:00:00:00.00
 
 ITERATION          198
 STARTING SUBJECTS          1 TO       34 ON MANAGER: OK
 STARTING SUBJECTS         35 TO       67 ON WORKER1: OK
 STARTING SUBJECTS         68 TO      100 ON WORKER2: OK
 COLLECTING SUBJECTS        1 TO       34 ON MANAGER
 COLLECTING SUBJECTS       68 TO      100 ON WORKER2
 COLLECTING SUBJECTS       35 TO       67 ON WORKER1
 Tot. mngr. proc.   Time for this  Iteration  (DDD:HH:MM:SS.DD) 000:00:00:00.00
 Total Load         Time for this  Iteration  (DDD:HH:MM:SS.DD) 000:00:00:00.00
 Total Computation  Time for this  Iteration  (DDD:HH:MM:SS.DD) 000:00:00:00.05
 Accum. mngr. proc. Time among all Iterations (DDD:HH:MM:SS.DD) 000:00:00:01.73
 Accumulated Load   Time among all Iterations (DDD:HH:MM:SS.DD) 000:00:00:00.28
 Accumulated Comp.  Time among all Iterations (DDD:HH:MM:SS.DD) 000:00:02:30.72
 Accumulated CPU    Time of present job       (DDD:HH:MM:SS.DD) 000:00:00:00.00
 
 ITERATION          199
 STARTING SUBJECTS          1 TO       34 ON MANAGER: OK
 STARTING SUBJECTS         35 TO       67 ON WORKER1: OK
 STARTING SUBJECTS         68 TO      100 ON WORKER2: OK
 COLLECTING SUBJECTS        1 TO       34 ON MANAGER
 COLLECTING SUBJECTS       68 TO      100 ON WORKER2
 COLLECTING SUBJECTS       35 TO       67 ON WORKER1
 Tot. mngr. proc.   Time for this  Iteration  (DDD:HH:MM:SS.DD) 000:00:00:00.00
 Total Load         Time for this  Iteration  (DDD:HH:MM:SS.DD) 000:00:00:00.00
 Total Computation  Time for this  Iteration  (DDD:HH:MM:SS.DD) 000:00:00:00.05
 Accum. mngr. proc. Time among all Iterations (DDD:HH:MM:SS.DD) 000:00:00:01.73
 Accumulated Load   Time among all Iterations (DDD:HH:MM:SS.DD) 000:00:00:00.28
 Accumulated Comp.  Time among all Iterations (DDD:HH:MM:SS.DD) 000:00:02:30.77
 Accumulated CPU    Time of present job       (DDD:HH:MM:SS.DD) 000:00:00:00.00
 
 ITERATION          200
 STARTING SUBJECTS          1 TO       34 ON MANAGER: OK
 STARTING SUBJECTS         35 TO       67 ON WORKER1: OK
 STARTING SUBJECTS         68 TO      100 ON WORKER2: OK
 COLLECTING SUBJECTS        1 TO       34 ON MANAGER
 COLLECTING SUBJECTS       35 TO       67 ON WORKER1
 COLLECTING SUBJECTS       68 TO      100 ON WORKER2
 Tot. mngr. proc.   Time for this  Iteration  (DDD:HH:MM:SS.DD) 000:00:00:00.00
 Total Load         Time for this  Iteration  (DDD:HH:MM:SS.DD) 000:00:00:00.00
 Total Computation  Time for this  Iteration  (DDD:HH:MM:SS.DD) 000:00:00:00.05
 Accum. mngr. proc. Time among all Iterations (DDD:HH:MM:SS.DD) 000:00:00:01.73
 Accumulated Load   Time among all Iterations (DDD:HH:MM:SS.DD) 000:00:00:00.28
 Accumulated Comp.  Time among all Iterations (DDD:HH:MM:SS.DD) 000:00:02:30.81
 Accumulated CPU    Time of present job       (DDD:HH:MM:SS.DD) 000:00:00:00.00
 
 ITERATION          201
 STARTING SUBJECTS          1 TO       34 ON MANAGER: OK
 STARTING SUBJECTS         35 TO       67 ON WORKER1: OK
 STARTING SUBJECTS         68 TO      100 ON WORKER2: OK
 COLLECTING SUBJECTS        1 TO       34 ON MANAGER
 COLLECTING SUBJECTS       68 TO      100 ON WORKER2
 COLLECTING SUBJECTS       35 TO       67 ON WORKER1
 Tot. mngr. proc.   Time for this  Iteration  (DDD:HH:MM:SS.DD) 000:00:00:00.00
 Total Load         Time for this  Iteration  (DDD:HH:MM:SS.DD) 000:00:00:00.00
 Total Computation  Time for this  Iteration  (DDD:HH:MM:SS.DD) 000:00:00:00.05
 Accum. mngr. proc. Time among all Iterations (DDD:HH:MM:SS.DD) 000:00:00:01.73
 Accumulated Load   Time among all Iterations (DDD:HH:MM:SS.DD) 000:00:00:00.28
 Accumulated Comp.  Time among all Iterations (DDD:HH:MM:SS.DD) 000:00:02:30.86
 Accumulated CPU    Time of present job       (DDD:HH:MM:SS.DD) 000:00:00:00.00
 
 ITERATION          202
 STARTING SUBJECTS          1 TO       34 ON MANAGER: OK
 STARTING SUBJECTS         35 TO       67 ON WORKER1: OK
 STARTING SUBJECTS         68 TO      100 ON WORKER2: OK
 COLLECTING SUBJECTS        1 TO       34 ON MANAGER
 COLLECTING SUBJECTS       35 TO       67 ON WORKER1
 COLLECTING SUBJECTS       68 TO      100 ON WORKER2
 Tot. mngr. proc.   Time for this  Iteration  (DDD:HH:MM:SS.DD) 000:00:00:00.00
 Total Load         Time for this  Iteration  (DDD:HH:MM:SS.DD) 000:00:00:00.00
 Total Computation  Time for this  Iteration  (DDD:HH:MM:SS.DD) 000:00:00:00.05
 Accum. mngr. proc. Time among all Iterations (DDD:HH:MM:SS.DD) 000:00:00:01.73
 Accumulated Load   Time among all Iterations (DDD:HH:MM:SS.DD) 000:00:00:00.28
 Accumulated Comp.  Time among all Iterations (DDD:HH:MM:SS.DD) 000:00:02:30.91
 Accumulated CPU    Time of present job       (DDD:HH:MM:SS.DD) 000:00:00:00.00
 
 ITERATION          203
 STARTING SUBJECTS          1 TO       34 ON MANAGER: OK
 STARTING SUBJECTS         35 TO       67 ON WORKER1: OK
 STARTING SUBJECTS         68 TO      100 ON WORKER2: OK
 COLLECTING SUBJECTS        1 TO       34 ON MANAGER
 COLLECTING SUBJECTS       68 TO      100 ON WORKER2
 COLLECTING SUBJECTS       35 TO       67 ON WORKER1
 Tot. mngr. proc.   Time for this  Iteration  (DDD:HH:MM:SS.DD) 000:00:00:00.00
 Total Load         Time for this  Iteration  (DDD:HH:MM:SS.DD) 000:00:00:00.00
 Total Computation  Time for this  Iteration  (DDD:HH:MM:SS.DD) 000:00:00:00.05
 Accum. mngr. proc. Time among all Iterations (DDD:HH:MM:SS.DD) 000:00:00:01.73
 Accumulated Load   Time among all Iterations (DDD:HH:MM:SS.DD) 000:00:00:00.28
 Accumulated Comp.  Time among all Iterations (DDD:HH:MM:SS.DD) 000:00:02:30.95
 Accumulated CPU    Time of present job       (DDD:HH:MM:SS.DD) 000:00:00:00.00
 
 ITERATION          204
 STARTING SUBJECTS          1 TO       34 ON MANAGER: OK
 STARTING SUBJECTS         35 TO       67 ON WORKER1: OK
 STARTING SUBJECTS         68 TO      100 ON WORKER2: OK
 COLLECTING SUBJECTS        1 TO       34 ON MANAGER
 COLLECTING SUBJECTS       35 TO       67 ON WORKER1
 COLLECTING SUBJECTS       68 TO      100 ON WORKER2
 Tot. mngr. proc.   Time for this  Iteration  (DDD:HH:MM:SS.DD) 000:00:00:00.00
 Total Load         Time for this  Iteration  (DDD:HH:MM:SS.DD) 000:00:00:00.00
 Total Computation  Time for this  Iteration  (DDD:HH:MM:SS.DD) 000:00:00:00.05
 Accum. mngr. proc. Time among all Iterations (DDD:HH:MM:SS.DD) 000:00:00:01.73
 Accumulated Load   Time among all Iterations (DDD:HH:MM:SS.DD) 000:00:00:00.28
 Accumulated Comp.  Time among all Iterations (DDD:HH:MM:SS.DD) 000:00:02:31.00
 Accumulated CPU    Time of present job       (DDD:HH:MM:SS.DD) 000:00:00:00.00
 
 ITERATION          205
 STARTING SUBJECTS          1 TO       34 ON MANAGER: OK
 STARTING SUBJECTS         35 TO       67 ON WORKER1: OK
 STARTING SUBJECTS         68 TO      100 ON WORKER2: OK
 COLLECTING SUBJECTS        1 TO       34 ON MANAGER
 COLLECTING SUBJECTS       68 TO      100 ON WORKER2
 COLLECTING SUBJECTS       35 TO       67 ON WORKER1
 Tot. mngr. proc.   Time for this  Iteration  (DDD:HH:MM:SS.DD) 000:00:00:00.00
 Total Load         Time for this  Iteration  (DDD:HH:MM:SS.DD) 000:00:00:00.00
 Total Computation  Time for this  Iteration  (DDD:HH:MM:SS.DD) 000:00:00:00.05
 Accum. mngr. proc. Time among all Iterations (DDD:HH:MM:SS.DD) 000:00:00:01.73
 Accumulated Load   Time among all Iterations (DDD:HH:MM:SS.DD) 000:00:00:00.28
 Accumulated Comp.  Time among all Iterations (DDD:HH:MM:SS.DD) 000:00:02:31.05
 Accumulated CPU    Time of present job       (DDD:HH:MM:SS.DD) 000:00:00:00.00
 
 ITERATION          206
 STARTING SUBJECTS          1 TO       34 ON MANAGER: OK
 STARTING SUBJECTS         35 TO       67 ON WORKER1: OK
 STARTING SUBJECTS         68 TO      100 ON WORKER2: OK
 COLLECTING SUBJECTS        1 TO       34 ON MANAGER
 COLLECTING SUBJECTS       35 TO       67 ON WORKER1
 COLLECTING SUBJECTS       68 TO      100 ON WORKER2
 Tot. mngr. proc.   Time for this  Iteration  (DDD:HH:MM:SS.DD) 000:00:00:00.00
 Total Load         Time for this  Iteration  (DDD:HH:MM:SS.DD) 000:00:00:00.00
 Total Computation  Time for this  Iteration  (DDD:HH:MM:SS.DD) 000:00:00:00.05
 Accum. mngr. proc. Time among all Iterations (DDD:HH:MM:SS.DD) 000:00:00:01.73
 Accumulated Load   Time among all Iterations (DDD:HH:MM:SS.DD) 000:00:00:00.28
 Accumulated Comp.  Time among all Iterations (DDD:HH:MM:SS.DD) 000:00:02:31.09
 Accumulated CPU    Time of present job       (DDD:HH:MM:SS.DD) 000:00:00:00.00
 
 ITERATION          207
 STARTING SUBJECTS          1 TO       34 ON MANAGER: OK
 STARTING SUBJECTS         35 TO       67 ON WORKER1: OK
 STARTING SUBJECTS         68 TO      100 ON WORKER2: OK
 COLLECTING SUBJECTS        1 TO       34 ON MANAGER
 COLLECTING SUBJECTS       68 TO      100 ON WORKER2
 COLLECTING SUBJECTS       35 TO       67 ON WORKER1
 Tot. mngr. proc.   Time for this  Iteration  (DDD:HH:MM:SS.DD) 000:00:00:00.02
 Total Load         Time for this  Iteration  (DDD:HH:MM:SS.DD) 000:00:00:00.00
 Total Computation  Time for this  Iteration  (DDD:HH:MM:SS.DD) 000:00:00:00.05
 Accum. mngr. proc. Time among all Iterations (DDD:HH:MM:SS.DD) 000:00:00:01.75
 Accumulated Load   Time among all Iterations (DDD:HH:MM:SS.DD) 000:00:00:00.28
 Accumulated Comp.  Time among all Iterations (DDD:HH:MM:SS.DD) 000:00:02:31.14
 Accumulated CPU    Time of present job       (DDD:HH:MM:SS.DD) 000:00:00:00.00
 
 ITERATION          208
 STARTING SUBJECTS          1 TO       34 ON MANAGER: OK
 STARTING SUBJECTS         35 TO       67 ON WORKER1: OK
 STARTING SUBJECTS         68 TO      100 ON WORKER2: OK
 COLLECTING SUBJECTS        1 TO       34 ON MANAGER
 COLLECTING SUBJECTS       68 TO      100 ON WORKER2
 COLLECTING SUBJECTS       35 TO       67 ON WORKER1
 Tot. mngr. proc.   Time for this  Iteration  (DDD:HH:MM:SS.DD) 000:00:00:00.02
 Total Load         Time for this  Iteration  (DDD:HH:MM:SS.DD) 000:00:00:00.00
 Total Computation  Time for this  Iteration  (DDD:HH:MM:SS.DD) 000:00:00:01.02
 Accum. mngr. proc. Time among all Iterations (DDD:HH:MM:SS.DD) 000:00:00:01.77
 Accumulated Load   Time among all Iterations (DDD:HH:MM:SS.DD) 000:00:00:00.28
 Accumulated Comp.  Time among all Iterations (DDD:HH:MM:SS.DD) 000:00:02:32.16
 Accumulated CPU    Time of present job       (DDD:HH:MM:SS.DD) 000:00:00:00.00
 
 ITERATION          209
 STARTING SUBJECTS          1 TO       34 ON MANAGER: OK
 STARTING SUBJECTS         35 TO       67 ON WORKER1: OK
 STARTING SUBJECTS         68 TO      100 ON WORKER2: OK
 COLLECTING SUBJECTS        1 TO       34 ON MANAGER
 COLLECTING SUBJECTS       35 TO       67 ON WORKER1
 COLLECTING SUBJECTS       68 TO      100 ON WORKER2
 Tot. mngr. proc.   Time for this  Iteration  (DDD:HH:MM:SS.DD) 000:00:00:00.00
 Total Load         Time for this  Iteration  (DDD:HH:MM:SS.DD) 000:00:00:00.00
 Total Computation  Time for this  Iteration  (DDD:HH:MM:SS.DD) 000:00:00:01.02
 Accum. mngr. proc. Time among all Iterations (DDD:HH:MM:SS.DD) 000:00:00:01.77
 Accumulated Load   Time among all Iterations (DDD:HH:MM:SS.DD) 000:00:00:00.28
 Accumulated Comp.  Time among all Iterations (DDD:HH:MM:SS.DD) 000:00:02:33.17
 Accumulated CPU    Time of present job       (DDD:HH:MM:SS.DD) 000:00:00:00.00
 
 ITERATION          210
 STARTING SUBJECTS          1 TO       34 ON MANAGER: OK
 STARTING SUBJECTS         35 TO       67 ON WORKER1: OK
 STARTING SUBJECTS         68 TO      100 ON WORKER2: OK
 COLLECTING SUBJECTS        1 TO       34 ON MANAGER
 COLLECTING SUBJECTS       68 TO      100 ON WORKER2
 COLLECTING SUBJECTS       35 TO       67 ON WORKER1
 Tot. mngr. proc.   Time for this  Iteration  (DDD:HH:MM:SS.DD) 000:00:00:00.00
 Total Load         Time for this  Iteration  (DDD:HH:MM:SS.DD) 000:00:00:00.00
 Total Computation  Time for this  Iteration  (DDD:HH:MM:SS.DD) 000:00:00:00.05
 Accum. mngr. proc. Time among all Iterations (DDD:HH:MM:SS.DD) 000:00:00:01.77
 Accumulated Load   Time among all Iterations (DDD:HH:MM:SS.DD) 000:00:00:00.28
 Accumulated Comp.  Time among all Iterations (DDD:HH:MM:SS.DD) 000:00:02:33.22
 Accumulated CPU    Time of present job       (DDD:HH:MM:SS.DD) 000:00:00:00.00
 
 ITERATION          211
 STARTING SUBJECTS          1 TO       34 ON MANAGER: OK
 STARTING SUBJECTS         35 TO       67 ON WORKER1: OK
 STARTING SUBJECTS         68 TO      100 ON WORKER2: OK
 COLLECTING SUBJECTS        1 TO       34 ON MANAGER
 COLLECTING SUBJECTS       68 TO      100 ON WORKER2
 COLLECTING SUBJECTS       35 TO       67 ON WORKER1
 Tot. mngr. proc.   Time for this  Iteration  (DDD:HH:MM:SS.DD) 000:00:00:00.00
 Total Load         Time for this  Iteration  (DDD:HH:MM:SS.DD) 000:00:00:00.00
 Total Computation  Time for this  Iteration  (DDD:HH:MM:SS.DD) 000:00:00:00.05
 Accum. mngr. proc. Time among all Iterations (DDD:HH:MM:SS.DD) 000:00:00:01.77
 Accumulated Load   Time among all Iterations (DDD:HH:MM:SS.DD) 000:00:00:00.28
 Accumulated Comp.  Time among all Iterations (DDD:HH:MM:SS.DD) 000:00:02:33.27
 Accumulated CPU    Time of present job       (DDD:HH:MM:SS.DD) 000:00:00:00.00
 
 ITERATION          212
 STARTING SUBJECTS          1 TO       34 ON MANAGER: OK
 STARTING SUBJECTS         35 TO       67 ON WORKER1: OK
 STARTING SUBJECTS         68 TO      100 ON WORKER2: OK
 COLLECTING SUBJECTS        1 TO       34 ON MANAGER
 COLLECTING SUBJECTS       68 TO      100 ON WORKER2
 COLLECTING SUBJECTS       35 TO       67 ON WORKER1
 Tot. mngr. proc.   Time for this  Iteration  (DDD:HH:MM:SS.DD) 000:00:00:00.00
 Total Load         Time for this  Iteration  (DDD:HH:MM:SS.DD) 000:00:00:00.00
 Total Computation  Time for this  Iteration  (DDD:HH:MM:SS.DD) 000:00:00:00.05
 Accum. mngr. proc. Time among all Iterations (DDD:HH:MM:SS.DD) 000:00:00:01.77
 Accumulated Load   Time among all Iterations (DDD:HH:MM:SS.DD) 000:00:00:00.28
 Accumulated Comp.  Time among all Iterations (DDD:HH:MM:SS.DD) 000:00:02:33.31
 Accumulated CPU    Time of present job       (DDD:HH:MM:SS.DD) 000:00:00:00.00
 
 ITERATION          213
 STARTING SUBJECTS          1 TO       34 ON MANAGER: OK
 STARTING SUBJECTS         35 TO       67 ON WORKER1: OK
 STARTING SUBJECTS         68 TO      100 ON WORKER2: OK
 COLLECTING SUBJECTS        1 TO       34 ON MANAGER
 COLLECTING SUBJECTS       35 TO       67 ON WORKER1
 COLLECTING SUBJECTS       68 TO      100 ON WORKER2
 Tot. mngr. proc.   Time for this  Iteration  (DDD:HH:MM:SS.DD) 000:00:00:00.00
 Total Load         Time for this  Iteration  (DDD:HH:MM:SS.DD) 000:00:00:00.00
 Total Computation  Time for this  Iteration  (DDD:HH:MM:SS.DD) 000:00:00:00.05
 Accum. mngr. proc. Time among all Iterations (DDD:HH:MM:SS.DD) 000:00:00:01.77
 Accumulated Load   Time among all Iterations (DDD:HH:MM:SS.DD) 000:00:00:00.28
 Accumulated Comp.  Time among all Iterations (DDD:HH:MM:SS.DD) 000:00:02:33.36
 Accumulated CPU    Time of present job       (DDD:HH:MM:SS.DD) 000:00:00:00.00
 
 ITERATION          214
 STARTING SUBJECTS          1 TO       34 ON MANAGER: OK
 STARTING SUBJECTS         35 TO       67 ON WORKER1: OK
 STARTING SUBJECTS         68 TO      100 ON WORKER2: OK
 COLLECTING SUBJECTS        1 TO       34 ON MANAGER
 COLLECTING SUBJECTS       68 TO      100 ON WORKER2
 COLLECTING SUBJECTS       35 TO       67 ON WORKER1
 Tot. mngr. proc.   Time for this  Iteration  (DDD:HH:MM:SS.DD) 000:00:00:00.00
 Total Load         Time for this  Iteration  (DDD:HH:MM:SS.DD) 000:00:00:00.00
 Total Computation  Time for this  Iteration  (DDD:HH:MM:SS.DD) 000:00:00:00.05
 Accum. mngr. proc. Time among all Iterations (DDD:HH:MM:SS.DD) 000:00:00:01.77
 Accumulated Load   Time among all Iterations (DDD:HH:MM:SS.DD) 000:00:00:00.28
 Accumulated Comp.  Time among all Iterations (DDD:HH:MM:SS.DD) 000:00:02:33.41
 Accumulated CPU    Time of present job       (DDD:HH:MM:SS.DD) 000:00:00:00.00
 
 ITERATION          215
 STARTING SUBJECTS          1 TO       34 ON MANAGER: OK
 STARTING SUBJECTS         35 TO       67 ON WORKER1: OK
 STARTING SUBJECTS         68 TO      100 ON WORKER2: OK
 COLLECTING SUBJECTS        1 TO       34 ON MANAGER
 COLLECTING SUBJECTS       68 TO      100 ON WORKER2
 COLLECTING SUBJECTS       35 TO       67 ON WORKER1
 Tot. mngr. proc.   Time for this  Iteration  (DDD:HH:MM:SS.DD) 000:00:00:00.00
 Total Load         Time for this  Iteration  (DDD:HH:MM:SS.DD) 000:00:00:00.00
 Total Computation  Time for this  Iteration  (DDD:HH:MM:SS.DD) 000:00:00:00.05
 Accum. mngr. proc. Time among all Iterations (DDD:HH:MM:SS.DD) 000:00:00:01.77
 Accumulated Load   Time among all Iterations (DDD:HH:MM:SS.DD) 000:00:00:00.28
 Accumulated Comp.  Time among all Iterations (DDD:HH:MM:SS.DD) 000:00:02:33.46
 Accumulated CPU    Time of present job       (DDD:HH:MM:SS.DD) 000:00:00:00.00
 
 ITERATION          216
 STARTING SUBJECTS          1 TO       34 ON MANAGER: OK
 STARTING SUBJECTS         35 TO       67 ON WORKER1: OK
 STARTING SUBJECTS         68 TO      100 ON WORKER2: OK
 COLLECTING SUBJECTS        1 TO       34 ON MANAGER
 COLLECTING SUBJECTS       68 TO      100 ON WORKER2
 COLLECTING SUBJECTS       35 TO       67 ON WORKER1
 Tot. mngr. proc.   Time for this  Iteration  (DDD:HH:MM:SS.DD) 000:00:00:00.00
 Total Load         Time for this  Iteration  (DDD:HH:MM:SS.DD) 000:00:00:00.00
 Total Computation  Time for this  Iteration  (DDD:HH:MM:SS.DD) 000:00:00:00.05
 Accum. mngr. proc. Time among all Iterations (DDD:HH:MM:SS.DD) 000:00:00:01.77
 Accumulated Load   Time among all Iterations (DDD:HH:MM:SS.DD) 000:00:00:00.28
 Accumulated Comp.  Time among all Iterations (DDD:HH:MM:SS.DD) 000:00:02:33.50
 Accumulated CPU    Time of present job       (DDD:HH:MM:SS.DD) 000:00:00:00.00
 
 ITERATION          217
 STARTING SUBJECTS          1 TO       34 ON MANAGER: OK
 STARTING SUBJECTS         35 TO       67 ON WORKER1: OK
 STARTING SUBJECTS         68 TO      100 ON WORKER2: OK
 COLLECTING SUBJECTS        1 TO       34 ON MANAGER
 COLLECTING SUBJECTS       68 TO      100 ON WORKER2
 COLLECTING SUBJECTS       35 TO       67 ON WORKER1
 Tot. mngr. proc.   Time for this  Iteration  (DDD:HH:MM:SS.DD) 000:00:00:00.00
 Total Load         Time for this  Iteration  (DDD:HH:MM:SS.DD) 000:00:00:00.00
 Total Computation  Time for this  Iteration  (DDD:HH:MM:SS.DD) 000:00:00:00.05
 Accum. mngr. proc. Time among all Iterations (DDD:HH:MM:SS.DD) 000:00:00:01.77
 Accumulated Load   Time among all Iterations (DDD:HH:MM:SS.DD) 000:00:00:00.28
 Accumulated Comp.  Time among all Iterations (DDD:HH:MM:SS.DD) 000:00:02:33.55
 Accumulated CPU    Time of present job       (DDD:HH:MM:SS.DD) 000:00:00:00.00
 
 ITERATION          218
 STARTING SUBJECTS          1 TO       34 ON MANAGER: OK
 STARTING SUBJECTS         35 TO       67 ON WORKER1: OK
 STARTING SUBJECTS         68 TO      100 ON WORKER2: OK
 COLLECTING SUBJECTS        1 TO       34 ON MANAGER
 COLLECTING SUBJECTS       68 TO      100 ON WORKER2
 COLLECTING SUBJECTS       35 TO       67 ON WORKER1
 Tot. mngr. proc.   Time for this  Iteration  (DDD:HH:MM:SS.DD) 000:00:00:00.00
 Total Load         Time for this  Iteration  (DDD:HH:MM:SS.DD) 000:00:00:00.00
 Total Computation  Time for this  Iteration  (DDD:HH:MM:SS.DD) 000:00:00:00.05
 Accum. mngr. proc. Time among all Iterations (DDD:HH:MM:SS.DD) 000:00:00:01.77
 Accumulated Load   Time among all Iterations (DDD:HH:MM:SS.DD) 000:00:00:00.28
 Accumulated Comp.  Time among all Iterations (DDD:HH:MM:SS.DD) 000:00:02:33.60
 Accumulated CPU    Time of present job       (DDD:HH:MM:SS.DD) 000:00:00:00.00
 
 ITERATION          219
 STARTING SUBJECTS          1 TO       34 ON MANAGER: OK
 STARTING SUBJECTS         35 TO       67 ON WORKER1: OK
 STARTING SUBJECTS         68 TO      100 ON WORKER2: OK
 COLLECTING SUBJECTS        1 TO       34 ON MANAGER
 COLLECTING SUBJECTS       68 TO      100 ON WORKER2
 COLLECTING SUBJECTS       35 TO       67 ON WORKER1
 Tot. mngr. proc.   Time for this  Iteration  (DDD:HH:MM:SS.DD) 000:00:00:00.00
 Total Load         Time for this  Iteration  (DDD:HH:MM:SS.DD) 000:00:00:00.00
 Total Computation  Time for this  Iteration  (DDD:HH:MM:SS.DD) 000:00:00:00.05
 Accum. mngr. proc. Time among all Iterations (DDD:HH:MM:SS.DD) 000:00:00:01.77
 Accumulated Load   Time among all Iterations (DDD:HH:MM:SS.DD) 000:00:00:00.28
 Accumulated Comp.  Time among all Iterations (DDD:HH:MM:SS.DD) 000:00:02:33.64
 Accumulated CPU    Time of present job       (DDD:HH:MM:SS.DD) 000:00:00:00.00
 
 ITERATION          220
 STARTING SUBJECTS          1 TO       34 ON MANAGER: OK
 STARTING SUBJECTS         35 TO       67 ON WORKER1: OK
 STARTING SUBJECTS         68 TO      100 ON WORKER2: OK
 COLLECTING SUBJECTS        1 TO       34 ON MANAGER
 COLLECTING SUBJECTS       35 TO       67 ON WORKER1
 COLLECTING SUBJECTS       68 TO      100 ON WORKER2
 Tot. mngr. proc.   Time for this  Iteration  (DDD:HH:MM:SS.DD) 000:00:00:00.00
 Total Load         Time for this  Iteration  (DDD:HH:MM:SS.DD) 000:00:00:00.00
 Total Computation  Time for this  Iteration  (DDD:HH:MM:SS.DD) 000:00:00:00.05
 Accum. mngr. proc. Time among all Iterations (DDD:HH:MM:SS.DD) 000:00:00:01.77
 Accumulated Load   Time among all Iterations (DDD:HH:MM:SS.DD) 000:00:00:00.28
 Accumulated Comp.  Time among all Iterations (DDD:HH:MM:SS.DD) 000:00:02:33.69
 Accumulated CPU    Time of present job       (DDD:HH:MM:SS.DD) 000:00:00:00.00
 
 ITERATION          221
 STARTING SUBJECTS          1 TO       34 ON MANAGER: OK
 STARTING SUBJECTS         35 TO       67 ON WORKER1: OK
 STARTING SUBJECTS         68 TO      100 ON WORKER2: OK
 COLLECTING SUBJECTS        1 TO       34 ON MANAGER
 COLLECTING SUBJECTS       68 TO      100 ON WORKER2
 COLLECTING SUBJECTS       35 TO       67 ON WORKER1
 Tot. mngr. proc.   Time for this  Iteration  (DDD:HH:MM:SS.DD) 000:00:00:00.00
 Total Load         Time for this  Iteration  (DDD:HH:MM:SS.DD) 000:00:00:00.00
 Total Computation  Time for this  Iteration  (DDD:HH:MM:SS.DD) 000:00:00:00.05
 Accum. mngr. proc. Time among all Iterations (DDD:HH:MM:SS.DD) 000:00:00:01.77
 Accumulated Load   Time among all Iterations (DDD:HH:MM:SS.DD) 000:00:00:00.28
 Accumulated Comp.  Time among all Iterations (DDD:HH:MM:SS.DD) 000:00:02:33.74
 Accumulated CPU    Time of present job       (DDD:HH:MM:SS.DD) 000:00:00:00.00
 
 ITERATION          222
 STARTING SUBJECTS          1 TO       34 ON MANAGER: OK
 STARTING SUBJECTS         35 TO       67 ON WORKER1: OK
 STARTING SUBJECTS         68 TO      100 ON WORKER2: OK
 COLLECTING SUBJECTS        1 TO       34 ON MANAGER
 COLLECTING SUBJECTS       68 TO      100 ON WORKER2
 COLLECTING SUBJECTS       35 TO       67 ON WORKER1
 Tot. mngr. proc.   Time for this  Iteration  (DDD:HH:MM:SS.DD) 000:00:00:00.00
 Total Load         Time for this  Iteration  (DDD:HH:MM:SS.DD) 000:00:00:00.00
 Total Computation  Time for this  Iteration  (DDD:HH:MM:SS.DD) 000:00:00:00.05
 Accum. mngr. proc. Time among all Iterations (DDD:HH:MM:SS.DD) 000:00:00:01.77
 Accumulated Load   Time among all Iterations (DDD:HH:MM:SS.DD) 000:00:00:00.28
 Accumulated Comp.  Time among all Iterations (DDD:HH:MM:SS.DD) 000:00:02:33.78
 Accumulated CPU    Time of present job       (DDD:HH:MM:SS.DD) 000:00:00:00.00
 
 ITERATION          223
 STARTING SUBJECTS          1 TO       34 ON MANAGER: OK
 STARTING SUBJECTS         35 TO       67 ON WORKER1: OK
 STARTING SUBJECTS         68 TO      100 ON WORKER2: OK
 COLLECTING SUBJECTS        1 TO       34 ON MANAGER
 COLLECTING SUBJECTS       68 TO      100 ON WORKER2
 COLLECTING SUBJECTS       35 TO       67 ON WORKER1
 Tot. mngr. proc.   Time for this  Iteration  (DDD:HH:MM:SS.DD) 000:00:00:00.00
 Total Load         Time for this  Iteration  (DDD:HH:MM:SS.DD) 000:00:00:00.00
 Total Computation  Time for this  Iteration  (DDD:HH:MM:SS.DD) 000:00:00:00.05
 Accum. mngr. proc. Time among all Iterations (DDD:HH:MM:SS.DD) 000:00:00:01.77
 Accumulated Load   Time among all Iterations (DDD:HH:MM:SS.DD) 000:00:00:00.28
 Accumulated Comp.  Time among all Iterations (DDD:HH:MM:SS.DD) 000:00:02:33.83
 Accumulated CPU    Time of present job       (DDD:HH:MM:SS.DD) 000:00:00:00.00
 
 ITERATION          224
 STARTING SUBJECTS          1 TO       34 ON MANAGER: OK
 STARTING SUBJECTS         35 TO       67 ON WORKER1: OK
 STARTING SUBJECTS         68 TO      100 ON WORKER2: OK
 COLLECTING SUBJECTS        1 TO       34 ON MANAGER
 COLLECTING SUBJECTS       68 TO      100 ON WORKER2
 COLLECTING SUBJECTS       35 TO       67 ON WORKER1
 Tot. mngr. proc.   Time for this  Iteration  (DDD:HH:MM:SS.DD) 000:00:00:00.02
 Total Load         Time for this  Iteration  (DDD:HH:MM:SS.DD) 000:00:00:00.00
 Total Computation  Time for this  Iteration  (DDD:HH:MM:SS.DD) 000:00:00:00.05
 Accum. mngr. proc. Time among all Iterations (DDD:HH:MM:SS.DD) 000:00:00:01.78
 Accumulated Load   Time among all Iterations (DDD:HH:MM:SS.DD) 000:00:00:00.28
 Accumulated Comp.  Time among all Iterations (DDD:HH:MM:SS.DD) 000:00:02:33.88
 Accumulated CPU    Time of present job       (DDD:HH:MM:SS.DD) 000:00:00:00.00
 
 ITERATION          225
 STARTING SUBJECTS          1 TO       34 ON MANAGER: OK
 STARTING SUBJECTS         35 TO       67 ON WORKER1: OK
 STARTING SUBJECTS         68 TO      100 ON WORKER2: OK
 COLLECTING SUBJECTS        1 TO       34 ON MANAGER
 COLLECTING SUBJECTS       68 TO      100 ON WORKER2
 COLLECTING SUBJECTS       35 TO       67 ON WORKER1
 Tot. mngr. proc.   Time for this  Iteration  (DDD:HH:MM:SS.DD) 000:00:00:00.00
 Total Load         Time for this  Iteration  (DDD:HH:MM:SS.DD) 000:00:00:00.00
 Total Computation  Time for this  Iteration  (DDD:HH:MM:SS.DD) 000:00:00:00.03
 Accum. mngr. proc. Time among all Iterations (DDD:HH:MM:SS.DD) 000:00:00:01.78
 Accumulated Load   Time among all Iterations (DDD:HH:MM:SS.DD) 000:00:00:00.28
 Accumulated Comp.  Time among all Iterations (DDD:HH:MM:SS.DD) 000:00:02:33.91
 Accumulated CPU    Time of present job       (DDD:HH:MM:SS.DD) 000:00:00:00.00
 
 ITERATION          226
 STARTING SUBJECTS          1 TO       34 ON MANAGER: OK
 STARTING SUBJECTS         35 TO       67 ON WORKER1: OK
 STARTING SUBJECTS         68 TO      100 ON WORKER2: OK
 COLLECTING SUBJECTS        1 TO       34 ON MANAGER
 COLLECTING SUBJECTS       35 TO       67 ON WORKER1
 COLLECTING SUBJECTS       68 TO      100 ON WORKER2
 Tot. mngr. proc.   Time for this  Iteration  (DDD:HH:MM:SS.DD) 000:00:00:00.00
 Total Load         Time for this  Iteration  (DDD:HH:MM:SS.DD) 000:00:00:00.00
 Total Computation  Time for this  Iteration  (DDD:HH:MM:SS.DD) 000:00:00:00.05
 Accum. mngr. proc. Time among all Iterations (DDD:HH:MM:SS.DD) 000:00:00:01.78
 Accumulated Load   Time among all Iterations (DDD:HH:MM:SS.DD) 000:00:00:00.28
 Accumulated Comp.  Time among all Iterations (DDD:HH:MM:SS.DD) 000:00:02:33.96
 Accumulated CPU    Time of present job       (DDD:HH:MM:SS.DD) 000:00:00:00.00
 
 ITERATION          227
 STARTING SUBJECTS          1 TO       34 ON MANAGER: OK
 STARTING SUBJECTS         35 TO       67 ON WORKER1: OK
 STARTING SUBJECTS         68 TO      100 ON WORKER2: OK
 COLLECTING SUBJECTS        1 TO       34 ON MANAGER
 COLLECTING SUBJECTS       35 TO       67 ON WORKER1
 COLLECTING SUBJECTS       68 TO      100 ON WORKER2
 Tot. mngr. proc.   Time for this  Iteration  (DDD:HH:MM:SS.DD) 000:00:00:00.02
 Total Load         Time for this  Iteration  (DDD:HH:MM:SS.DD) 000:00:00:00.00
 Total Computation  Time for this  Iteration  (DDD:HH:MM:SS.DD) 000:00:00:00.05
 Accum. mngr. proc. Time among all Iterations (DDD:HH:MM:SS.DD) 000:00:00:01.80
 Accumulated Load   Time among all Iterations (DDD:HH:MM:SS.DD) 000:00:00:00.28
 Accumulated Comp.  Time among all Iterations (DDD:HH:MM:SS.DD) 000:00:02:34.00
 Accumulated CPU    Time of present job       (DDD:HH:MM:SS.DD) 000:00:00:00.00
 
 ITERATION          228
 STARTING SUBJECTS          1 TO       34 ON MANAGER: OK
 STARTING SUBJECTS         35 TO       67 ON WORKER1: OK
 STARTING SUBJECTS         68 TO      100 ON WORKER2: OK
 COLLECTING SUBJECTS        1 TO       34 ON MANAGER
 COLLECTING SUBJECTS       35 TO       67 ON WORKER1
 COLLECTING SUBJECTS       68 TO      100 ON WORKER2
 Tot. mngr. proc.   Time for this  Iteration  (DDD:HH:MM:SS.DD) 000:00:00:00.00
 Total Load         Time for this  Iteration  (DDD:HH:MM:SS.DD) 000:00:00:00.00
 Total Computation  Time for this  Iteration  (DDD:HH:MM:SS.DD) 000:00:00:00.03
 Accum. mngr. proc. Time among all Iterations (DDD:HH:MM:SS.DD) 000:00:00:01.80
 Accumulated Load   Time among all Iterations (DDD:HH:MM:SS.DD) 000:00:00:00.28
 Accumulated Comp.  Time among all Iterations (DDD:HH:MM:SS.DD) 000:00:02:34.03
 Accumulated CPU    Time of present job       (DDD:HH:MM:SS.DD) 000:00:00:00.00
 
 ITERATION          229
 STARTING SUBJECTS          1 TO       34 ON MANAGER: OK
 STARTING SUBJECTS         35 TO       67 ON WORKER1: OK
 STARTING SUBJECTS         68 TO      100 ON WORKER2: OK
 COLLECTING SUBJECTS        1 TO       34 ON MANAGER
 COLLECTING SUBJECTS       35 TO       67 ON WORKER1
 COLLECTING SUBJECTS       68 TO      100 ON WORKER2
 Tot. mngr. proc.   Time for this  Iteration  (DDD:HH:MM:SS.DD) 000:00:00:00.00
 Total Load         Time for this  Iteration  (DDD:HH:MM:SS.DD) 000:00:00:00.00
 Total Computation  Time for this  Iteration  (DDD:HH:MM:SS.DD) 000:00:00:00.05
 Accum. mngr. proc. Time among all Iterations (DDD:HH:MM:SS.DD) 000:00:00:01.80
 Accumulated Load   Time among all Iterations (DDD:HH:MM:SS.DD) 000:00:00:00.28
 Accumulated Comp.  Time among all Iterations (DDD:HH:MM:SS.DD) 000:00:02:34.08
 Accumulated CPU    Time of present job       (DDD:HH:MM:SS.DD) 000:00:00:00.00
 
 ITERATION          230
 STARTING SUBJECTS          1 TO       34 ON MANAGER: OK
 STARTING SUBJECTS         35 TO       67 ON WORKER1: OK
 STARTING SUBJECTS         68 TO      100 ON WORKER2: OK
 COLLECTING SUBJECTS        1 TO       34 ON MANAGER
 COLLECTING SUBJECTS       35 TO       67 ON WORKER1
 COLLECTING SUBJECTS       68 TO      100 ON WORKER2
 Tot. mngr. proc.   Time for this  Iteration  (DDD:HH:MM:SS.DD) 000:00:00:00.00
 Total Load         Time for this  Iteration  (DDD:HH:MM:SS.DD) 000:00:00:00.00
 Total Computation  Time for this  Iteration  (DDD:HH:MM:SS.DD) 000:00:00:00.06
 Accum. mngr. proc. Time among all Iterations (DDD:HH:MM:SS.DD) 000:00:00:01.80
 Accumulated Load   Time among all Iterations (DDD:HH:MM:SS.DD) 000:00:00:00.28
 Accumulated Comp.  Time among all Iterations (DDD:HH:MM:SS.DD) 000:00:02:34.14
 Accumulated CPU    Time of present job       (DDD:HH:MM:SS.DD) 000:00:00:00.00
 
 ITERATION          231
 STARTING SUBJECTS          1 TO       33 ON MANAGER: OK
 STARTING SUBJECTS         34 TO       67 ON WORKER1: OK
 STARTING SUBJECTS         68 TO      100 ON WORKER2: OK
 COLLECTING SUBJECTS        1 TO       33 ON MANAGER
 COLLECTING SUBJECTS       68 TO      100 ON WORKER2
 COLLECTING SUBJECTS       34 TO       67 ON WORKER1
 Tot. mngr. proc.   Time for this  Iteration  (DDD:HH:MM:SS.DD) 000:00:00:00.00
 Total Load         Time for this  Iteration  (DDD:HH:MM:SS.DD) 000:00:00:00.00
 Total Computation  Time for this  Iteration  (DDD:HH:MM:SS.DD) 000:00:00:00.05
 Accum. mngr. proc. Time among all Iterations (DDD:HH:MM:SS.DD) 000:00:00:01.80
 Accumulated Load   Time among all Iterations (DDD:HH:MM:SS.DD) 000:00:00:00.28
 Accumulated Comp.  Time among all Iterations (DDD:HH:MM:SS.DD) 000:00:02:34.19
 Accumulated CPU    Time of present job       (DDD:HH:MM:SS.DD) 000:00:00:00.00
 
 ITERATION          232
 STARTING SUBJECTS          1 TO       34 ON MANAGER: OK
 STARTING SUBJECTS         35 TO       67 ON WORKER1: OK
 STARTING SUBJECTS         68 TO      100 ON WORKER2: OK
 COLLECTING SUBJECTS        1 TO       34 ON MANAGER
 COLLECTING SUBJECTS       68 TO      100 ON WORKER2
 COLLECTING SUBJECTS       35 TO       67 ON WORKER1
 Tot. mngr. proc.   Time for this  Iteration  (DDD:HH:MM:SS.DD) 000:00:00:00.00
 Total Load         Time for this  Iteration  (DDD:HH:MM:SS.DD) 000:00:00:00.00
 Total Computation  Time for this  Iteration  (DDD:HH:MM:SS.DD) 000:00:00:00.05
 Accum. mngr. proc. Time among all Iterations (DDD:HH:MM:SS.DD) 000:00:00:01.80
 Accumulated Load   Time among all Iterations (DDD:HH:MM:SS.DD) 000:00:00:00.28
 Accumulated Comp.  Time among all Iterations (DDD:HH:MM:SS.DD) 000:00:02:34.24
 Accumulated CPU    Time of present job       (DDD:HH:MM:SS.DD) 000:00:00:00.00
 
 ITERATION          233
 STARTING SUBJECTS          1 TO       34 ON MANAGER: OK
 STARTING SUBJECTS         35 TO       67 ON WORKER1: OK
 STARTING SUBJECTS         68 TO      100 ON WORKER2: OK
 COLLECTING SUBJECTS        1 TO       34 ON MANAGER
 COLLECTING SUBJECTS       35 TO       67 ON WORKER1
 COLLECTING SUBJECTS       68 TO      100 ON WORKER2
 Tot. mngr. proc.   Time for this  Iteration  (DDD:HH:MM:SS.DD) 000:00:00:00.00
 Total Load         Time for this  Iteration  (DDD:HH:MM:SS.DD) 000:00:00:00.00
 Total Computation  Time for this  Iteration  (DDD:HH:MM:SS.DD) 000:00:00:00.05
 Accum. mngr. proc. Time among all Iterations (DDD:HH:MM:SS.DD) 000:00:00:01.80
 Accumulated Load   Time among all Iterations (DDD:HH:MM:SS.DD) 000:00:00:00.28
 Accumulated Comp.  Time among all Iterations (DDD:HH:MM:SS.DD) 000:00:02:34.28
 Accumulated CPU    Time of present job       (DDD:HH:MM:SS.DD) 000:00:00:00.00
 
 ITERATION          234
 STARTING SUBJECTS          1 TO       34 ON MANAGER: OK
 STARTING SUBJECTS         35 TO       67 ON WORKER1: OK
 STARTING SUBJECTS         68 TO      100 ON WORKER2: OK
 COLLECTING SUBJECTS        1 TO       34 ON MANAGER
 COLLECTING SUBJECTS       35 TO       67 ON WORKER1
 COLLECTING SUBJECTS       68 TO      100 ON WORKER2
 Tot. mngr. proc.   Time for this  Iteration  (DDD:HH:MM:SS.DD) 000:00:00:00.00
 Total Load         Time for this  Iteration  (DDD:HH:MM:SS.DD) 000:00:00:00.00
 Total Computation  Time for this  Iteration  (DDD:HH:MM:SS.DD) 000:00:00:00.03
 Accum. mngr. proc. Time among all Iterations (DDD:HH:MM:SS.DD) 000:00:00:01.80
 Accumulated Load   Time among all Iterations (DDD:HH:MM:SS.DD) 000:00:00:00.28
 Accumulated Comp.  Time among all Iterations (DDD:HH:MM:SS.DD) 000:00:02:34.31
 Accumulated CPU    Time of present job       (DDD:HH:MM:SS.DD) 000:00:00:00.00
 
 ITERATION          235
 STARTING SUBJECTS          1 TO       34 ON MANAGER: OK
 STARTING SUBJECTS         35 TO       67 ON WORKER1: OK
 STARTING SUBJECTS         68 TO      100 ON WORKER2: OK
 COLLECTING SUBJECTS        1 TO       34 ON MANAGER
 COLLECTING SUBJECTS       68 TO      100 ON WORKER2
 COLLECTING SUBJECTS       35 TO       67 ON WORKER1
 Tot. mngr. proc.   Time for this  Iteration  (DDD:HH:MM:SS.DD) 000:00:00:00.02
 Total Load         Time for this  Iteration  (DDD:HH:MM:SS.DD) 000:00:00:00.00
 Total Computation  Time for this  Iteration  (DDD:HH:MM:SS.DD) 000:00:00:00.05
 Accum. mngr. proc. Time among all Iterations (DDD:HH:MM:SS.DD) 000:00:00:01.81
 Accumulated Load   Time among all Iterations (DDD:HH:MM:SS.DD) 000:00:00:00.28
 Accumulated Comp.  Time among all Iterations (DDD:HH:MM:SS.DD) 000:00:02:34.36
 Accumulated CPU    Time of present job       (DDD:HH:MM:SS.DD) 000:00:00:00.00
 
 ITERATION          236
 STARTING SUBJECTS          1 TO       34 ON MANAGER: OK
 STARTING SUBJECTS         35 TO       67 ON WORKER1: OK
 STARTING SUBJECTS         68 TO      100 ON WORKER2: OK
 COLLECTING SUBJECTS        1 TO       34 ON MANAGER
 COLLECTING SUBJECTS       35 TO       67 ON WORKER1
 COLLECTING SUBJECTS       68 TO      100 ON WORKER2
 Tot. mngr. proc.   Time for this  Iteration  (DDD:HH:MM:SS.DD) 000:00:00:00.00
 Total Load         Time for this  Iteration  (DDD:HH:MM:SS.DD) 000:00:00:00.00
 Total Computation  Time for this  Iteration  (DDD:HH:MM:SS.DD) 000:00:00:00.03
 Accum. mngr. proc. Time among all Iterations (DDD:HH:MM:SS.DD) 000:00:00:01.81
 Accumulated Load   Time among all Iterations (DDD:HH:MM:SS.DD) 000:00:00:00.28
 Accumulated Comp.  Time among all Iterations (DDD:HH:MM:SS.DD) 000:00:02:34.39
 Accumulated CPU    Time of present job       (DDD:HH:MM:SS.DD) 000:00:00:00.00
 
 ITERATION          237
 STARTING SUBJECTS          1 TO       34 ON MANAGER: OK
 STARTING SUBJECTS         35 TO       67 ON WORKER1: OK
 STARTING SUBJECTS         68 TO      100 ON WORKER2: OK
 COLLECTING SUBJECTS        1 TO       34 ON MANAGER
 COLLECTING SUBJECTS       68 TO      100 ON WORKER2
 COLLECTING SUBJECTS       35 TO       67 ON WORKER1
 Tot. mngr. proc.   Time for this  Iteration  (DDD:HH:MM:SS.DD) 000:00:00:00.00
 Total Load         Time for this  Iteration  (DDD:HH:MM:SS.DD) 000:00:00:00.00
 Total Computation  Time for this  Iteration  (DDD:HH:MM:SS.DD) 000:00:00:00.05
 Accum. mngr. proc. Time among all Iterations (DDD:HH:MM:SS.DD) 000:00:00:01.81
 Accumulated Load   Time among all Iterations (DDD:HH:MM:SS.DD) 000:00:00:00.28
 Accumulated Comp.  Time among all Iterations (DDD:HH:MM:SS.DD) 000:00:02:34.44
 Accumulated CPU    Time of present job       (DDD:HH:MM:SS.DD) 000:00:00:00.00
 
 ITERATION          238
 STARTING SUBJECTS          1 TO       34 ON MANAGER: OK
 STARTING SUBJECTS         35 TO       67 ON WORKER1: OK
 STARTING SUBJECTS         68 TO      100 ON WORKER2: OK
 COLLECTING SUBJECTS        1 TO       34 ON MANAGER
 COLLECTING SUBJECTS       68 TO      100 ON WORKER2
 COLLECTING SUBJECTS       35 TO       67 ON WORKER1
 Tot. mngr. proc.   Time for this  Iteration  (DDD:HH:MM:SS.DD) 000:00:00:00.00
 Total Load         Time for this  Iteration  (DDD:HH:MM:SS.DD) 000:00:00:00.00
 Total Computation  Time for this  Iteration  (DDD:HH:MM:SS.DD) 000:00:00:00.05
 Accum. mngr. proc. Time among all Iterations (DDD:HH:MM:SS.DD) 000:00:00:01.81
 Accumulated Load   Time among all Iterations (DDD:HH:MM:SS.DD) 000:00:00:00.28
 Accumulated Comp.  Time among all Iterations (DDD:HH:MM:SS.DD) 000:00:02:34.49
 Accumulated CPU    Time of present job       (DDD:HH:MM:SS.DD) 000:00:00:00.00
 
 ITERATION          239
 STARTING SUBJECTS          1 TO       34 ON MANAGER: OK
 STARTING SUBJECTS         35 TO       67 ON WORKER1: OK
 STARTING SUBJECTS         68 TO      100 ON WORKER2: OK
 COLLECTING SUBJECTS        1 TO       34 ON MANAGER
 COLLECTING SUBJECTS       68 TO      100 ON WORKER2
 COLLECTING SUBJECTS       35 TO       67 ON WORKER1
 Tot. mngr. proc.   Time for this  Iteration  (DDD:HH:MM:SS.DD) 000:00:00:00.00
 Total Load         Time for this  Iteration  (DDD:HH:MM:SS.DD) 000:00:00:00.00
 Total Computation  Time for this  Iteration  (DDD:HH:MM:SS.DD) 000:00:00:00.05
 Accum. mngr. proc. Time among all Iterations (DDD:HH:MM:SS.DD) 000:00:00:01.81
 Accumulated Load   Time among all Iterations (DDD:HH:MM:SS.DD) 000:00:00:00.28
 Accumulated Comp.  Time among all Iterations (DDD:HH:MM:SS.DD) 000:00:02:34.53
 Accumulated CPU    Time of present job       (DDD:HH:MM:SS.DD) 000:00:00:00.00
 
 ITERATION          240
 STARTING SUBJECTS          1 TO       34 ON MANAGER: OK
 STARTING SUBJECTS         35 TO       67 ON WORKER1: OK
 STARTING SUBJECTS         68 TO      100 ON WORKER2: OK
 COLLECTING SUBJECTS        1 TO       34 ON MANAGER
 COLLECTING SUBJECTS       68 TO      100 ON WORKER2
 COLLECTING SUBJECTS       35 TO       67 ON WORKER1
 Tot. mngr. proc.   Time for this  Iteration  (DDD:HH:MM:SS.DD) 000:00:00:00.00
 Total Load         Time for this  Iteration  (DDD:HH:MM:SS.DD) 000:00:00:00.00
 Total Computation  Time for this  Iteration  (DDD:HH:MM:SS.DD) 000:00:00:00.05
 Accum. mngr. proc. Time among all Iterations (DDD:HH:MM:SS.DD) 000:00:00:01.81
 Accumulated Load   Time among all Iterations (DDD:HH:MM:SS.DD) 000:00:00:00.28
 Accumulated Comp.  Time among all Iterations (DDD:HH:MM:SS.DD) 000:00:02:34.58
 Accumulated CPU    Time of present job       (DDD:HH:MM:SS.DD) 000:00:00:00.00
 
 ITERATION          241
 STARTING SUBJECTS          1 TO       34 ON MANAGER: OK
 STARTING SUBJECTS         35 TO       67 ON WORKER1: OK
 STARTING SUBJECTS         68 TO      100 ON WORKER2: OK
 COLLECTING SUBJECTS        1 TO       34 ON MANAGER
 COLLECTING SUBJECTS       35 TO       67 ON WORKER1
 COLLECTING SUBJECTS       68 TO      100 ON WORKER2
 Tot. mngr. proc.   Time for this  Iteration  (DDD:HH:MM:SS.DD) 000:00:00:00.02
 Total Load         Time for this  Iteration  (DDD:HH:MM:SS.DD) 000:00:00:00.00
 Total Computation  Time for this  Iteration  (DDD:HH:MM:SS.DD) 000:00:00:00.05
 Accum. mngr. proc. Time among all Iterations (DDD:HH:MM:SS.DD) 000:00:00:01.83
 Accumulated Load   Time among all Iterations (DDD:HH:MM:SS.DD) 000:00:00:00.28
 Accumulated Comp.  Time among all Iterations (DDD:HH:MM:SS.DD) 000:00:02:34.63
 Accumulated CPU    Time of present job       (DDD:HH:MM:SS.DD) 000:00:00:00.00
 
 ITERATION          242
 STARTING SUBJECTS          1 TO       34 ON MANAGER: OK
 STARTING SUBJECTS         35 TO       67 ON WORKER1: OK
 STARTING SUBJECTS         68 TO      100 ON WORKER2: OK
 COLLECTING SUBJECTS        1 TO       34 ON MANAGER
 COLLECTING SUBJECTS       68 TO      100 ON WORKER2
 COLLECTING SUBJECTS       35 TO       67 ON WORKER1
 Tot. mngr. proc.   Time for this  Iteration  (DDD:HH:MM:SS.DD) 000:00:00:00.00
 Total Load         Time for this  Iteration  (DDD:HH:MM:SS.DD) 000:00:00:00.00
 Total Computation  Time for this  Iteration  (DDD:HH:MM:SS.DD) 000:00:00:00.05
 Accum. mngr. proc. Time among all Iterations (DDD:HH:MM:SS.DD) 000:00:00:01.83
 Accumulated Load   Time among all Iterations (DDD:HH:MM:SS.DD) 000:00:00:00.28
 Accumulated Comp.  Time among all Iterations (DDD:HH:MM:SS.DD) 000:00:02:34.67
 Accumulated CPU    Time of present job       (DDD:HH:MM:SS.DD) 000:00:00:00.00
 
 ITERATION          243
 STARTING SUBJECTS          1 TO       34 ON MANAGER: OK
 STARTING SUBJECTS         35 TO       67 ON WORKER1: OK
 STARTING SUBJECTS         68 TO      100 ON WORKER2: OK
 COLLECTING SUBJECTS        1 TO       34 ON MANAGER
 COLLECTING SUBJECTS       68 TO      100 ON WORKER2
 COLLECTING SUBJECTS       35 TO       67 ON WORKER1
 Tot. mngr. proc.   Time for this  Iteration  (DDD:HH:MM:SS.DD) 000:00:00:00.00
 Total Load         Time for this  Iteration  (DDD:HH:MM:SS.DD) 000:00:00:00.00
 Total Computation  Time for this  Iteration  (DDD:HH:MM:SS.DD) 000:00:00:00.05
 Accum. mngr. proc. Time among all Iterations (DDD:HH:MM:SS.DD) 000:00:00:01.83
 Accumulated Load   Time among all Iterations (DDD:HH:MM:SS.DD) 000:00:00:00.28
 Accumulated Comp.  Time among all Iterations (DDD:HH:MM:SS.DD) 000:00:02:34.72
 Accumulated CPU    Time of present job       (DDD:HH:MM:SS.DD) 000:00:00:00.00
 
 ITERATION          244
 STARTING SUBJECTS          1 TO       34 ON MANAGER: OK
 STARTING SUBJECTS         35 TO       67 ON WORKER1: OK
 STARTING SUBJECTS         68 TO      100 ON WORKER2: OK
 COLLECTING SUBJECTS        1 TO       34 ON MANAGER
 COLLECTING SUBJECTS       68 TO      100 ON WORKER2
 COLLECTING SUBJECTS       35 TO       67 ON WORKER1
 Tot. mngr. proc.   Time for this  Iteration  (DDD:HH:MM:SS.DD) 000:00:00:00.00
 Total Load         Time for this  Iteration  (DDD:HH:MM:SS.DD) 000:00:00:00.00
 Total Computation  Time for this  Iteration  (DDD:HH:MM:SS.DD) 000:00:00:00.05
 Accum. mngr. proc. Time among all Iterations (DDD:HH:MM:SS.DD) 000:00:00:01.83
 Accumulated Load   Time among all Iterations (DDD:HH:MM:SS.DD) 000:00:00:00.28
 Accumulated Comp.  Time among all Iterations (DDD:HH:MM:SS.DD) 000:00:02:34.77
 Accumulated CPU    Time of present job       (DDD:HH:MM:SS.DD) 000:00:00:00.00
 
 ITERATION          245
 STARTING SUBJECTS          1 TO       34 ON MANAGER: OK
 STARTING SUBJECTS         35 TO       67 ON WORKER1: OK
 STARTING SUBJECTS         68 TO      100 ON WORKER2: OK
 COLLECTING SUBJECTS        1 TO       34 ON MANAGER
 COLLECTING SUBJECTS       68 TO      100 ON WORKER2
 COLLECTING SUBJECTS       35 TO       67 ON WORKER1
 Tot. mngr. proc.   Time for this  Iteration  (DDD:HH:MM:SS.DD) 000:00:00:00.00
 Total Load         Time for this  Iteration  (DDD:HH:MM:SS.DD) 000:00:00:00.00
 Total Computation  Time for this  Iteration  (DDD:HH:MM:SS.DD) 000:00:00:00.05
 Accum. mngr. proc. Time among all Iterations (DDD:HH:MM:SS.DD) 000:00:00:01.83
 Accumulated Load   Time among all Iterations (DDD:HH:MM:SS.DD) 000:00:00:00.28
 Accumulated Comp.  Time among all Iterations (DDD:HH:MM:SS.DD) 000:00:02:34.81
 Accumulated CPU    Time of present job       (DDD:HH:MM:SS.DD) 000:00:00:00.00
 
 ITERATION          246
 STARTING SUBJECTS          1 TO       34 ON MANAGER: OK
 STARTING SUBJECTS         35 TO       67 ON WORKER1: OK
 STARTING SUBJECTS         68 TO      100 ON WORKER2: OK
 COLLECTING SUBJECTS        1 TO       34 ON MANAGER
 COLLECTING SUBJECTS       68 TO      100 ON WORKER2
 COLLECTING SUBJECTS       35 TO       67 ON WORKER1
 Tot. mngr. proc.   Time for this  Iteration  (DDD:HH:MM:SS.DD) 000:00:00:00.00
 Total Load         Time for this  Iteration  (DDD:HH:MM:SS.DD) 000:00:00:00.00
 Total Computation  Time for this  Iteration  (DDD:HH:MM:SS.DD) 000:00:00:00.05
 Accum. mngr. proc. Time among all Iterations (DDD:HH:MM:SS.DD) 000:00:00:01.83
 Accumulated Load   Time among all Iterations (DDD:HH:MM:SS.DD) 000:00:00:00.28
 Accumulated Comp.  Time among all Iterations (DDD:HH:MM:SS.DD) 000:00:02:34.86
 Accumulated CPU    Time of present job       (DDD:HH:MM:SS.DD) 000:00:00:00.00
 
 ITERATION          247
 STARTING SUBJECTS          1 TO       34 ON MANAGER: OK
 STARTING SUBJECTS         35 TO       67 ON WORKER1: OK
 STARTING SUBJECTS         68 TO      100 ON WORKER2: OK
 COLLECTING SUBJECTS        1 TO       34 ON MANAGER
 COLLECTING SUBJECTS       68 TO      100 ON WORKER2
 COLLECTING SUBJECTS       35 TO       67 ON WORKER1
 Tot. mngr. proc.   Time for this  Iteration  (DDD:HH:MM:SS.DD) 000:00:00:00.00
 Total Load         Time for this  Iteration  (DDD:HH:MM:SS.DD) 000:00:00:00.00
 Total Computation  Time for this  Iteration  (DDD:HH:MM:SS.DD) 000:00:00:00.05
 Accum. mngr. proc. Time among all Iterations (DDD:HH:MM:SS.DD) 000:00:00:01.83
 Accumulated Load   Time among all Iterations (DDD:HH:MM:SS.DD) 000:00:00:00.28
 Accumulated Comp.  Time among all Iterations (DDD:HH:MM:SS.DD) 000:00:02:34.91
 Accumulated CPU    Time of present job       (DDD:HH:MM:SS.DD) 000:00:00:00.00
 
 ITERATION          248
 STARTING SUBJECTS          1 TO       34 ON MANAGER: OK
 STARTING SUBJECTS         35 TO       67 ON WORKER1: OK
 STARTING SUBJECTS         68 TO      100 ON WORKER2: OK
 COLLECTING SUBJECTS        1 TO       34 ON MANAGER
 COLLECTING SUBJECTS       68 TO      100 ON WORKER2
 COLLECTING SUBJECTS       35 TO       67 ON WORKER1
 Tot. mngr. proc.   Time for this  Iteration  (DDD:HH:MM:SS.DD) 000:00:00:00.00
 Total Load         Time for this  Iteration  (DDD:HH:MM:SS.DD) 000:00:00:00.00
 Total Computation  Time for this  Iteration  (DDD:HH:MM:SS.DD) 000:00:00:00.05
 Accum. mngr. proc. Time among all Iterations (DDD:HH:MM:SS.DD) 000:00:00:01.83
 Accumulated Load   Time among all Iterations (DDD:HH:MM:SS.DD) 000:00:00:00.28
 Accumulated Comp.  Time among all Iterations (DDD:HH:MM:SS.DD) 000:00:02:34.96
 Accumulated CPU    Time of present job       (DDD:HH:MM:SS.DD) 000:00:00:00.00
 
 ITERATION          249
 STARTING SUBJECTS          1 TO       34 ON MANAGER: OK
 STARTING SUBJECTS         35 TO       67 ON WORKER1: OK
 STARTING SUBJECTS         68 TO      100 ON WORKER2: OK
 COLLECTING SUBJECTS        1 TO       34 ON MANAGER
 COLLECTING SUBJECTS       35 TO       67 ON WORKER1
 COLLECTING SUBJECTS       68 TO      100 ON WORKER2
 Tot. mngr. proc.   Time for this  Iteration  (DDD:HH:MM:SS.DD) 000:00:00:00.00
 Total Load         Time for this  Iteration  (DDD:HH:MM:SS.DD) 000:00:00:00.00
 Total Computation  Time for this  Iteration  (DDD:HH:MM:SS.DD) 000:00:00:00.05
 Accum. mngr. proc. Time among all Iterations (DDD:HH:MM:SS.DD) 000:00:00:01.83
 Accumulated Load   Time among all Iterations (DDD:HH:MM:SS.DD) 000:00:00:00.28
 Accumulated Comp.  Time among all Iterations (DDD:HH:MM:SS.DD) 000:00:02:35.00
 Accumulated CPU    Time of present job       (DDD:HH:MM:SS.DD) 000:00:00:00.00
 
 ITERATION          250
 STARTING SUBJECTS          1 TO       34 ON MANAGER: OK
 STARTING SUBJECTS         35 TO       67 ON WORKER1: OK
 STARTING SUBJECTS         68 TO      100 ON WORKER2: OK
 COLLECTING SUBJECTS        1 TO       34 ON MANAGER
 COLLECTING SUBJECTS       35 TO       67 ON WORKER1
 COLLECTING SUBJECTS       68 TO      100 ON WORKER2
 Tot. mngr. proc.   Time for this  Iteration  (DDD:HH:MM:SS.DD) 000:00:00:00.02
 Total Load         Time for this  Iteration  (DDD:HH:MM:SS.DD) 000:00:00:00.00
 Total Computation  Time for this  Iteration  (DDD:HH:MM:SS.DD) 000:00:00:00.05
 Accum. mngr. proc. Time among all Iterations (DDD:HH:MM:SS.DD) 000:00:00:01.84
 Accumulated Load   Time among all Iterations (DDD:HH:MM:SS.DD) 000:00:00:00.28
 Accumulated Comp.  Time among all Iterations (DDD:HH:MM:SS.DD) 000:00:02:35.05
 Accumulated CPU    Time of present job       (DDD:HH:MM:SS.DD) 000:00:00:00.00
 
 ITERATION          251
 STARTING SUBJECTS          1 TO       34 ON MANAGER: OK
 STARTING SUBJECTS         35 TO       67 ON WORKER1: OK
 STARTING SUBJECTS         68 TO      100 ON WORKER2: OK
 COLLECTING SUBJECTS        1 TO       34 ON MANAGER
 COLLECTING SUBJECTS       68 TO      100 ON WORKER2
 COLLECTING SUBJECTS       35 TO       67 ON WORKER1
 Tot. mngr. proc.   Time for this  Iteration  (DDD:HH:MM:SS.DD) 000:00:00:00.02
 Total Load         Time for this  Iteration  (DDD:HH:MM:SS.DD) 000:00:00:00.00
 Total Computation  Time for this  Iteration  (DDD:HH:MM:SS.DD) 000:00:00:01.02
 Accum. mngr. proc. Time among all Iterations (DDD:HH:MM:SS.DD) 000:00:00:01.86
 Accumulated Load   Time among all Iterations (DDD:HH:MM:SS.DD) 000:00:00:00.28
 Accumulated Comp.  Time among all Iterations (DDD:HH:MM:SS.DD) 000:00:02:36.07
 Accumulated CPU    Time of present job       (DDD:HH:MM:SS.DD) 000:00:00:00.00
 
 ITERATION          252
 STARTING SUBJECTS          1 TO       34 ON MANAGER: OK
 STARTING SUBJECTS         35 TO       67 ON WORKER1: OK
 STARTING SUBJECTS         68 TO      100 ON WORKER2: OK
 COLLECTING SUBJECTS        1 TO       34 ON MANAGER
 COLLECTING SUBJECTS       35 TO       67 ON WORKER1
 COLLECTING SUBJECTS       68 TO      100 ON WORKER2
 Tot. mngr. proc.   Time for this  Iteration  (DDD:HH:MM:SS.DD) 000:00:00:00.00
 Total Load         Time for this  Iteration  (DDD:HH:MM:SS.DD) 000:00:00:00.00
 Total Computation  Time for this  Iteration  (DDD:HH:MM:SS.DD) 000:00:00:00.03
 Accum. mngr. proc. Time among all Iterations (DDD:HH:MM:SS.DD) 000:00:00:01.86
 Accumulated Load   Time among all Iterations (DDD:HH:MM:SS.DD) 000:00:00:00.28
 Accumulated Comp.  Time among all Iterations (DDD:HH:MM:SS.DD) 000:00:02:36.10
 Accumulated CPU    Time of present job       (DDD:HH:MM:SS.DD) 000:00:00:00.00
 
 ITERATION          253
 STARTING SUBJECTS          1 TO       34 ON MANAGER: OK
 STARTING SUBJECTS         35 TO       67 ON WORKER1: OK
 STARTING SUBJECTS         68 TO      100 ON WORKER2: OK
 COLLECTING SUBJECTS        1 TO       34 ON MANAGER
 COLLECTING SUBJECTS       68 TO      100 ON WORKER2
 COLLECTING SUBJECTS       35 TO       67 ON WORKER1
 Tot. mngr. proc.   Time for this  Iteration  (DDD:HH:MM:SS.DD) 000:00:00:00.00
 Total Load         Time for this  Iteration  (DDD:HH:MM:SS.DD) 000:00:00:00.00
 Total Computation  Time for this  Iteration  (DDD:HH:MM:SS.DD) 000:00:00:00.02
 Accum. mngr. proc. Time among all Iterations (DDD:HH:MM:SS.DD) 000:00:00:01.86
 Accumulated Load   Time among all Iterations (DDD:HH:MM:SS.DD) 000:00:00:00.28
 Accumulated Comp.  Time among all Iterations (DDD:HH:MM:SS.DD) 000:00:02:36.11
 Accumulated CPU    Time of present job       (DDD:HH:MM:SS.DD) 000:00:00:00.00
 
 ITERATION          254
 STARTING SUBJECTS          1 TO       34 ON MANAGER: OK
 STARTING SUBJECTS         35 TO       67 ON WORKER1: OK
 STARTING SUBJECTS         68 TO      100 ON WORKER2: OK
 COLLECTING SUBJECTS        1 TO       34 ON MANAGER
 COLLECTING SUBJECTS       68 TO      100 ON WORKER2
 COLLECTING SUBJECTS       35 TO       67 ON WORKER1
 Tot. mngr. proc.   Time for this  Iteration  (DDD:HH:MM:SS.DD) 000:00:00:00.00
 Total Load         Time for this  Iteration  (DDD:HH:MM:SS.DD) 000:00:00:00.00
 Total Computation  Time for this  Iteration  (DDD:HH:MM:SS.DD) 000:00:00:00.05
 Accum. mngr. proc. Time among all Iterations (DDD:HH:MM:SS.DD) 000:00:00:01.86
 Accumulated Load   Time among all Iterations (DDD:HH:MM:SS.DD) 000:00:00:00.28
 Accumulated Comp.  Time among all Iterations (DDD:HH:MM:SS.DD) 000:00:02:36.16
 Accumulated CPU    Time of present job       (DDD:HH:MM:SS.DD) 000:00:00:00.00
 
 ITERATION          255
 STARTING SUBJECTS          1 TO       34 ON MANAGER: OK
 STARTING SUBJECTS         35 TO       67 ON WORKER1: OK
 STARTING SUBJECTS         68 TO      100 ON WORKER2: OK
 COLLECTING SUBJECTS        1 TO       34 ON MANAGER
 COLLECTING SUBJECTS       68 TO      100 ON WORKER2
 COLLECTING SUBJECTS       35 TO       67 ON WORKER1
 Tot. mngr. proc.   Time for this  Iteration  (DDD:HH:MM:SS.DD) 000:00:00:00.00
 Total Load         Time for this  Iteration  (DDD:HH:MM:SS.DD) 000:00:00:00.00
 Total Computation  Time for this  Iteration  (DDD:HH:MM:SS.DD) 000:00:00:00.03
 Accum. mngr. proc. Time among all Iterations (DDD:HH:MM:SS.DD) 000:00:00:01.86
 Accumulated Load   Time among all Iterations (DDD:HH:MM:SS.DD) 000:00:00:00.28
 Accumulated Comp.  Time among all Iterations (DDD:HH:MM:SS.DD) 000:00:02:36.19
 Accumulated CPU    Time of present job       (DDD:HH:MM:SS.DD) 000:00:00:00.00
 
 ITERATION          256
 STARTING SUBJECTS          1 TO       34 ON MANAGER: OK
 STARTING SUBJECTS         35 TO       67 ON WORKER1: OK
 STARTING SUBJECTS         68 TO      100 ON WORKER2: OK
 COLLECTING SUBJECTS        1 TO       34 ON MANAGER
 COLLECTING SUBJECTS       68 TO      100 ON WORKER2
 COLLECTING SUBJECTS       35 TO       67 ON WORKER1
 Tot. mngr. proc.   Time for this  Iteration  (DDD:HH:MM:SS.DD) 000:00:00:00.00
 Total Load         Time for this  Iteration  (DDD:HH:MM:SS.DD) 000:00:00:00.00
 Total Computation  Time for this  Iteration  (DDD:HH:MM:SS.DD) 000:00:00:00.05
 Accum. mngr. proc. Time among all Iterations (DDD:HH:MM:SS.DD) 000:00:00:01.86
 Accumulated Load   Time among all Iterations (DDD:HH:MM:SS.DD) 000:00:00:00.28
 Accumulated Comp.  Time among all Iterations (DDD:HH:MM:SS.DD) 000:00:02:36.24
 Accumulated CPU    Time of present job       (DDD:HH:MM:SS.DD) 000:00:00:00.00
 
 ITERATION          257
 STARTING SUBJECTS          1 TO       34 ON MANAGER: OK
 STARTING SUBJECTS         35 TO       67 ON WORKER1: OK
 STARTING SUBJECTS         68 TO      100 ON WORKER2: OK
 COLLECTING SUBJECTS        1 TO       34 ON MANAGER
 COLLECTING SUBJECTS       68 TO      100 ON WORKER2
 COLLECTING SUBJECTS       35 TO       67 ON WORKER1
 Tot. mngr. proc.   Time for this  Iteration  (DDD:HH:MM:SS.DD) 000:00:00:00.00
 Total Load         Time for this  Iteration  (DDD:HH:MM:SS.DD) 000:00:00:00.00
 Total Computation  Time for this  Iteration  (DDD:HH:MM:SS.DD) 000:00:00:00.05
 Accum. mngr. proc. Time among all Iterations (DDD:HH:MM:SS.DD) 000:00:00:01.86
 Accumulated Load   Time among all Iterations (DDD:HH:MM:SS.DD) 000:00:00:00.28
 Accumulated Comp.  Time among all Iterations (DDD:HH:MM:SS.DD) 000:00:02:36.28
 Accumulated CPU    Time of present job       (DDD:HH:MM:SS.DD) 000:00:00:00.00
 
 ITERATION          258
 STARTING SUBJECTS          1 TO       34 ON MANAGER: OK
 STARTING SUBJECTS         35 TO       67 ON WORKER1: OK
 STARTING SUBJECTS         68 TO      100 ON WORKER2: OK
 COLLECTING SUBJECTS        1 TO       34 ON MANAGER
 COLLECTING SUBJECTS       68 TO      100 ON WORKER2
 COLLECTING SUBJECTS       35 TO       67 ON WORKER1
 Tot. mngr. proc.   Time for this  Iteration  (DDD:HH:MM:SS.DD) 000:00:00:00.02
 Total Load         Time for this  Iteration  (DDD:HH:MM:SS.DD) 000:00:00:00.00
 Total Computation  Time for this  Iteration  (DDD:HH:MM:SS.DD) 000:00:00:00.05
 Accum. mngr. proc. Time among all Iterations (DDD:HH:MM:SS.DD) 000:00:00:01.88
 Accumulated Load   Time among all Iterations (DDD:HH:MM:SS.DD) 000:00:00:00.28
 Accumulated Comp.  Time among all Iterations (DDD:HH:MM:SS.DD) 000:00:02:36.33
 Accumulated CPU    Time of present job       (DDD:HH:MM:SS.DD) 000:00:00:00.00
 
 ITERATION          259
 STARTING SUBJECTS          1 TO       34 ON MANAGER: OK
 STARTING SUBJECTS         35 TO       67 ON WORKER1: OK
 STARTING SUBJECTS         68 TO      100 ON WORKER2: OK
 COLLECTING SUBJECTS        1 TO       34 ON MANAGER
 COLLECTING SUBJECTS       68 TO      100 ON WORKER2
 COLLECTING SUBJECTS       35 TO       67 ON WORKER1
 Tot. mngr. proc.   Time for this  Iteration  (DDD:HH:MM:SS.DD) 000:00:00:00.02
 Total Load         Time for this  Iteration  (DDD:HH:MM:SS.DD) 000:00:00:00.00
 Total Computation  Time for this  Iteration  (DDD:HH:MM:SS.DD) 000:00:00:01.02
 Accum. mngr. proc. Time among all Iterations (DDD:HH:MM:SS.DD) 000:00:00:01.89
 Accumulated Load   Time among all Iterations (DDD:HH:MM:SS.DD) 000:00:00:00.28
 Accumulated Comp.  Time among all Iterations (DDD:HH:MM:SS.DD) 000:00:02:37.35
 Accumulated CPU    Time of present job       (DDD:HH:MM:SS.DD) 000:00:00:00.00
 
 ITERATION          260
 STARTING SUBJECTS          1 TO       34 ON MANAGER: OK
 STARTING SUBJECTS         35 TO       67 ON WORKER1: OK
 STARTING SUBJECTS         68 TO      100 ON WORKER2: OK
 COLLECTING SUBJECTS        1 TO       34 ON MANAGER
 COLLECTING SUBJECTS       35 TO       67 ON WORKER1
 COLLECTING SUBJECTS       68 TO      100 ON WORKER2
 Tot. mngr. proc.   Time for this  Iteration  (DDD:HH:MM:SS.DD) 000:00:00:00.00
 Total Load         Time for this  Iteration  (DDD:HH:MM:SS.DD) 000:00:00:00.00
 Total Computation  Time for this  Iteration  (DDD:HH:MM:SS.DD) 000:00:00:00.03
 Accum. mngr. proc. Time among all Iterations (DDD:HH:MM:SS.DD) 000:00:00:01.89
 Accumulated Load   Time among all Iterations (DDD:HH:MM:SS.DD) 000:00:00:00.28
 Accumulated Comp.  Time among all Iterations (DDD:HH:MM:SS.DD) 000:00:02:37.38
 Accumulated CPU    Time of present job       (DDD:HH:MM:SS.DD) 000:00:00:00.00
 
 ITERATION          261
 STARTING SUBJECTS          1 TO       34 ON MANAGER: OK
 STARTING SUBJECTS         35 TO       67 ON WORKER1: OK
 STARTING SUBJECTS         68 TO      100 ON WORKER2: OK
 COLLECTING SUBJECTS        1 TO       34 ON MANAGER
 COLLECTING SUBJECTS       35 TO       67 ON WORKER1
 COLLECTING SUBJECTS       68 TO      100 ON WORKER2
 Tot. mngr. proc.   Time for this  Iteration  (DDD:HH:MM:SS.DD) 000:00:00:00.00
 Total Load         Time for this  Iteration  (DDD:HH:MM:SS.DD) 000:00:00:00.00
 Total Computation  Time for this  Iteration  (DDD:HH:MM:SS.DD) 000:00:00:00.05
 Accum. mngr. proc. Time among all Iterations (DDD:HH:MM:SS.DD) 000:00:00:01.89
 Accumulated Load   Time among all Iterations (DDD:HH:MM:SS.DD) 000:00:00:00.28
 Accumulated Comp.  Time among all Iterations (DDD:HH:MM:SS.DD) 000:00:02:37.43
 Accumulated CPU    Time of present job       (DDD:HH:MM:SS.DD) 000:00:00:00.00
 
 ITERATION          262
 STARTING SUBJECTS          1 TO       34 ON MANAGER: OK
 STARTING SUBJECTS         35 TO       67 ON WORKER1: OK
 STARTING SUBJECTS         68 TO      100 ON WORKER2: OK
 COLLECTING SUBJECTS        1 TO       34 ON MANAGER
 COLLECTING SUBJECTS       35 TO       67 ON WORKER1
 COLLECTING SUBJECTS       68 TO      100 ON WORKER2
 Tot. mngr. proc.   Time for this  Iteration  (DDD:HH:MM:SS.DD) 000:00:00:00.00
 Total Load         Time for this  Iteration  (DDD:HH:MM:SS.DD) 000:00:00:00.00
 Total Computation  Time for this  Iteration  (DDD:HH:MM:SS.DD) 000:00:00:00.05
 Accum. mngr. proc. Time among all Iterations (DDD:HH:MM:SS.DD) 000:00:00:01.89
 Accumulated Load   Time among all Iterations (DDD:HH:MM:SS.DD) 000:00:00:00.28
 Accumulated Comp.  Time among all Iterations (DDD:HH:MM:SS.DD) 000:00:02:37.47
 Accumulated CPU    Time of present job       (DDD:HH:MM:SS.DD) 000:00:00:00.00
 
 ITERATION          263
 STARTING SUBJECTS          1 TO       34 ON MANAGER: OK
 STARTING SUBJECTS         35 TO       67 ON WORKER1: OK
 STARTING SUBJECTS         68 TO      100 ON WORKER2: OK
 COLLECTING SUBJECTS        1 TO       34 ON MANAGER
 COLLECTING SUBJECTS       68 TO      100 ON WORKER2
 COLLECTING SUBJECTS       35 TO       67 ON WORKER1
 Tot. mngr. proc.   Time for this  Iteration  (DDD:HH:MM:SS.DD) 000:00:00:00.00
 Total Load         Time for this  Iteration  (DDD:HH:MM:SS.DD) 000:00:00:00.00
 Total Computation  Time for this  Iteration  (DDD:HH:MM:SS.DD) 000:00:00:00.05
 Accum. mngr. proc. Time among all Iterations (DDD:HH:MM:SS.DD) 000:00:00:01.89
 Accumulated Load   Time among all Iterations (DDD:HH:MM:SS.DD) 000:00:00:00.28
 Accumulated Comp.  Time among all Iterations (DDD:HH:MM:SS.DD) 000:00:02:37.52
 Accumulated CPU    Time of present job       (DDD:HH:MM:SS.DD) 000:00:00:00.00
 
 ITERATION          264
 STARTING SUBJECTS          1 TO       34 ON MANAGER: OK
 STARTING SUBJECTS         35 TO       67 ON WORKER1: OK
 STARTING SUBJECTS         68 TO      100 ON WORKER2: OK
 COLLECTING SUBJECTS        1 TO       34 ON MANAGER
 COLLECTING SUBJECTS       68 TO      100 ON WORKER2
 COLLECTING SUBJECTS       35 TO       67 ON WORKER1
 Tot. mngr. proc.   Time for this  Iteration  (DDD:HH:MM:SS.DD) 000:00:00:00.00
 Total Load         Time for this  Iteration  (DDD:HH:MM:SS.DD) 000:00:00:00.00
 Total Computation  Time for this  Iteration  (DDD:HH:MM:SS.DD) 000:00:00:00.05
 Accum. mngr. proc. Time among all Iterations (DDD:HH:MM:SS.DD) 000:00:00:01.89
 Accumulated Load   Time among all Iterations (DDD:HH:MM:SS.DD) 000:00:00:00.28
 Accumulated Comp.  Time among all Iterations (DDD:HH:MM:SS.DD) 000:00:02:37.57
 Accumulated CPU    Time of present job       (DDD:HH:MM:SS.DD) 000:00:00:00.00
 
 ITERATION          265
 STARTING SUBJECTS          1 TO       34 ON MANAGER: OK
 STARTING SUBJECTS         35 TO       67 ON WORKER1: OK
 STARTING SUBJECTS         68 TO      100 ON WORKER2: OK
 COLLECTING SUBJECTS        1 TO       34 ON MANAGER
 COLLECTING SUBJECTS       68 TO      100 ON WORKER2
 COLLECTING SUBJECTS       35 TO       67 ON WORKER1
 Tot. mngr. proc.   Time for this  Iteration  (DDD:HH:MM:SS.DD) 000:00:00:00.00
 Total Load         Time for this  Iteration  (DDD:HH:MM:SS.DD) 000:00:00:00.00
 Total Computation  Time for this  Iteration  (DDD:HH:MM:SS.DD) 000:00:00:00.05
 Accum. mngr. proc. Time among all Iterations (DDD:HH:MM:SS.DD) 000:00:00:01.89
 Accumulated Load   Time among all Iterations (DDD:HH:MM:SS.DD) 000:00:00:00.28
 Accumulated Comp.  Time among all Iterations (DDD:HH:MM:SS.DD) 000:00:02:37.61
 Accumulated CPU    Time of present job       (DDD:HH:MM:SS.DD) 000:00:00:00.00
 
 ITERATION          266
 STARTING SUBJECTS          1 TO       34 ON MANAGER: OK
 STARTING SUBJECTS         35 TO       67 ON WORKER1: OK
 STARTING SUBJECTS         68 TO      100 ON WORKER2: OK
 COLLECTING SUBJECTS        1 TO       34 ON MANAGER
 COLLECTING SUBJECTS       68 TO      100 ON WORKER2
 COLLECTING SUBJECTS       35 TO       67 ON WORKER1
 Tot. mngr. proc.   Time for this  Iteration  (DDD:HH:MM:SS.DD) 000:00:00:00.00
 Total Load         Time for this  Iteration  (DDD:HH:MM:SS.DD) 000:00:00:00.00
 Total Computation  Time for this  Iteration  (DDD:HH:MM:SS.DD) 000:00:00:00.05
 Accum. mngr. proc. Time among all Iterations (DDD:HH:MM:SS.DD) 000:00:00:01.89
 Accumulated Load   Time among all Iterations (DDD:HH:MM:SS.DD) 000:00:00:00.28
 Accumulated Comp.  Time among all Iterations (DDD:HH:MM:SS.DD) 000:00:02:37.66
 Accumulated CPU    Time of present job       (DDD:HH:MM:SS.DD) 000:00:00:00.00
 
 ITERATION          267
 STARTING SUBJECTS          1 TO       34 ON MANAGER: OK
 STARTING SUBJECTS         35 TO       67 ON WORKER1: OK
 STARTING SUBJECTS         68 TO      100 ON WORKER2: OK
 COLLECTING SUBJECTS        1 TO       34 ON MANAGER
 COLLECTING SUBJECTS       35 TO       67 ON WORKER1
 COLLECTING SUBJECTS       68 TO      100 ON WORKER2
 Tot. mngr. proc.   Time for this  Iteration  (DDD:HH:MM:SS.DD) 000:00:00:00.00
 Total Load         Time for this  Iteration  (DDD:HH:MM:SS.DD) 000:00:00:00.00
 Total Computation  Time for this  Iteration  (DDD:HH:MM:SS.DD) 000:00:00:00.05
 Accum. mngr. proc. Time among all Iterations (DDD:HH:MM:SS.DD) 000:00:00:01.89
 Accumulated Load   Time among all Iterations (DDD:HH:MM:SS.DD) 000:00:00:00.28
 Accumulated Comp.  Time among all Iterations (DDD:HH:MM:SS.DD) 000:00:02:37.71
 Accumulated CPU    Time of present job       (DDD:HH:MM:SS.DD) 000:00:00:00.00
 
 ITERATION          268
 STARTING SUBJECTS          1 TO       34 ON MANAGER: OK
 STARTING SUBJECTS         35 TO       67 ON WORKER1: OK
 STARTING SUBJECTS         68 TO      100 ON WORKER2: OK
 COLLECTING SUBJECTS        1 TO       34 ON MANAGER
 COLLECTING SUBJECTS       35 TO       67 ON WORKER1
 COLLECTING SUBJECTS       68 TO      100 ON WORKER2
 Tot. mngr. proc.   Time for this  Iteration  (DDD:HH:MM:SS.DD) 000:00:00:00.02
 Total Load         Time for this  Iteration  (DDD:HH:MM:SS.DD) 000:00:00:00.00
 Total Computation  Time for this  Iteration  (DDD:HH:MM:SS.DD) 000:00:00:00.05
 Accum. mngr. proc. Time among all Iterations (DDD:HH:MM:SS.DD) 000:00:00:01.91
 Accumulated Load   Time among all Iterations (DDD:HH:MM:SS.DD) 000:00:00:00.28
 Accumulated Comp.  Time among all Iterations (DDD:HH:MM:SS.DD) 000:00:02:37.75
 Accumulated CPU    Time of present job       (DDD:HH:MM:SS.DD) 000:00:00:00.00
 
 ITERATION          269
 STARTING SUBJECTS          1 TO       34 ON MANAGER: OK
 STARTING SUBJECTS         35 TO       67 ON WORKER1: OK
 STARTING SUBJECTS         68 TO      100 ON WORKER2: OK
 COLLECTING SUBJECTS        1 TO       34 ON MANAGER
 COLLECTING SUBJECTS       68 TO      100 ON WORKER2
 COLLECTING SUBJECTS       35 TO       67 ON WORKER1
 Tot. mngr. proc.   Time for this  Iteration  (DDD:HH:MM:SS.DD) 000:00:00:00.00
 Total Load         Time for this  Iteration  (DDD:HH:MM:SS.DD) 000:00:00:00.00
 Total Computation  Time for this  Iteration  (DDD:HH:MM:SS.DD) 000:00:00:01.02
 Accum. mngr. proc. Time among all Iterations (DDD:HH:MM:SS.DD) 000:00:00:01.91
 Accumulated Load   Time among all Iterations (DDD:HH:MM:SS.DD) 000:00:00:00.28
 Accumulated Comp.  Time among all Iterations (DDD:HH:MM:SS.DD) 000:00:02:38.77
 Accumulated CPU    Time of present job       (DDD:HH:MM:SS.DD) 000:00:00:00.00
 
 ITERATION          270
 STARTING SUBJECTS          1 TO       34 ON MANAGER: OK
 STARTING SUBJECTS         35 TO       67 ON WORKER1: OK
 STARTING SUBJECTS         68 TO      100 ON WORKER2: OK
 COLLECTING SUBJECTS        1 TO       34 ON MANAGER
 COLLECTING SUBJECTS       68 TO      100 ON WORKER2
 COLLECTING SUBJECTS       35 TO       67 ON WORKER1
 Tot. mngr. proc.   Time for this  Iteration  (DDD:HH:MM:SS.DD) 000:00:00:00.00
 Total Load         Time for this  Iteration  (DDD:HH:MM:SS.DD) 000:00:00:00.00
 Total Computation  Time for this  Iteration  (DDD:HH:MM:SS.DD) 000:00:00:01.02
 Accum. mngr. proc. Time among all Iterations (DDD:HH:MM:SS.DD) 000:00:00:01.91
 Accumulated Load   Time among all Iterations (DDD:HH:MM:SS.DD) 000:00:00:00.28
 Accumulated Comp.  Time among all Iterations (DDD:HH:MM:SS.DD) 000:00:02:39.79
 Accumulated CPU    Time of present job       (DDD:HH:MM:SS.DD) 000:00:00:00.00
 
 ITERATION          271
 STARTING SUBJECTS          1 TO       34 ON MANAGER: OK
 STARTING SUBJECTS         35 TO       67 ON WORKER1: OK
 STARTING SUBJECTS         68 TO      100 ON WORKER2: OK
 COLLECTING SUBJECTS        1 TO       34 ON MANAGER
 COLLECTING SUBJECTS       68 TO      100 ON WORKER2
 COLLECTING SUBJECTS       35 TO       67 ON WORKER1
 Tot. mngr. proc.   Time for this  Iteration  (DDD:HH:MM:SS.DD) 000:00:00:00.02
 Total Load         Time for this  Iteration  (DDD:HH:MM:SS.DD) 000:00:00:00.00
 Total Computation  Time for this  Iteration  (DDD:HH:MM:SS.DD) 000:00:00:00.05
 Accum. mngr. proc. Time among all Iterations (DDD:HH:MM:SS.DD) 000:00:00:01.92
 Accumulated Load   Time among all Iterations (DDD:HH:MM:SS.DD) 000:00:00:00.28
 Accumulated Comp.  Time among all Iterations (DDD:HH:MM:SS.DD) 000:00:02:39.84
 Accumulated CPU    Time of present job       (DDD:HH:MM:SS.DD) 000:00:00:00.00
 
 ITERATION          272
 STARTING SUBJECTS          1 TO       34 ON MANAGER: OK
 STARTING SUBJECTS         35 TO       67 ON WORKER1: OK
 STARTING SUBJECTS         68 TO      100 ON WORKER2: OK
 COLLECTING SUBJECTS        1 TO       34 ON MANAGER
 COLLECTING SUBJECTS       68 TO      100 ON WORKER2
 COLLECTING SUBJECTS       35 TO       67 ON WORKER1
 Tot. mngr. proc.   Time for this  Iteration  (DDD:HH:MM:SS.DD) 000:00:00:00.02
 Total Load         Time for this  Iteration  (DDD:HH:MM:SS.DD) 000:00:00:00.00
 Total Computation  Time for this  Iteration  (DDD:HH:MM:SS.DD) 000:00:00:01.02
 Accum. mngr. proc. Time among all Iterations (DDD:HH:MM:SS.DD) 000:00:00:01.94
 Accumulated Load   Time among all Iterations (DDD:HH:MM:SS.DD) 000:00:00:00.28
 Accumulated Comp.  Time among all Iterations (DDD:HH:MM:SS.DD) 000:00:02:40.85
 Accumulated CPU    Time of present job       (DDD:HH:MM:SS.DD) 000:00:00:00.00
 
 ITERATION          273
 STARTING SUBJECTS          1 TO       34 ON MANAGER: OK
 STARTING SUBJECTS         35 TO       67 ON WORKER1: OK
 STARTING SUBJECTS         68 TO      100 ON WORKER2: OK
 COLLECTING SUBJECTS        1 TO       34 ON MANAGER
 COLLECTING SUBJECTS       68 TO      100 ON WORKER2
 COLLECTING SUBJECTS       35 TO       67 ON WORKER1
 Tot. mngr. proc.   Time for this  Iteration  (DDD:HH:MM:SS.DD) 000:00:00:00.02
 Total Load         Time for this  Iteration  (DDD:HH:MM:SS.DD) 000:00:00:00.00
 Total Computation  Time for this  Iteration  (DDD:HH:MM:SS.DD) 000:00:00:01.02
 Accum. mngr. proc. Time among all Iterations (DDD:HH:MM:SS.DD) 000:00:00:01.95
 Accumulated Load   Time among all Iterations (DDD:HH:MM:SS.DD) 000:00:00:00.28
 Accumulated Comp.  Time among all Iterations (DDD:HH:MM:SS.DD) 000:00:02:41.87
 Accumulated CPU    Time of present job       (DDD:HH:MM:SS.DD) 000:00:00:00.00
 
 ITERATION          274
 STARTING SUBJECTS          1 TO       34 ON MANAGER: OK
 STARTING SUBJECTS         35 TO       67 ON WORKER1: OK
 STARTING SUBJECTS         68 TO      100 ON WORKER2: OK
 COLLECTING SUBJECTS        1 TO       34 ON MANAGER
 COLLECTING SUBJECTS       68 TO      100 ON WORKER2
 COLLECTING SUBJECTS       35 TO       67 ON WORKER1
 Tot. mngr. proc.   Time for this  Iteration  (DDD:HH:MM:SS.DD) 000:00:00:00.02
 Total Load         Time for this  Iteration  (DDD:HH:MM:SS.DD) 000:00:00:00.00
 Total Computation  Time for this  Iteration  (DDD:HH:MM:SS.DD) 000:00:00:01.02
 Accum. mngr. proc. Time among all Iterations (DDD:HH:MM:SS.DD) 000:00:00:01.97
 Accumulated Load   Time among all Iterations (DDD:HH:MM:SS.DD) 000:00:00:00.28
 Accumulated Comp.  Time among all Iterations (DDD:HH:MM:SS.DD) 000:00:02:42.89
 Accumulated CPU    Time of present job       (DDD:HH:MM:SS.DD) 000:00:00:00.00
 
 ITERATION          275
 STARTING SUBJECTS          1 TO       34 ON MANAGER: OK
 STARTING SUBJECTS         35 TO       67 ON WORKER1: OK
 STARTING SUBJECTS         68 TO      100 ON WORKER2: OK
 COLLECTING SUBJECTS        1 TO       34 ON MANAGER
 COLLECTING SUBJECTS       35 TO       67 ON WORKER1
 COLLECTING SUBJECTS       68 TO      100 ON WORKER2
 Tot. mngr. proc.   Time for this  Iteration  (DDD:HH:MM:SS.DD) 000:00:00:00.00
 Total Load         Time for this  Iteration  (DDD:HH:MM:SS.DD) 000:00:00:00.00
 Total Computation  Time for this  Iteration  (DDD:HH:MM:SS.DD) 000:00:00:00.03
 Accum. mngr. proc. Time among all Iterations (DDD:HH:MM:SS.DD) 000:00:00:01.97
 Accumulated Load   Time among all Iterations (DDD:HH:MM:SS.DD) 000:00:00:00.28
 Accumulated Comp.  Time among all Iterations (DDD:HH:MM:SS.DD) 000:00:02:42.92
 Accumulated CPU    Time of present job       (DDD:HH:MM:SS.DD) 000:00:00:00.00
 
 ITERATION          276
 STARTING SUBJECTS          1 TO       34 ON MANAGER: OK
 STARTING SUBJECTS         35 TO       67 ON WORKER1: OK
 STARTING SUBJECTS         68 TO      100 ON WORKER2: OK
 COLLECTING SUBJECTS        1 TO       34 ON MANAGER
 COLLECTING SUBJECTS       68 TO      100 ON WORKER2
 COLLECTING SUBJECTS       35 TO       67 ON WORKER1
 Tot. mngr. proc.   Time for this  Iteration  (DDD:HH:MM:SS.DD) 000:00:00:00.00
 Total Load         Time for this  Iteration  (DDD:HH:MM:SS.DD) 000:00:00:00.00
 Total Computation  Time for this  Iteration  (DDD:HH:MM:SS.DD) 000:00:00:01.01
 Accum. mngr. proc. Time among all Iterations (DDD:HH:MM:SS.DD) 000:00:00:01.97
 Accumulated Load   Time among all Iterations (DDD:HH:MM:SS.DD) 000:00:00:00.28
 Accumulated Comp.  Time among all Iterations (DDD:HH:MM:SS.DD) 000:00:02:43.93
 Accumulated CPU    Time of present job       (DDD:HH:MM:SS.DD) 000:00:00:00.00
 
 ITERATION          277
 STARTING SUBJECTS          1 TO       34 ON MANAGER: OK
 STARTING SUBJECTS         35 TO       67 ON WORKER1: OK
 STARTING SUBJECTS         68 TO      100 ON WORKER2: OK
 COLLECTING SUBJECTS        1 TO       34 ON MANAGER
 COLLECTING SUBJECTS       68 TO      100 ON WORKER2
 COLLECTING SUBJECTS       35 TO       67 ON WORKER1
 Tot. mngr. proc.   Time for this  Iteration  (DDD:HH:MM:SS.DD) 000:00:00:00.00
 Total Load         Time for this  Iteration  (DDD:HH:MM:SS.DD) 000:00:00:00.00
 Total Computation  Time for this  Iteration  (DDD:HH:MM:SS.DD) 000:00:00:00.02
 Accum. mngr. proc. Time among all Iterations (DDD:HH:MM:SS.DD) 000:00:00:01.97
 Accumulated Load   Time among all Iterations (DDD:HH:MM:SS.DD) 000:00:00:00.28
 Accumulated Comp.  Time among all Iterations (DDD:HH:MM:SS.DD) 000:00:02:43.94
 Accumulated CPU    Time of present job       (DDD:HH:MM:SS.DD) 000:00:00:00.00
 
 ITERATION          278
 STARTING SUBJECTS          1 TO       33 ON MANAGER: OK
 STARTING SUBJECTS         34 TO       67 ON WORKER1: OK
 STARTING SUBJECTS         68 TO      100 ON WORKER2: OK
 COLLECTING SUBJECTS        1 TO       33 ON MANAGER
 COLLECTING SUBJECTS       68 TO      100 ON WORKER2
 COLLECTING SUBJECTS       34 TO       67 ON WORKER1
 Tot. mngr. proc.   Time for this  Iteration  (DDD:HH:MM:SS.DD) 000:00:00:00.00
 Total Load         Time for this  Iteration  (DDD:HH:MM:SS.DD) 000:00:00:00.00
 Total Computation  Time for this  Iteration  (DDD:HH:MM:SS.DD) 000:00:00:00.05
 Accum. mngr. proc. Time among all Iterations (DDD:HH:MM:SS.DD) 000:00:00:01.97
 Accumulated Load   Time among all Iterations (DDD:HH:MM:SS.DD) 000:00:00:00.28
 Accumulated Comp.  Time among all Iterations (DDD:HH:MM:SS.DD) 000:00:02:43.99
 Accumulated CPU    Time of present job       (DDD:HH:MM:SS.DD) 000:00:00:00.00
 
 ITERATION          279
 STARTING SUBJECTS          1 TO       34 ON MANAGER: OK
 STARTING SUBJECTS         35 TO       67 ON WORKER1: OK
 STARTING SUBJECTS         68 TO      100 ON WORKER2: OK
 COLLECTING SUBJECTS        1 TO       34 ON MANAGER
 COLLECTING SUBJECTS       68 TO      100 ON WORKER2
 COLLECTING SUBJECTS       35 TO       67 ON WORKER1
 Tot. mngr. proc.   Time for this  Iteration  (DDD:HH:MM:SS.DD) 000:00:00:00.00
 Total Load         Time for this  Iteration  (DDD:HH:MM:SS.DD) 000:00:00:00.00
 Total Computation  Time for this  Iteration  (DDD:HH:MM:SS.DD) 000:00:00:00.05
 Accum. mngr. proc. Time among all Iterations (DDD:HH:MM:SS.DD) 000:00:00:01.97
 Accumulated Load   Time among all Iterations (DDD:HH:MM:SS.DD) 000:00:00:00.28
 Accumulated Comp.  Time among all Iterations (DDD:HH:MM:SS.DD) 000:00:02:44.04
 Accumulated CPU    Time of present job       (DDD:HH:MM:SS.DD) 000:00:00:00.00
 
 ITERATION          280
 STARTING SUBJECTS          1 TO       34 ON MANAGER: OK
 STARTING SUBJECTS         35 TO       67 ON WORKER1: OK
 STARTING SUBJECTS         68 TO      100 ON WORKER2: OK
 COLLECTING SUBJECTS        1 TO       34 ON MANAGER
 COLLECTING SUBJECTS       68 TO      100 ON WORKER2
 COLLECTING SUBJECTS       35 TO       67 ON WORKER1
 Tot. mngr. proc.   Time for this  Iteration  (DDD:HH:MM:SS.DD) 000:00:00:00.00
 Total Load         Time for this  Iteration  (DDD:HH:MM:SS.DD) 000:00:00:00.00
 Total Computation  Time for this  Iteration  (DDD:HH:MM:SS.DD) 000:00:00:00.02
 Accum. mngr. proc. Time among all Iterations (DDD:HH:MM:SS.DD) 000:00:00:01.97
 Accumulated Load   Time among all Iterations (DDD:HH:MM:SS.DD) 000:00:00:00.28
 Accumulated Comp.  Time among all Iterations (DDD:HH:MM:SS.DD) 000:00:02:44.05
 Accumulated CPU    Time of present job       (DDD:HH:MM:SS.DD) 000:00:00:00.00
 
 ITERATION          281
 STARTING SUBJECTS          1 TO       34 ON MANAGER: OK
 STARTING SUBJECTS         35 TO       67 ON WORKER1: OK
 STARTING SUBJECTS         68 TO      100 ON WORKER2: OK
 COLLECTING SUBJECTS        1 TO       34 ON MANAGER
 COLLECTING SUBJECTS       35 TO       67 ON WORKER1
 COLLECTING SUBJECTS       68 TO      100 ON WORKER2
 Tot. mngr. proc.   Time for this  Iteration  (DDD:HH:MM:SS.DD) 000:00:00:00.00
 Total Load         Time for this  Iteration  (DDD:HH:MM:SS.DD) 000:00:00:00.00
 Total Computation  Time for this  Iteration  (DDD:HH:MM:SS.DD) 000:00:00:00.05
 Accum. mngr. proc. Time among all Iterations (DDD:HH:MM:SS.DD) 000:00:00:01.97
 Accumulated Load   Time among all Iterations (DDD:HH:MM:SS.DD) 000:00:00:00.28
 Accumulated Comp.  Time among all Iterations (DDD:HH:MM:SS.DD) 000:00:02:44.10
 Accumulated CPU    Time of present job       (DDD:HH:MM:SS.DD) 000:00:00:00.00
 
 ITERATION          282
 STARTING SUBJECTS          1 TO       34 ON MANAGER: OK
 STARTING SUBJECTS         35 TO       67 ON WORKER1: OK
 STARTING SUBJECTS         68 TO      100 ON WORKER2: OK
 COLLECTING SUBJECTS        1 TO       34 ON MANAGER
 COLLECTING SUBJECTS       35 TO       67 ON WORKER1
 COLLECTING SUBJECTS       68 TO      100 ON WORKER2
 Tot. mngr. proc.   Time for this  Iteration  (DDD:HH:MM:SS.DD) 000:00:00:00.00
 Total Load         Time for this  Iteration  (DDD:HH:MM:SS.DD) 000:00:00:00.00
 Total Computation  Time for this  Iteration  (DDD:HH:MM:SS.DD) 000:00:00:00.05
 Accum. mngr. proc. Time among all Iterations (DDD:HH:MM:SS.DD) 000:00:00:01.97
 Accumulated Load   Time among all Iterations (DDD:HH:MM:SS.DD) 000:00:00:00.28
 Accumulated Comp.  Time among all Iterations (DDD:HH:MM:SS.DD) 000:00:02:44.15
 Accumulated CPU    Time of present job       (DDD:HH:MM:SS.DD) 000:00:00:00.00
 
 ITERATION          283
 STARTING SUBJECTS          1 TO       34 ON MANAGER: OK
 STARTING SUBJECTS         35 TO       67 ON WORKER1: OK
 STARTING SUBJECTS         68 TO      100 ON WORKER2: OK
 COLLECTING SUBJECTS        1 TO       34 ON MANAGER
 COLLECTING SUBJECTS       68 TO      100 ON WORKER2
 COLLECTING SUBJECTS       35 TO       67 ON WORKER1
 Tot. mngr. proc.   Time for this  Iteration  (DDD:HH:MM:SS.DD) 000:00:00:00.00
 Total Load         Time for this  Iteration  (DDD:HH:MM:SS.DD) 000:00:00:00.00
 Total Computation  Time for this  Iteration  (DDD:HH:MM:SS.DD) 000:00:00:00.03
 Accum. mngr. proc. Time among all Iterations (DDD:HH:MM:SS.DD) 000:00:00:01.97
 Accumulated Load   Time among all Iterations (DDD:HH:MM:SS.DD) 000:00:00:00.28
 Accumulated Comp.  Time among all Iterations (DDD:HH:MM:SS.DD) 000:00:02:44.18
 Accumulated CPU    Time of present job       (DDD:HH:MM:SS.DD) 000:00:00:00.00
 
 ITERATION          284
 STARTING SUBJECTS          1 TO       34 ON MANAGER: OK
 STARTING SUBJECTS         35 TO       67 ON WORKER1: OK
 STARTING SUBJECTS         68 TO      100 ON WORKER2: OK
 COLLECTING SUBJECTS        1 TO       34 ON MANAGER
 COLLECTING SUBJECTS       68 TO      100 ON WORKER2
 COLLECTING SUBJECTS       35 TO       67 ON WORKER1
 Tot. mngr. proc.   Time for this  Iteration  (DDD:HH:MM:SS.DD) 000:00:00:00.00
 Total Load         Time for this  Iteration  (DDD:HH:MM:SS.DD) 000:00:00:00.00
 Total Computation  Time for this  Iteration  (DDD:HH:MM:SS.DD) 000:00:00:00.03
 Accum. mngr. proc. Time among all Iterations (DDD:HH:MM:SS.DD) 000:00:00:01.97
 Accumulated Load   Time among all Iterations (DDD:HH:MM:SS.DD) 000:00:00:00.28
 Accumulated Comp.  Time among all Iterations (DDD:HH:MM:SS.DD) 000:00:02:44.21
 Accumulated CPU    Time of present job       (DDD:HH:MM:SS.DD) 000:00:00:00.00
 
 ITERATION          285
 STARTING SUBJECTS          1 TO       34 ON MANAGER: OK
 STARTING SUBJECTS         35 TO       67 ON WORKER1: OK
 STARTING SUBJECTS         68 TO      100 ON WORKER2: OK
 COLLECTING SUBJECTS        1 TO       34 ON MANAGER
 COLLECTING SUBJECTS       68 TO      100 ON WORKER2
 COLLECTING SUBJECTS       35 TO       67 ON WORKER1
 Tot. mngr. proc.   Time for this  Iteration  (DDD:HH:MM:SS.DD) 000:00:00:00.00
 Total Load         Time for this  Iteration  (DDD:HH:MM:SS.DD) 000:00:00:00.00
 Total Computation  Time for this  Iteration  (DDD:HH:MM:SS.DD) 000:00:00:00.03
 Accum. mngr. proc. Time among all Iterations (DDD:HH:MM:SS.DD) 000:00:00:01.97
 Accumulated Load   Time among all Iterations (DDD:HH:MM:SS.DD) 000:00:00:00.28
 Accumulated Comp.  Time among all Iterations (DDD:HH:MM:SS.DD) 000:00:02:44.24
 Accumulated CPU    Time of present job       (DDD:HH:MM:SS.DD) 000:00:00:00.00
 
 ITERATION          286
 STARTING SUBJECTS          1 TO       34 ON MANAGER: OK
 STARTING SUBJECTS         35 TO       67 ON WORKER1: OK
 STARTING SUBJECTS         68 TO      100 ON WORKER2: OK
 COLLECTING SUBJECTS        1 TO       34 ON MANAGER
 COLLECTING SUBJECTS       68 TO      100 ON WORKER2
 COLLECTING SUBJECTS       35 TO       67 ON WORKER1
 Tot. mngr. proc.   Time for this  Iteration  (DDD:HH:MM:SS.DD) 000:00:00:00.00
 Total Load         Time for this  Iteration  (DDD:HH:MM:SS.DD) 000:00:00:00.00
 Total Computation  Time for this  Iteration  (DDD:HH:MM:SS.DD) 000:00:00:00.03
 Accum. mngr. proc. Time among all Iterations (DDD:HH:MM:SS.DD) 000:00:00:01.97
 Accumulated Load   Time among all Iterations (DDD:HH:MM:SS.DD) 000:00:00:00.28
 Accumulated Comp.  Time among all Iterations (DDD:HH:MM:SS.DD) 000:00:02:44.27
 Accumulated CPU    Time of present job       (DDD:HH:MM:SS.DD) 000:00:00:00.00
 
 ITERATION          287
 STARTING SUBJECTS          1 TO       34 ON MANAGER: OK
 STARTING SUBJECTS         35 TO       67 ON WORKER1: OK
 STARTING SUBJECTS         68 TO      100 ON WORKER2: OK
 COLLECTING SUBJECTS        1 TO       34 ON MANAGER
 COLLECTING SUBJECTS       68 TO      100 ON WORKER2
 COLLECTING SUBJECTS       35 TO       67 ON WORKER1
 Tot. mngr. proc.   Time for this  Iteration  (DDD:HH:MM:SS.DD) 000:00:00:00.00
 Total Load         Time for this  Iteration  (DDD:HH:MM:SS.DD) 000:00:00:00.00
 Total Computation  Time for this  Iteration  (DDD:HH:MM:SS.DD) 000:00:00:00.02
 Accum. mngr. proc. Time among all Iterations (DDD:HH:MM:SS.DD) 000:00:00:01.97
 Accumulated Load   Time among all Iterations (DDD:HH:MM:SS.DD) 000:00:00:00.28
 Accumulated Comp.  Time among all Iterations (DDD:HH:MM:SS.DD) 000:00:02:44.29
 Accumulated CPU    Time of present job       (DDD:HH:MM:SS.DD) 000:00:00:00.00
 
 ITERATION          288
 STARTING SUBJECTS          1 TO       33 ON MANAGER: OK
 STARTING SUBJECTS         34 TO       67 ON WORKER1: OK
 STARTING SUBJECTS         68 TO      100 ON WORKER2: OK
 COLLECTING SUBJECTS        1 TO       33 ON MANAGER
 COLLECTING SUBJECTS       68 TO      100 ON WORKER2
 COLLECTING SUBJECTS       34 TO       67 ON WORKER1
 Tot. mngr. proc.   Time for this  Iteration  (DDD:HH:MM:SS.DD) 000:00:00:00.00
 Total Load         Time for this  Iteration  (DDD:HH:MM:SS.DD) 000:00:00:00.00
 Total Computation  Time for this  Iteration  (DDD:HH:MM:SS.DD) 000:00:00:01.01
 Accum. mngr. proc. Time among all Iterations (DDD:HH:MM:SS.DD) 000:00:00:01.97
 Accumulated Load   Time among all Iterations (DDD:HH:MM:SS.DD) 000:00:00:00.28
 Accumulated Comp.  Time among all Iterations (DDD:HH:MM:SS.DD) 000:00:02:45.29
 Accumulated CPU    Time of present job       (DDD:HH:MM:SS.DD) 000:00:00:00.00
 
 ITERATION          289
 STARTING SUBJECTS          1 TO       33 ON MANAGER: OK
 STARTING SUBJECTS         34 TO       67 ON WORKER1: OK
 STARTING SUBJECTS         68 TO      100 ON WORKER2: OK
 COLLECTING SUBJECTS        1 TO       33 ON MANAGER
 COLLECTING SUBJECTS       68 TO      100 ON WORKER2
 COLLECTING SUBJECTS       34 TO       67 ON WORKER1
 Tot. mngr. proc.   Time for this  Iteration  (DDD:HH:MM:SS.DD) 000:00:00:00.00
 Total Load         Time for this  Iteration  (DDD:HH:MM:SS.DD) 000:00:00:00.00
 Total Computation  Time for this  Iteration  (DDD:HH:MM:SS.DD) 000:00:00:00.05
 Accum. mngr. proc. Time among all Iterations (DDD:HH:MM:SS.DD) 000:00:00:01.97
 Accumulated Load   Time among all Iterations (DDD:HH:MM:SS.DD) 000:00:00:00.28
 Accumulated Comp.  Time among all Iterations (DDD:HH:MM:SS.DD) 000:00:02:45.34
 Accumulated CPU    Time of present job       (DDD:HH:MM:SS.DD) 000:00:00:00.00
 
 ITERATION          290
 STARTING SUBJECTS          1 TO       34 ON MANAGER: OK
 STARTING SUBJECTS         35 TO       67 ON WORKER1: OK
 STARTING SUBJECTS         68 TO      100 ON WORKER2: OK
 COLLECTING SUBJECTS        1 TO       34 ON MANAGER
 COLLECTING SUBJECTS       68 TO      100 ON WORKER2
 COLLECTING SUBJECTS       35 TO       67 ON WORKER1
 Tot. mngr. proc.   Time for this  Iteration  (DDD:HH:MM:SS.DD) 000:00:00:00.00
 Total Load         Time for this  Iteration  (DDD:HH:MM:SS.DD) 000:00:00:00.00
 Total Computation  Time for this  Iteration  (DDD:HH:MM:SS.DD) 000:00:00:00.02
 Accum. mngr. proc. Time among all Iterations (DDD:HH:MM:SS.DD) 000:00:00:01.97
 Accumulated Load   Time among all Iterations (DDD:HH:MM:SS.DD) 000:00:00:00.28
 Accumulated Comp.  Time among all Iterations (DDD:HH:MM:SS.DD) 000:00:02:45.36
 Accumulated CPU    Time of present job       (DDD:HH:MM:SS.DD) 000:00:00:00.00
 
 ITERATION          291
 STARTING SUBJECTS          1 TO       33 ON MANAGER: OK
 STARTING SUBJECTS         34 TO       67 ON WORKER1: OK
 STARTING SUBJECTS         68 TO      100 ON WORKER2: OK
 COLLECTING SUBJECTS        1 TO       33 ON MANAGER
 COLLECTING SUBJECTS       68 TO      100 ON WORKER2
 COLLECTING SUBJECTS       34 TO       67 ON WORKER1
 Tot. mngr. proc.   Time for this  Iteration  (DDD:HH:MM:SS.DD) 000:00:00:00.00
 Total Load         Time for this  Iteration  (DDD:HH:MM:SS.DD) 000:00:00:00.00
 Total Computation  Time for this  Iteration  (DDD:HH:MM:SS.DD) 000:00:00:01.01
 Accum. mngr. proc. Time among all Iterations (DDD:HH:MM:SS.DD) 000:00:00:01.97
 Accumulated Load   Time among all Iterations (DDD:HH:MM:SS.DD) 000:00:00:00.28
 Accumulated Comp.  Time among all Iterations (DDD:HH:MM:SS.DD) 000:00:02:46.36
 Accumulated CPU    Time of present job       (DDD:HH:MM:SS.DD) 000:00:00:00.00
 
 ITERATION          292
 STARTING SUBJECTS          1 TO       33 ON MANAGER: OK
 STARTING SUBJECTS         34 TO       67 ON WORKER1: OK
 STARTING SUBJECTS         68 TO      100 ON WORKER2: OK
 COLLECTING SUBJECTS        1 TO       33 ON MANAGER
 COLLECTING SUBJECTS       68 TO      100 ON WORKER2
 COLLECTING SUBJECTS       34 TO       67 ON WORKER1
 Tot. mngr. proc.   Time for this  Iteration  (DDD:HH:MM:SS.DD) 000:00:00:00.00
 Total Load         Time for this  Iteration  (DDD:HH:MM:SS.DD) 000:00:00:00.00
 Total Computation  Time for this  Iteration  (DDD:HH:MM:SS.DD) 000:00:00:00.05
 Accum. mngr. proc. Time among all Iterations (DDD:HH:MM:SS.DD) 000:00:00:01.97
 Accumulated Load   Time among all Iterations (DDD:HH:MM:SS.DD) 000:00:00:00.28
 Accumulated Comp.  Time among all Iterations (DDD:HH:MM:SS.DD) 000:00:02:46.41
 Accumulated CPU    Time of present job       (DDD:HH:MM:SS.DD) 000:00:00:00.00
 
 ITERATION          293
 STARTING SUBJECTS          1 TO       34 ON MANAGER: OK
 STARTING SUBJECTS         35 TO       67 ON WORKER1: OK
 STARTING SUBJECTS         68 TO      100 ON WORKER2: OK
 COLLECTING SUBJECTS        1 TO       34 ON MANAGER
 COLLECTING SUBJECTS       68 TO      100 ON WORKER2
 COLLECTING SUBJECTS       35 TO       67 ON WORKER1
 Tot. mngr. proc.   Time for this  Iteration  (DDD:HH:MM:SS.DD) 000:00:00:00.00
 Total Load         Time for this  Iteration  (DDD:HH:MM:SS.DD) 000:00:00:00.00
 Total Computation  Time for this  Iteration  (DDD:HH:MM:SS.DD) 000:00:00:00.05
 Accum. mngr. proc. Time among all Iterations (DDD:HH:MM:SS.DD) 000:00:00:01.97
 Accumulated Load   Time among all Iterations (DDD:HH:MM:SS.DD) 000:00:00:00.28
 Accumulated Comp.  Time among all Iterations (DDD:HH:MM:SS.DD) 000:00:02:46.46
 Accumulated CPU    Time of present job       (DDD:HH:MM:SS.DD) 000:00:00:00.00
 
 ITERATION          294
 STARTING SUBJECTS          1 TO       34 ON MANAGER: OK
 STARTING SUBJECTS         35 TO       67 ON WORKER1: OK
 STARTING SUBJECTS         68 TO      100 ON WORKER2: OK
 COLLECTING SUBJECTS        1 TO       34 ON MANAGER
 COLLECTING SUBJECTS       68 TO      100 ON WORKER2
 COLLECTING SUBJECTS       35 TO       67 ON WORKER1
 Tot. mngr. proc.   Time for this  Iteration  (DDD:HH:MM:SS.DD) 000:00:00:00.00
 Total Load         Time for this  Iteration  (DDD:HH:MM:SS.DD) 000:00:00:00.00
 Total Computation  Time for this  Iteration  (DDD:HH:MM:SS.DD) 000:00:00:00.05
 Accum. mngr. proc. Time among all Iterations (DDD:HH:MM:SS.DD) 000:00:00:01.97
 Accumulated Load   Time among all Iterations (DDD:HH:MM:SS.DD) 000:00:00:00.28
 Accumulated Comp.  Time among all Iterations (DDD:HH:MM:SS.DD) 000:00:02:46.50
 Accumulated CPU    Time of present job       (DDD:HH:MM:SS.DD) 000:00:00:00.00
 
 ITERATION          295
 STARTING SUBJECTS          1 TO       34 ON MANAGER: OK
 STARTING SUBJECTS         35 TO       67 ON WORKER1: OK
 STARTING SUBJECTS         68 TO      100 ON WORKER2: OK
 COLLECTING SUBJECTS        1 TO       34 ON MANAGER
 COLLECTING SUBJECTS       68 TO      100 ON WORKER2
 COLLECTING SUBJECTS       35 TO       67 ON WORKER1
 Tot. mngr. proc.   Time for this  Iteration  (DDD:HH:MM:SS.DD) 000:00:00:00.00
 Total Load         Time for this  Iteration  (DDD:HH:MM:SS.DD) 000:00:00:00.00
 Total Computation  Time for this  Iteration  (DDD:HH:MM:SS.DD) 000:00:00:00.05
 Accum. mngr. proc. Time among all Iterations (DDD:HH:MM:SS.DD) 000:00:00:01.97
 Accumulated Load   Time among all Iterations (DDD:HH:MM:SS.DD) 000:00:00:00.28
 Accumulated Comp.  Time among all Iterations (DDD:HH:MM:SS.DD) 000:00:02:46.55
 Accumulated CPU    Time of present job       (DDD:HH:MM:SS.DD) 000:00:00:00.00
 
 ITERATION          296
 STARTING SUBJECTS          1 TO       34 ON MANAGER: OK
 STARTING SUBJECTS         35 TO       67 ON WORKER1: OK
 STARTING SUBJECTS         68 TO      100 ON WORKER2: OK
 COLLECTING SUBJECTS        1 TO       34 ON MANAGER
 COLLECTING SUBJECTS       68 TO      100 ON WORKER2
 COLLECTING SUBJECTS       35 TO       67 ON WORKER1
 Tot. mngr. proc.   Time for this  Iteration  (DDD:HH:MM:SS.DD) 000:00:00:00.00
 Total Load         Time for this  Iteration  (DDD:HH:MM:SS.DD) 000:00:00:00.00
 Total Computation  Time for this  Iteration  (DDD:HH:MM:SS.DD) 000:00:00:00.05
 Accum. mngr. proc. Time among all Iterations (DDD:HH:MM:SS.DD) 000:00:00:01.97
 Accumulated Load   Time among all Iterations (DDD:HH:MM:SS.DD) 000:00:00:00.28
 Accumulated Comp.  Time among all Iterations (DDD:HH:MM:SS.DD) 000:00:02:46.60
 Accumulated CPU    Time of present job       (DDD:HH:MM:SS.DD) 000:00:00:00.00
 
 ITERATION          297
 STARTING SUBJECTS          1 TO       34 ON MANAGER: OK
 STARTING SUBJECTS         35 TO       67 ON WORKER1: OK
 STARTING SUBJECTS         68 TO      100 ON WORKER2: OK
 COLLECTING SUBJECTS        1 TO       34 ON MANAGER
 COLLECTING SUBJECTS       68 TO      100 ON WORKER2
 COLLECTING SUBJECTS       35 TO       67 ON WORKER1
 Tot. mngr. proc.   Time for this  Iteration  (DDD:HH:MM:SS.DD) 000:00:00:00.00
 Total Load         Time for this  Iteration  (DDD:HH:MM:SS.DD) 000:00:00:00.00
 Total Computation  Time for this  Iteration  (DDD:HH:MM:SS.DD) 000:00:00:00.05
 Accum. mngr. proc. Time among all Iterations (DDD:HH:MM:SS.DD) 000:00:00:01.97
 Accumulated Load   Time among all Iterations (DDD:HH:MM:SS.DD) 000:00:00:00.28
 Accumulated Comp.  Time among all Iterations (DDD:HH:MM:SS.DD) 000:00:02:46.64
 Accumulated CPU    Time of present job       (DDD:HH:MM:SS.DD) 000:00:00:00.00
 
 ITERATION          298
 STARTING SUBJECTS          1 TO       34 ON MANAGER: OK
 STARTING SUBJECTS         35 TO       67 ON WORKER1: OK
 STARTING SUBJECTS         68 TO      100 ON WORKER2: OK
 COLLECTING SUBJECTS        1 TO       34 ON MANAGER
 COLLECTING SUBJECTS       68 TO      100 ON WORKER2
 COLLECTING SUBJECTS       35 TO       67 ON WORKER1
 Tot. mngr. proc.   Time for this  Iteration  (DDD:HH:MM:SS.DD) 000:00:00:00.00
 Total Load         Time for this  Iteration  (DDD:HH:MM:SS.DD) 000:00:00:00.00
 Total Computation  Time for this  Iteration  (DDD:HH:MM:SS.DD) 000:00:00:00.05
 Accum. mngr. proc. Time among all Iterations (DDD:HH:MM:SS.DD) 000:00:00:01.97
 Accumulated Load   Time among all Iterations (DDD:HH:MM:SS.DD) 000:00:00:00.28
 Accumulated Comp.  Time among all Iterations (DDD:HH:MM:SS.DD) 000:00:02:46.69
 Accumulated CPU    Time of present job       (DDD:HH:MM:SS.DD) 000:00:00:00.00
 
 ITERATION          299
 STARTING SUBJECTS          1 TO       34 ON MANAGER: OK
 STARTING SUBJECTS         35 TO       67 ON WORKER1: OK
 STARTING SUBJECTS         68 TO      100 ON WORKER2: OK
 COLLECTING SUBJECTS        1 TO       34 ON MANAGER
 COLLECTING SUBJECTS       68 TO      100 ON WORKER2
 COLLECTING SUBJECTS       35 TO       67 ON WORKER1
 Tot. mngr. proc.   Time for this  Iteration  (DDD:HH:MM:SS.DD) 000:00:00:00.00
 Total Load         Time for this  Iteration  (DDD:HH:MM:SS.DD) 000:00:00:00.00
 Total Computation  Time for this  Iteration  (DDD:HH:MM:SS.DD) 000:00:00:00.05
 Accum. mngr. proc. Time among all Iterations (DDD:HH:MM:SS.DD) 000:00:00:01.97
 Accumulated Load   Time among all Iterations (DDD:HH:MM:SS.DD) 000:00:00:00.28
 Accumulated Comp.  Time among all Iterations (DDD:HH:MM:SS.DD) 000:00:02:46.74
 Accumulated CPU    Time of present job       (DDD:HH:MM:SS.DD) 000:00:00:00.00
 
 ITERATION          300
 STARTING SUBJECTS          1 TO       34 ON MANAGER: OK
 STARTING SUBJECTS         35 TO       67 ON WORKER1: OK
 STARTING SUBJECTS         68 TO      100 ON WORKER2: OK
 COLLECTING SUBJECTS        1 TO       34 ON MANAGER
 COLLECTING SUBJECTS       68 TO      100 ON WORKER2
 COLLECTING SUBJECTS       35 TO       67 ON WORKER1
PARAFILE=C:\Users\bauerr\pdxpop540\parafiles\mpiwini8_awnf.pnm, PROTOCOL=MPI, NODES= 3
TABLE NO.     2: Stochastic Approximation Expectation-Maximization (Expectation Only) (No Prior): Goal Function=FINAL VALUE OF LIKELIHOOD FUNCTION: Problem=1 Subproblem=0 Superproblem1=0 Iteration1=0 Superproblem2=0 Iteration2=0
 ITERATION            0
 STARTING SUBJECTS          1 TO       34 ON MANAGER: OK
 STARTING SUBJECTS         35 TO       67 ON WORKER1: OK
 STARTING SUBJECTS         68 TO      100 ON WORKER2: OK
 COLLECTING SUBJECTS        1 TO       34 ON MANAGER
 COLLECTING SUBJECTS       35 TO       67 ON WORKER1
 COLLECTING SUBJECTS       68 TO      100 ON WORKER2
PARAFILE=C:\Users\bauerr\pdxpop540\parafiles\mpiwini8_awnf.pnm, PROTOCOL=MPI, NODES= 3
TABLE NO.     3: Objective Function Evaluation by Importance Sampling (No Prior): Goal Function=FINAL VALUE OF OBJECTIVE FUNCTION: Problem=1 Subproblem=0 Superproblem1=0 Iteration1=0 Superproblem2=0 Iteration2=0
 ITERATION            0
 STARTING SUBJECTS          1 TO       34 ON MANAGER: OK
 STARTING SUBJECTS         35 TO       67 ON WORKER1: OK
 STARTING SUBJECTS         68 TO      100 ON WORKER2: OK
 COLLECTING SUBJECTS        1 TO       34 ON MANAGER
 COLLECTING SUBJECTS       35 TO       67 ON WORKER1
 COLLECTING SUBJECTS       68 TO      100 ON WORKER2
 Tot. mngr. proc.   Time for this  Iteration  (DDD:HH:MM:SS.DD) 000:00:00:00.00
 Total Load         Time for this  Iteration  (DDD:HH:MM:SS.DD) 000:00:00:00.03
 Total Computation  Time for this  Iteration  (DDD:HH:MM:SS.DD) 000:00:00:01.27
 Accum. mngr. proc. Time among all Iterations (DDD:HH:MM:SS.DD) 000:00:00:00.00
 Accumulated Load   Time among all Iterations (DDD:HH:MM:SS.DD) 000:00:00:00.03
 Accumulated Comp.  Time among all Iterations (DDD:HH:MM:SS.DD) 000:00:00:01.27
 Accumulated CPU    Time of present job       (DDD:HH:MM:SS.DD) 000:00:00:00.00
 
 ITERATION            1
 STARTING SUBJECTS          1 TO       34 ON MANAGER: OK
 STARTING SUBJECTS         35 TO       67 ON WORKER1: OK
 STARTING SUBJECTS         68 TO      100 ON WORKER2: OK
 COLLECTING SUBJECTS        1 TO       34 ON MANAGER
 COLLECTING SUBJECTS       68 TO      100 ON WORKER2
 COLLECTING SUBJECTS       35 TO       67 ON WORKER1
 Tot. mngr. proc.   Time for this  Iteration  (DDD:HH:MM:SS.DD) 000:00:00:00.00
 Total Load         Time for this  Iteration  (DDD:HH:MM:SS.DD) 000:00:00:00.00
 Total Computation  Time for this  Iteration  (DDD:HH:MM:SS.DD) 000:00:00:01.36
 Accum. mngr. proc. Time among all Iterations (DDD:HH:MM:SS.DD) 000:00:00:00.00
 Accumulated Load   Time among all Iterations (DDD:HH:MM:SS.DD) 000:00:00:00.03
 Accumulated Comp.  Time among all Iterations (DDD:HH:MM:SS.DD) 000:00:00:02.62
 Accumulated CPU    Time of present job       (DDD:HH:MM:SS.DD) 000:00:00:00.00
 
 ITERATION            2
 STARTING SUBJECTS          1 TO       35 ON MANAGER: OK
 STARTING SUBJECTS         36 TO       67 ON WORKER1: OK
 STARTING SUBJECTS         68 TO      100 ON WORKER2: OK
 COLLECTING SUBJECTS        1 TO       35 ON MANAGER
 COLLECTING SUBJECTS       36 TO       67 ON WORKER1
 COLLECTING SUBJECTS       68 TO      100 ON WORKER2
 Tot. mngr. proc.   Time for this  Iteration  (DDD:HH:MM:SS.DD) 000:00:00:00.00
 Total Load         Time for this  Iteration  (DDD:HH:MM:SS.DD) 000:00:00:00.00
 Total Computation  Time for this  Iteration  (DDD:HH:MM:SS.DD) 000:00:00:01.34
 Accum. mngr. proc. Time among all Iterations (DDD:HH:MM:SS.DD) 000:00:00:00.00
 Accumulated Load   Time among all Iterations (DDD:HH:MM:SS.DD) 000:00:00:00.03
 Accumulated Comp.  Time among all Iterations (DDD:HH:MM:SS.DD) 000:00:00:03.97
 Accumulated CPU    Time of present job       (DDD:HH:MM:SS.DD) 000:00:00:00.00
 
 ITERATION            3
 STARTING SUBJECTS          1 TO       33 ON MANAGER: OK
 STARTING SUBJECTS         34 TO       68 ON WORKER1: OK
 STARTING SUBJECTS         69 TO      100 ON WORKER2: OK
 COLLECTING SUBJECTS        1 TO       33 ON MANAGER
 COLLECTING SUBJECTS       69 TO      100 ON WORKER2
 COLLECTING SUBJECTS       34 TO       68 ON WORKER1
 Tot. mngr. proc.   Time for this  Iteration  (DDD:HH:MM:SS.DD) 000:00:00:00.00
 Total Load         Time for this  Iteration  (DDD:HH:MM:SS.DD) 000:00:00:00.00
 Total Computation  Time for this  Iteration  (DDD:HH:MM:SS.DD) 000:00:00:01.28
 Accum. mngr. proc. Time among all Iterations (DDD:HH:MM:SS.DD) 000:00:00:00.00
 Accumulated Load   Time among all Iterations (DDD:HH:MM:SS.DD) 000:00:00:00.03
 Accumulated Comp.  Time among all Iterations (DDD:HH:MM:SS.DD) 000:00:00:05.25
 Accumulated CPU    Time of present job       (DDD:HH:MM:SS.DD) 000:00:00:00.00
 
 ITERATION            4
 STARTING SUBJECTS          1 TO       34 ON MANAGER: OK
 STARTING SUBJECTS         35 TO       67 ON WORKER1: OK
 STARTING SUBJECTS         68 TO      100 ON WORKER2: OK
 COLLECTING SUBJECTS        1 TO       34 ON MANAGER
 COLLECTING SUBJECTS       35 TO       67 ON WORKER1
 COLLECTING SUBJECTS       68 TO      100 ON WORKER2
 Tot. mngr. proc.   Time for this  Iteration  (DDD:HH:MM:SS.DD) 000:00:00:00.00
 Total Load         Time for this  Iteration  (DDD:HH:MM:SS.DD) 000:00:00:00.00
 Total Computation  Time for this  Iteration  (DDD:HH:MM:SS.DD) 000:00:00:01.25
 Accum. mngr. proc. Time among all Iterations (DDD:HH:MM:SS.DD) 000:00:00:00.00
 Accumulated Load   Time among all Iterations (DDD:HH:MM:SS.DD) 000:00:00:00.03
 Accumulated Comp.  Time among all Iterations (DDD:HH:MM:SS.DD) 000:00:00:06.50
 Accumulated CPU    Time of present job       (DDD:HH:MM:SS.DD) 000:00:00:00.00
 
 ITERATION            5
 STARTING SUBJECTS          1 TO       35 ON MANAGER: OK
 STARTING SUBJECTS         36 TO       68 ON WORKER1: OK
 STARTING SUBJECTS         69 TO      100 ON WORKER2: OK
 COLLECTING SUBJECTS        1 TO       35 ON MANAGER
 COLLECTING SUBJECTS       69 TO      100 ON WORKER2
 COLLECTING SUBJECTS       36 TO       68 ON WORKER1
PARAFILE=C:\Users\bauerr\pdxpop540\parafiles\mpiwini8_awnf.pnm, PROTOCOL=MPI, NODES= 3
FNLETA STEP : Problem=1 Subproblem=0 Superproblem1=0 Iteration1=0 Superproblem2=0 Iteration2=0
 ITERATION            0
 STARTING SUBJECTS          1 TO       34 ON MANAGER: OK
 STARTING SUBJECTS         35 TO       67 ON WORKER1: OK
 STARTING SUBJECTS         68 TO      100 ON WORKER2: OK
 COLLECTING SUBJECTS        1 TO       34 ON MANAGER
 COLLECTING SUBJECTS       35 TO       67 ON WORKER1
 COLLECTING SUBJECTS       68 TO      100 ON WORKER2
PARAFILE=C:\Users\bauerr\pdxpop540\parafiles\mpiwini8_awnf.pnm, PROTOCOL=MPI, NODES= 3
WRES STEP : Problem=1 Subproblem=0 Superproblem1=0 Iteration1=0 Superproblem2=0 Iteration2=0
